dataset,row_number,mlp_probability,is_canceled
validation,0,0.07858712,0
validation,1,0.54266036,0
validation,2,0.54575133,0
validation,3,0.95216537,0
validation,4,0.055971336,0
validation,5,0.7569469,1
validation,6,0.27464798,0
validation,7,0.0007021778,0
validation,8,0.07467892,0
validation,9,0.00865872,0
validation,10,0.78672194,1
validation,11,0.91178024,1
validation,12,0.0028362481,0
validation,13,0.8759583,0
validation,14,0.00032252356,0
validation,15,0.27113587,0
validation,16,0.09079239,0
validation,17,0.084102266,0
validation,18,0.8443535,0
validation,19,0.95046586,0
validation,20,0.06886344,0
validation,21,0.07279272,0
validation,22,0.10408563,0
validation,23,0.004327674,0
validation,24,0.00030887563,0
validation,25,0.00039231713,0
validation,26,0.15246134,0
validation,27,0.61757684,0
validation,28,0.8227701,1
validation,29,0.17912595,1
validation,30,6.274864e-06,0
validation,31,0.28082442,1
validation,32,0.19727813,0
validation,33,0.4197942,0
validation,34,0.83758813,0
validation,35,0.755209,0
validation,36,0.4652531,0
validation,37,0.2615414,0
validation,38,0.89060885,1
validation,39,0.0019127906,0
validation,40,0.741984,1
validation,41,0.09595919,0
validation,42,0.003381892,0
validation,43,0.8133896,0
validation,44,0.0052538803,0
validation,45,0.8618461,1
validation,46,0.0014571688,0
validation,47,0.02166774,0
validation,48,0.30453014,0
validation,49,0.022601936,0
validation,50,0.35785505,0
validation,51,0.009888639,0
validation,52,5.6114928e-05,0
validation,53,0.6820763,1
validation,54,0.83702374,1
validation,55,0.0003913075,0
validation,56,0.022243654,0
validation,57,0.11067994,0
validation,58,0.12904795,0
validation,59,0.69623953,1
validation,60,0.64628756,1
validation,61,0.0006305472,0
validation,62,0.123001345,0
validation,63,0.28223512,0
validation,64,0.8297926,1
validation,65,0.0022920768,0
validation,66,0.103533916,0
validation,67,0.15971565,1
validation,68,0.02697778,0
validation,69,0.6457344,1
validation,70,0.8402863,0
validation,71,0.0044044913,0
validation,72,0.007850919,0
validation,73,0.6753143,1
validation,74,0.37324992,0
validation,75,0.04614449,0
validation,76,0.84359837,0
validation,77,0.80976814,1
validation,78,0.0078785885,0
validation,79,0.0030715333,0
validation,80,0.76737106,1
validation,81,0.7924974,1
validation,82,0.23103312,0
validation,83,0.7897534,1
validation,84,0.9201118,1
validation,85,0.3050044,1
validation,86,0.7932428,1
validation,87,0.0024294008,0
validation,88,0.00033172488,0
validation,89,0.3051501,0
validation,90,0.01570006,0
validation,91,0.09457825,0
validation,92,0.05402778,0
validation,93,0.7522664,1
validation,94,0.04483647,0
validation,95,0.00046454812,0
validation,96,0.8848502,0
validation,97,0.90510327,1
validation,98,0.6118213,1
validation,99,0.0050036213,0
validation,100,0.000919704,0
validation,101,0.13746144,0
validation,102,0.6353458,0
validation,103,0.6081178,0
validation,104,0.81857765,0
validation,105,0.28002355,0
validation,106,0.8013612,1
validation,107,0.17815067,0
validation,108,0.94656074,1
validation,109,0.8106971,1
validation,110,0.8006009,1
validation,111,0.19951738,0
validation,112,0.3453655,0
validation,113,0.00023390511,0
validation,114,0.65787745,0
validation,115,0.92254317,1
validation,116,0.53953683,1
validation,117,0.50355166,0
validation,118,0.2718521,1
validation,119,1.32243495e-05,0
validation,120,0.0064177075,0
validation,121,0.058890685,0
validation,122,0.761485,1
validation,123,0.5386208,0
validation,124,0.8369132,1
validation,125,0.007541282,0
validation,126,0.50558925,1
validation,127,0.6440633,1
validation,128,0.28248522,0
validation,129,0.09773477,0
validation,130,0.19543552,0
validation,131,0.9488066,1
validation,132,0.9108225,1
validation,133,0.35357302,1
validation,134,0.70412713,1
validation,135,0.20381363,1
validation,136,0.9109295,1
validation,137,0.34128854,0
validation,138,0.0069871135,0
validation,139,0.0133053325,0
validation,140,0.14752655,0
validation,141,0.45261988,1
validation,142,0.7318671,1
validation,143,0.7125196,1
validation,144,0.6823915,0
validation,145,0.6438011,1
validation,146,0.6673423,0
validation,147,0.3962891,0
validation,148,0.027024077,0
validation,149,0.8021469,1
validation,150,0.77926624,1
validation,151,0.67404306,1
validation,152,0.52178454,0
validation,153,0.77877235,1
validation,154,0.7396821,0
validation,155,0.44409764,0
validation,156,0.7354046,1
validation,157,0.26301792,0
validation,158,0.81499505,1
validation,159,0.6818701,0
validation,160,0.6888907,1
validation,161,0.3672293,1
validation,162,0.7585237,1
validation,163,0.103870265,0
validation,164,0.6553093,1
validation,165,0.4265656,1
validation,166,0.13352373,0
validation,167,0.00033788537,0
validation,168,0.75465584,1
validation,169,0.46855223,1
validation,170,0.9582368,1
validation,171,0.96245325,1
validation,172,0.14259714,0
validation,173,0.032284334,0
validation,174,0.27668086,1
validation,175,0.006948051,0
validation,176,0.8827862,0
validation,177,0.37787616,0
validation,178,0.034679715,0
validation,179,0.0005921915,0
validation,180,0.026916891,0
validation,181,0.5056242,1
validation,182,0.008777453,0
validation,183,0.8190112,1
validation,184,0.002081526,0
validation,185,0.26003027,0
validation,186,0.8617162,0
validation,187,0.032715477,0
validation,188,0.74469066,1
validation,189,0.8268062,1
validation,190,0.7822371,1
validation,191,0.89176804,0
validation,192,0.29940537,0
validation,193,0.0020200391,0
validation,194,6.5110744e-06,0
validation,195,0.035037175,0
validation,196,0.541481,0
validation,197,0.99999756,1
validation,198,0.21006964,0
validation,199,0.52931964,0
validation,200,0.87363917,1
validation,201,0.91340905,1
validation,202,0.81361747,1
validation,203,0.16332467,0
validation,204,0.0036783675,0
validation,205,0.9482432,1
validation,206,0.2204046,0
validation,207,0.9999999,1
validation,208,0.16236785,0
validation,209,0.83075243,1
validation,210,0.634537,1
validation,211,0.6941074,1
validation,212,0.5517453,0
validation,213,0.29245386,1
validation,214,0.089533806,0
validation,215,0.9019335,1
validation,216,0.31972653,0
validation,217,0.0626964,0
validation,218,0.480008,0
validation,219,0.0044933297,0
validation,220,0.00034033202,0
validation,221,0.007156921,0
validation,222,0.02308364,0
validation,223,0.032705702,0
validation,224,0.0016798441,0
validation,225,0.00070231466,0
validation,226,0.77442634,1
validation,227,0.019374881,0
validation,228,0.7733894,0
validation,229,0.24389699,0
validation,230,2.2370661e-05,0
validation,231,0.1499041,0
validation,232,0.5251668,0
validation,233,0.8296964,1
validation,234,0.00041848456,0
validation,235,0.05310193,0
validation,236,0.0006470239,0
validation,237,0.05907968,0
validation,238,0.049399577,0
validation,239,0.0010621762,0
validation,240,0.0003513686,0
validation,241,0.9036183,1
validation,242,0.0020342672,0
validation,243,0.004115605,0
validation,244,0.99999213,1
validation,245,0.0014718742,0
validation,246,0.004001772,0
validation,247,0.04700334,0
validation,248,0.9415504,1
validation,249,0.00024633476,0
validation,250,0.00019730238,0
validation,251,0.05239022,0
validation,252,0.82033104,1
validation,253,0.062824205,0
validation,254,0.0012878163,0
validation,255,0.17311507,0
validation,256,0.44859576,0
validation,257,0.067152664,0
validation,258,0.08025716,0
validation,259,0.0015412362,0
validation,260,0.00028985422,0
validation,261,0.9627447,1
validation,262,0.0017680032,0
validation,263,0.87062013,1
validation,264,0.0062496015,0
validation,265,0.85697234,1
validation,266,0.9544216,1
validation,267,0.00041530092,0
validation,268,0.003432258,0
validation,269,0.01244688,0
validation,270,0.010733857,0
validation,271,0.006611526,0
validation,272,0.015531301,0
validation,273,0.0013166808,0
validation,274,0.7706226,1
validation,275,0.9541687,1
validation,276,0.0006814679,0
validation,277,0.35128278,1
validation,278,0.004209217,0
validation,279,0.0063822577,0
validation,280,0.00060092425,0
validation,281,0.99905276,1
validation,282,0.9995319,1
validation,283,0.10893146,1
validation,284,0.6729387,0
validation,285,0.010467087,0
validation,286,0.006557685,0
validation,287,0.003768302,0
validation,288,0.9244354,1
validation,289,0.0041571497,0
validation,290,0.86975086,1
validation,291,1.4243199e-05,0
validation,292,0.0025059462,0
validation,293,0.20243226,1
validation,294,0.22377793,0
validation,295,0.4490485,0
validation,296,0.0029022375,0
validation,297,0.8815701,0
validation,298,0.688707,0
validation,299,0.007825184,0
validation,300,0.56887484,0
validation,301,0.8971799,0
validation,302,0.9509151,1
validation,303,0.88846165,0
validation,304,0.9733238,1
validation,305,0.9896067,1
validation,306,0.99111485,1
validation,307,0.0071810214,0
validation,308,0.0009516403,0
validation,309,0.00011562029,0
validation,310,3.888199e-05,0
validation,311,0.9997986,1
validation,312,0.99978983,1
validation,313,0.99988866,1
validation,314,0.100346744,0
validation,315,0.06281688,0
validation,316,0.0005434885,0
validation,317,0.71843433,0
validation,318,0.019847892,0
validation,319,0.41024733,0
validation,320,0.07588466,0
validation,321,0.22376637,0
validation,322,0.00037116406,0
validation,323,0.09769015,0
validation,324,0.06785156,0
validation,325,4.794661e-05,0
validation,326,0.0026642699,0
validation,327,0.008262637,0
validation,328,0.016802464,0
validation,329,0.0034031833,0
validation,330,0.0026431233,0
validation,331,0.8900075,1
validation,332,0.5174439,1
validation,333,0.6062547,1
validation,334,0.5887393,0
validation,335,0.01828456,0
validation,336,0.00083319057,0
validation,337,0.38611752,1
validation,338,0.04339796,0
validation,339,0.0009568116,0
validation,340,0.8659747,0
validation,341,0.025954258,0
validation,342,0.0014213015,0
validation,343,0.00041020048,0
validation,344,8.0846214e-05,0
validation,345,0.00045329612,0
validation,346,0.99469745,1
validation,347,0.99673396,1
validation,348,0.99244297,1
validation,349,0.70178115,1
validation,350,0.99682784,1
validation,351,0.23800509,1
validation,352,0.009941754,0
validation,353,0.0065868786,0
validation,354,0.56330335,1
validation,355,0.158407,0
validation,356,0.006241294,0
validation,357,0.00031748673,0
validation,358,0.028235689,0
validation,359,0.00013876309,0
validation,360,0.2874975,0
validation,361,0.00063189963,0
validation,362,0.15989834,0
validation,363,0.04384745,0
validation,364,0.21003221,0
validation,365,0.13714665,0
validation,366,0.00027805162,0
validation,367,0.61923945,0
validation,368,0.0691139,0
validation,369,0.20490138,1
validation,370,0.0011991936,0
validation,371,0.42310852,1
validation,372,0.99221003,1
validation,373,0.12720123,0
validation,374,0.58702517,0
validation,375,0.0008834632,0
validation,376,0.0001671047,0
validation,377,0.08051862,0
validation,378,0.05478916,1
validation,379,0.01803121,0
validation,380,0.6575321,1
validation,381,0.004491398,0
validation,382,0.050107136,0
validation,383,0.030350834,0
validation,384,6.865423e-05,0
validation,385,3.3178298e-05,0
validation,386,0.07245074,1
validation,387,0.28338352,0
validation,388,0.9047762,1
validation,389,0.047961432,0
validation,390,0.86636865,1
validation,391,0.06587064,0
validation,392,0.3652811,1
validation,393,0.00010963489,0
validation,394,0.21640262,1
validation,395,0.018118618,0
validation,396,0.8777849,1
validation,397,0.8332293,1
validation,398,0.8393667,1
validation,399,0.6740246,0
validation,400,0.8727281,1
validation,401,0.033058513,0
validation,402,0.86952543,1
validation,403,0.7975229,1
validation,404,9.670999e-05,0
validation,405,0.006818253,0
validation,406,0.82994264,1
validation,407,0.06576745,0
validation,408,0.00020347333,0
validation,409,0.750168,1
validation,410,0.01984341,0
validation,411,0.15223931,0
validation,412,0.48966807,1
validation,413,0.0006535995,0
validation,414,0.00020565238,0
validation,415,0.00016557385,0
validation,416,0.00013245158,0
validation,417,0.0024413373,0
validation,418,0.00536364,0
validation,419,0.8095643,1
validation,420,0.00035395302,0
validation,421,0.034277856,0
validation,422,0.71536314,1
validation,423,0.8640999,1
validation,424,0.82923245,1
validation,425,0.0009068024,0
validation,426,0.38063595,1
validation,427,0.14609252,0
validation,428,0.16477306,0
validation,429,0.23038876,0
validation,430,0.16028076,0
validation,431,0.00024853984,0
validation,432,0.44324598,0
validation,433,0.2236767,0
validation,434,0.105991356,1
validation,435,0.00042520429,0
validation,436,0.6789578,1
validation,437,0.4182494,0
validation,438,0.00054258946,0
validation,439,0.29551914,0
validation,440,0.07221478,0
validation,441,0.87554103,1
validation,442,0.84013236,1
validation,443,0.5242875,0
validation,444,0.47337568,1
validation,445,0.00039682648,0
validation,446,0.6191119,1
validation,447,0.9589508,1
validation,448,0.049542002,0
validation,449,0.017159957,0
validation,450,0.0033952983,0
validation,451,0.025792187,0
validation,452,0.99954975,1
validation,453,0.9998333,1
validation,454,0.050527547,0
validation,455,0.88593113,1
validation,456,0.082499124,0
validation,457,0.9361718,1
validation,458,0.033651497,0
validation,459,0.99984634,1
validation,460,0.94221777,1
validation,461,0.0077403965,0
validation,462,0.8674089,1
validation,463,0.9997191,1
validation,464,0.0131813865,0
validation,465,0.8099308,1
validation,466,0.4709631,0
validation,467,0.04771861,0
validation,468,0.028237386,0
validation,469,0.020525172,0
validation,470,0.00047860306,0
validation,471,0.9972186,1
validation,472,0.9966949,1
validation,473,0.9965055,1
validation,474,0.99770796,1
validation,475,0.9950065,1
validation,476,0.99415827,1
validation,477,0.9516487,0
validation,478,1.2540575e-05,0
validation,479,0.3844154,0
validation,480,0.0018717047,0
validation,481,0.924525,1
validation,482,0.0015542515,0
validation,483,0.00092085084,0
validation,484,0.2028692,0
validation,485,0.0066497806,0
validation,486,0.002341719,0
validation,487,7.234169e-05,0
validation,488,0.017462453,0
validation,489,0.0139125995,0
validation,490,0.9766449,1
validation,491,0.97507095,1
validation,492,0.74053067,1
validation,493,0.031903833,0
validation,494,0.8931323,1
validation,495,0.84443194,1
validation,496,0.006607109,0
validation,497,0.021326302,0
validation,498,0.7578559,0
validation,499,0.7947233,1
validation,500,0.99241656,1
validation,501,0.13173573,1
validation,502,0.93865937,1
validation,503,0.003604533,0
validation,504,0.8477945,1
validation,505,0.18403654,0
validation,506,0.3174247,0
validation,507,0.54323196,1
validation,508,0.18865733,0
validation,509,0.15399918,0
validation,510,0.2987564,0
validation,511,0.07227958,0
validation,512,0.2656287,0
validation,513,0.3105137,0
validation,514,0.5404271,1
validation,515,0.46474028,0
validation,516,0.19803622,0
validation,517,0.20334136,0
validation,518,0.34556103,0
validation,519,0.24314417,0
validation,520,0.16246305,0
validation,521,0.83732945,0
validation,522,0.6802645,1
validation,523,0.9500753,0
validation,524,0.7184224,0
validation,525,0.13133465,0
validation,526,0.7988257,0
validation,527,0.69412506,1
validation,528,0.0029693877,0
validation,529,4.38644e-05,0
validation,530,0.00030733112,0
validation,531,0.7482868,1
validation,532,0.99789655,1
validation,533,0.99599826,1
validation,534,0.9980878,1
validation,535,0.996672,1
validation,536,0.9935135,1
validation,537,0.44050834,1
validation,538,0.41445732,1
validation,539,0.63586783,1
validation,540,0.0008448508,0
validation,541,0.4518471,1
validation,542,0.12374442,1
validation,543,0.71341,1
validation,544,0.1405953,1
validation,545,0.25214517,1
validation,546,0.007866075,0
validation,547,0.6215789,1
validation,548,0.9258797,1
validation,549,0.20531356,1
validation,550,0.6824778,1
validation,551,0.0010789456,0
validation,552,0.7087819,1
validation,553,0.6263122,1
validation,554,0.66672885,1
validation,555,0.00059642654,0
validation,556,0.48951545,1
validation,557,0.9052162,1
validation,558,0.9250578,1
validation,559,0.84254193,1
validation,560,0.99939895,1
validation,561,0.99966645,1
validation,562,0.0028066519,0
validation,563,0.9054932,1
validation,564,0.9128268,1
validation,565,0.99704766,1
validation,566,0.9992546,1
validation,567,0.994231,1
validation,568,0.999817,1
validation,569,0.99665815,1
validation,570,0.007907033,0
validation,571,0.84131426,1
validation,572,0.7714987,1
validation,573,0.9992248,1
validation,574,0.999375,1
validation,575,0.9936062,1
validation,576,0.93841356,1
validation,577,0.99357,1
validation,578,0.56040096,1
validation,579,0.0041921767,0
validation,580,7.9207515e-05,0
validation,581,0.058535643,1
validation,582,0.9577174,1
validation,583,0.93740636,1
validation,584,0.9137405,1
validation,585,0.60460675,1
validation,586,0.998928,1
validation,587,0.99904674,1
validation,588,0.9990406,1
validation,589,0.9988528,1
validation,590,0.1504355,1
validation,591,0.013748183,0
validation,592,0.022042604,0
validation,593,0.0017168318,0
validation,594,0.42922214,1
validation,595,0.68091726,1
validation,596,0.0026710138,0
validation,597,0.6629302,1
validation,598,0.018817725,0
validation,599,0.3457383,1
validation,600,0.81452477,1
validation,601,0.7950927,1
validation,602,0.9991744,1
validation,603,0.99944735,1
validation,604,0.9995241,1
validation,605,0.9996904,1
validation,606,0.9997531,1
validation,607,0.8546492,1
validation,608,0.8981537,1
validation,609,0.84586644,1
validation,610,0.8749328,1
validation,611,0.99391717,1
validation,612,0.72216094,1
validation,613,0.44963863,1
validation,614,0.89910465,1
validation,615,0.7570425,1
validation,616,0.7080422,0
validation,617,0.117410176,1
validation,618,0.59502923,1
validation,619,0.7969172,1
validation,620,0.7898935,1
validation,621,0.7902646,1
validation,622,0.74679,0
validation,623,0.7067995,1
validation,624,0.59721816,1
validation,625,0.95186865,1
validation,626,0.3616014,1
validation,627,0.9707209,1
validation,628,0.9061628,1
validation,629,0.8150475,1
validation,630,0.83898187,1
validation,631,0.80887115,1
validation,632,0.010317143,0
validation,633,0.79777545,1
validation,634,0.004198624,0
validation,635,0.84070086,1
validation,636,0.0011920558,0
validation,637,0.37349504,0
validation,638,0.00627417,0
validation,639,0.9996646,1
validation,640,0.9995208,1
validation,641,0.99975485,1
validation,642,0.5249982,1
validation,643,0.99945766,1
validation,644,0.9995152,1
validation,645,0.9996824,1
validation,646,0.2826395,1
validation,647,0.89564824,1
validation,648,0.37374052,1
validation,649,0.7541116,1
validation,650,0.7909744,1
validation,651,0.12331915,1
validation,652,0.5301167,1
validation,653,0.0066200756,0
validation,654,0.226585,1
validation,655,0.58894885,0
validation,656,0.006120086,0
validation,657,0.0028395948,0
validation,658,0.0007257151,0
validation,659,0.96004695,1
validation,660,0.95299745,1
validation,661,0.0003031222,0
validation,662,0.0016018592,0
validation,663,0.21615,0
validation,664,0.72128785,0
validation,665,0.65163493,0
validation,666,0.00023948381,0
validation,667,0.0016861901,0
validation,668,0.0030686522,0
validation,669,0.69695497,1
validation,670,0.010180493,0
validation,671,0.38018948,0
validation,672,0.5475112,0
validation,673,0.6230376,0
validation,674,0.56297445,0
validation,675,0.017281622,0
validation,676,0.48077926,0
validation,677,0.87224686,1
validation,678,0.9496599,1
validation,679,0.0016687256,0
validation,680,0.8647364,1
validation,681,0.9148162,1
validation,682,0.922638,1
validation,683,0.9015133,1
validation,684,0.9212048,1
validation,685,0.80057335,1
validation,686,0.45569858,1
validation,687,0.87849355,1
validation,688,0.028428815,0
validation,689,0.06979964,0
validation,690,0.07198978,1
validation,691,0.10086289,0
validation,692,0.71703374,1
validation,693,0.9983901,1
validation,694,0.95111024,1
validation,695,0.99856275,1
validation,696,0.99823326,1
validation,697,0.9994482,1
validation,698,0.9991121,1
validation,699,0.99808735,1
validation,700,0.99926305,1
validation,701,0.6722691,1
validation,702,0.74865913,1
validation,703,0.000929745,0
validation,704,0.0021325662,0
validation,705,0.9974341,1
validation,706,0.9976949,1
validation,707,0.0018548456,0
validation,708,0.016925119,0
validation,709,0.0101205055,0
validation,710,0.99544114,1
validation,711,0.0006759263,0
validation,712,0.9964303,1
validation,713,0.0007960188,0
validation,714,0.015021295,0
validation,715,0.0011883192,0
validation,716,0.90120107,1
validation,717,0.8711072,1
validation,718,0.008251825,0
validation,719,0.0014934501,0
validation,720,0.00025155442,0
validation,721,0.88073,1
validation,722,0.8768666,1
validation,723,0.91860193,1
validation,724,0.8049232,1
validation,725,0.9388517,1
validation,726,0.9019195,1
validation,727,0.99762857,1
validation,728,0.9971193,1
validation,729,0.9985073,1
validation,730,0.69767356,1
validation,731,0.059754174,0
validation,732,0.1886557,0
validation,733,0.24744426,0
validation,734,0.57215875,1
validation,735,0.99990344,1
validation,736,0.9998675,1
validation,737,0.9997358,1
validation,738,0.038615014,0
validation,739,0.42614177,1
validation,740,0.99988955,1
validation,741,0.99990046,1
validation,742,0.9999004,1
validation,743,0.4472975,1
validation,744,0.8471712,1
validation,745,0.99795735,1
validation,746,0.9987772,1
validation,747,0.9992226,1
validation,748,0.58322036,1
validation,749,0.86053306,1
validation,750,0.39940804,1
validation,751,0.05703973,0
validation,752,0.6018789,1
validation,753,0.2838389,1
validation,754,0.72392267,1
validation,755,0.92242205,1
validation,756,0.8031126,1
validation,757,0.9996958,1
validation,758,0.9998225,1
validation,759,0.99989516,1
validation,760,0.9998545,1
validation,761,0.9997601,1
validation,762,0.9998573,1
validation,763,0.6385548,1
validation,764,0.9978962,1
validation,765,0.8157898,1
validation,766,0.90108943,1
validation,767,0.9997366,1
validation,768,0.9999306,1
validation,769,0.9998515,1
validation,770,0.07019634,1
validation,771,0.95545787,1
validation,772,0.45242664,1
validation,773,0.84660137,1
validation,774,0.000970001,0
validation,775,0.75684136,1
validation,776,0.5763097,1
validation,777,0.9269964,1
validation,778,0.91140103,1
validation,779,0.9082212,1
validation,780,0.014591544,0
validation,781,0.92072904,1
validation,782,0.00040650723,0
validation,783,0.92609453,1
validation,784,0.00805077,0
validation,785,0.5677128,0
validation,786,0.94290954,1
validation,787,0.78886217,1
validation,788,0.00047904355,0
validation,789,0.70147514,1
validation,790,0.7395444,0
validation,791,0.8836092,1
validation,792,0.3501986,1
validation,793,0.0009515392,0
validation,794,0.9660404,1
validation,795,0.92969185,1
validation,796,0.007762732,0
validation,797,0.7905608,1
validation,798,0.29008687,1
validation,799,0.8868044,1
validation,800,0.9623572,1
validation,801,0.94065714,1
validation,802,0.9466244,1
validation,803,0.0016419048,0
validation,804,0.01794465,0
validation,805,0.7889547,1
validation,806,0.8306265,1
validation,807,0.9234142,1
validation,808,0.939204,1
validation,809,0.9345437,1
validation,810,0.0047953376,0
validation,811,0.0010773516,0
validation,812,0.00012956583,0
validation,813,0.964651,1
validation,814,0.9661695,1
validation,815,0.7832034,1
validation,816,0.9702606,1
validation,817,0.7247722,1
validation,818,0.85274315,1
validation,819,0.38075143,0
validation,820,0.38191038,1
validation,821,0.00019612297,0
validation,822,0.94269234,1
validation,823,0.012411014,0
validation,824,0.00032903947,0
validation,825,0.009620831,0
validation,826,0.003660038,0
validation,827,6.564755e-05,0
validation,828,0.0008194809,0
validation,829,0.8821127,1
validation,830,0.82916415,1
validation,831,0.9002267,1
validation,832,0.8901969,1
validation,833,0.8479175,1
validation,834,0.8924496,1
validation,835,0.8027004,1
validation,836,0.8824751,1
validation,837,0.8862126,1
validation,838,0.9051112,1
validation,839,0.0008890958,0
validation,840,0.0007612671,0
validation,841,0.0009635208,0
validation,842,0.81925464,1
validation,843,0.9991433,1
validation,844,0.9973467,1
validation,845,0.0006183421,0
validation,846,0.21149729,1
validation,847,0.782287,1
validation,848,0.99843127,1
validation,849,0.99820477,1
validation,850,0.0020169984,0
validation,851,0.002214859,0
validation,852,0.2294876,1
validation,853,0.69124794,1
validation,854,0.17356333,1
validation,855,0.95822394,1
validation,856,0.825027,1
validation,857,0.006696217,0
validation,858,0.0036422752,0
validation,859,0.75034624,1
validation,860,0.91664004,1
validation,861,0.00070965016,0
validation,862,1.0634526e-05,0
validation,863,0.006120545,0
validation,864,0.002920412,0
validation,865,3.65707e-05,0
validation,866,0.010593564,0
validation,867,0.006889057,0
validation,868,6.274735e-05,0
validation,869,0.016626645,0
validation,870,0.62140536,1
validation,871,3.3981087e-06,0
validation,872,2.9158173e-05,0
validation,873,0.81250817,1
validation,874,0.0018557673,0
validation,875,0.0028295456,0
validation,876,7.879601e-06,0
validation,877,0.81432915,1
validation,878,0.0028051522,0
validation,879,0.0048817396,0
validation,880,0.00066755177,0
validation,881,0.8970661,1
validation,882,0.8973052,1
validation,883,0.053276066,0
validation,884,0.00039669353,0
validation,885,0.91653407,1
validation,886,0.8788331,1
validation,887,0.8992711,1
validation,888,0.05963403,1
validation,889,0.0044680126,0
validation,890,0.00022394335,0
validation,891,0.65830255,1
validation,892,0.027336536,0
validation,893,0.9401159,1
validation,894,0.9349255,1
validation,895,0.8104258,1
validation,896,0.94547987,1
validation,897,0.8376545,1
validation,898,0.31118023,1
validation,899,0.99980164,1
validation,900,0.8777035,1
validation,901,0.99973774,1
validation,902,0.46325365,0
validation,903,0.469497,1
validation,904,0.99949616,1
validation,905,0.99961406,1
validation,906,0.001795026,0
validation,907,0.0058679087,0
validation,908,0.8719083,1
validation,909,0.8451854,1
validation,910,0.21267572,1
validation,911,0.26531807,1
validation,912,0.28639093,1
validation,913,0.84324276,1
validation,914,0.77497363,1
validation,915,0.8703379,1
validation,916,0.40657943,1
validation,917,0.82266784,1
validation,918,0.7577408,1
validation,919,0.7255733,1
validation,920,0.9033821,1
validation,921,0.91642904,1
validation,922,0.8515636,1
validation,923,0.8886842,1
validation,924,0.93703026,1
validation,925,0.8686682,1
validation,926,0.99566865,1
validation,927,0.9946137,1
validation,928,0.9947531,1
validation,929,0.9958345,1
validation,930,0.90795016,1
validation,931,0.9956275,1
validation,932,0.99058634,1
validation,933,0.9960332,1
validation,934,0.9936734,1
validation,935,0.99509686,1
validation,936,0.9954274,1
validation,937,0.84623265,1
validation,938,0.8996861,1
validation,939,0.08501564,1
validation,940,0.8938261,1
validation,941,0.950256,1
validation,942,0.9339371,1
validation,943,0.0020020725,0
validation,944,0.0021433777,0
validation,945,0.91882914,1
validation,946,0.9630431,1
validation,947,0.87701255,1
validation,948,0.8608891,1
validation,949,0.14320888,1
validation,950,0.005568306,0
validation,951,0.99883586,1
validation,952,0.9988241,1
validation,953,0.9689295,1
validation,954,0.7631975,1
validation,955,4.379184e-05,0
validation,956,0.0005624042,0
validation,957,0.00030545171,0
validation,958,0.0024382286,0
validation,959,0.004252852,0
validation,960,0.20822062,1
validation,961,0.95366645,1
validation,962,0.95498055,1
validation,963,0.962446,1
validation,964,0.27275103,0
validation,965,0.40696523,1
validation,966,0.8154972,1
validation,967,0.92785233,1
validation,968,0.83736277,1
validation,969,0.03839754,1
validation,970,0.8036502,1
validation,971,0.668824,1
validation,972,0.72894216,1
validation,973,0.81157726,1
validation,974,0.9346171,1
validation,975,0.92233795,1
validation,976,0.84321094,1
validation,977,0.94113517,1
validation,978,0.88895947,1
validation,979,0.535859,1
validation,980,0.15384506,1
validation,981,0.9171711,0
validation,982,0.93055,1
validation,983,0.53944623,1
validation,984,0.7990767,1
validation,985,0.96473086,1
validation,986,0.92241496,1
validation,987,0.7684468,1
validation,988,0.9748107,1
validation,989,0.8848016,1
validation,990,0.86291313,1
validation,991,0.8280365,1
validation,992,0.89591,1
validation,993,0.803913,1
validation,994,0.8301404,1
validation,995,0.83230025,1
validation,996,0.85946214,1
validation,997,0.25586092,1
validation,998,0.9667846,1
validation,999,0.8817445,1
validation,1000,0.7862458,1
validation,1001,0.8321657,1
validation,1002,0.771832,1
validation,1003,0.0006974702,0
validation,1004,0.09943425,1
validation,1005,0.84503263,1
validation,1006,0.00044823118,0
validation,1007,0.8562052,1
validation,1008,0.89181685,1
validation,1009,0.76183134,1
validation,1010,0.51148605,1
validation,1011,0.69596815,1
validation,1012,0.67435706,1
validation,1013,0.8646219,1
validation,1014,0.9631989,1
validation,1015,0.8883743,1
validation,1016,0.38361016,1
validation,1017,0.8642392,1
validation,1018,0.8520993,1
validation,1019,0.5377785,1
validation,1020,0.9022204,1
validation,1021,0.74316597,1
validation,1022,0.8680016,0
validation,1023,0.9101468,1
validation,1024,0.8925385,1
validation,1025,0.9008062,1
validation,1026,0.55914146,1
validation,1027,0.89323825,1
validation,1028,0.8194808,1
validation,1029,0.7504782,1
validation,1030,0.40069887,0
validation,1031,0.7984996,1
validation,1032,0.90893143,1
validation,1033,0.5042033,1
validation,1034,0.012622547,0
validation,1035,0.63561934,1
validation,1036,0.91383517,1
validation,1037,0.817621,1
validation,1038,0.7351424,1
validation,1039,0.598032,1
validation,1040,0.63628876,1
validation,1041,0.897055,1
validation,1042,0.8606956,1
validation,1043,0.0012086844,0
validation,1044,0.8448924,1
validation,1045,0.8871024,1
validation,1046,0.9892254,1
validation,1047,0.47130537,0
validation,1048,0.81222624,1
validation,1049,0.6439017,1
validation,1050,0.73183215,1
validation,1051,0.6691891,1
validation,1052,0.92550015,1
validation,1053,0.70388055,1
validation,1054,0.79919815,1
validation,1055,0.50352716,1
validation,1056,0.0027163066,0
validation,1057,0.4618013,1
validation,1058,0.41025954,1
validation,1059,0.81633353,1
validation,1060,0.9530313,1
validation,1061,0.55210626,1
validation,1062,0.4470766,1
validation,1063,0.9212847,1
validation,1064,0.9225608,1
validation,1065,0.94951075,1
validation,1066,0.32159677,1
validation,1067,0.6833916,1
validation,1068,0.8249512,1
validation,1069,0.9907455,1
validation,1070,0.6287946,1
validation,1071,0.67544997,1
validation,1072,0.24002978,1
validation,1073,0.81875396,1
validation,1074,0.06342466,0
validation,1075,0.8108562,1
validation,1076,0.8808763,1
validation,1077,0.92671764,1
validation,1078,0.88352066,1
validation,1079,0.002607483,0
validation,1080,0.9713374,1
validation,1081,0.0022643649,0
validation,1082,0.88449115,1
validation,1083,0.5542365,1
validation,1084,0.745553,1
validation,1085,0.9996583,1
validation,1086,0.393618,1
validation,1087,0.99954194,1
validation,1088,0.9995899,1
validation,1089,0.9996189,1
validation,1090,0.99964446,1
validation,1091,0.9996994,1
validation,1092,0.99945945,1
validation,1093,0.99975306,1
validation,1094,0.99964046,1
validation,1095,0.9517846,1
validation,1096,0.8482149,1
validation,1097,0.66090673,1
validation,1098,0.0011654322,0
validation,1099,0.59626174,1
validation,1100,0.78337365,1
validation,1101,0.16395153,1
validation,1102,0.68189925,1
validation,1103,0.83094186,1
validation,1104,0.9870645,1
validation,1105,0.8854867,1
validation,1106,2.1718328e-05,0
validation,1107,5.2523636e-05,0
validation,1108,0.83968234,1
validation,1109,0.0002481745,0
validation,1110,0.00014659193,0
validation,1111,0.010298766,0
validation,1112,1.3448341e-06,0
validation,1113,0.0038887153,0
validation,1114,0.0015751753,0
validation,1115,0.008382363,0
validation,1116,0.0050837696,0
validation,1117,0.4446497,1
validation,1118,0.008322505,0
validation,1119,4.5497207e-05,0
validation,1120,0.8695072,1
validation,1121,0.71819466,1
validation,1122,0.56132436,1
validation,1123,0.9474824,1
validation,1124,0.95929945,1
validation,1125,0.932384,1
validation,1126,0.017271413,0
validation,1127,0.017070835,0
validation,1128,0.9266649,1
validation,1129,0.0002469702,0
validation,1130,0.9986379,1
validation,1131,0.99882,1
validation,1132,0.9990312,1
validation,1133,0.0006002371,0
validation,1134,0.002930589,0
validation,1135,0.804813,1
validation,1136,0.6444969,1
validation,1137,0.8365035,1
validation,1138,0.6233288,1
validation,1139,0.35844684,1
validation,1140,0.90876985,1
validation,1141,0.55225796,1
validation,1142,0.2788433,1
validation,1143,0.7927937,1
validation,1144,0.8722105,1
validation,1145,0.9991576,1
validation,1146,0.88045394,1
validation,1147,0.9988937,1
validation,1148,0.22938158,1
validation,1149,0.99783844,1
validation,1150,0.9984653,1
validation,1151,0.9704386,1
validation,1152,0.95908415,1
validation,1153,0.91620374,1
validation,1154,0.78254133,1
validation,1155,0.8022766,1
validation,1156,0.86523455,1
validation,1157,0.910087,1
validation,1158,2.3586688e-06,0
validation,1159,0.6938548,1
validation,1160,0.00087317877,0
validation,1161,0.0012419021,0
validation,1162,0.9814082,1
validation,1163,0.9824479,1
validation,1164,0.8694216,1
validation,1165,0.03663789,0
validation,1166,0.9211409,1
validation,1167,0.9998963,1
validation,1168,0.99986553,1
validation,1169,0.99992543,1
validation,1170,0.99985635,1
validation,1171,0.8588425,1
validation,1172,0.89541626,1
validation,1173,0.92743486,1
validation,1174,0.9135704,1
validation,1175,0.7139857,1
validation,1176,0.0057301656,0
validation,1177,0.000896109,0
validation,1178,0.002306855,0
validation,1179,0.245411,1
validation,1180,0.8937112,1
validation,1181,0.013381123,0
validation,1182,0.24489588,1
validation,1183,0.019363232,0
validation,1184,9.7293305e-06,0
validation,1185,0.007997454,0
validation,1186,0.000788364,0
validation,1187,0.005437439,0
validation,1188,0.015533749,0
validation,1189,0.0045353603,0
validation,1190,0.0004422058,0
validation,1191,0.017471815,0
validation,1192,0.003174831,0
validation,1193,0.012889069,0
validation,1194,0.024745492,0
validation,1195,1.15249695e-05,0
validation,1196,7.023042e-05,0
validation,1197,3.646932e-05,0
validation,1198,0.0069915527,1
validation,1199,5.3517197e-05,0
validation,1200,0.33097222,1
validation,1201,0.4771345,1
validation,1202,0.99932545,1
validation,1203,0.99965787,1
validation,1204,0.65234065,1
validation,1205,0.6022305,1
validation,1206,0.9320601,1
validation,1207,0.5203818,1
validation,1208,0.5708715,1
validation,1209,0.83191085,1
validation,1210,0.3791394,1
validation,1211,0.787417,1
validation,1212,0.60340196,1
validation,1213,0.8834251,1
validation,1214,0.28213555,1
validation,1215,0.03932078,1
validation,1216,0.05897608,0
validation,1217,0.62562764,1
validation,1218,0.054918002,0
validation,1219,0.9653606,1
validation,1220,0.8376524,1
validation,1221,0.26901653,0
validation,1222,0.6087397,1
validation,1223,0.9402727,1
validation,1224,0.87727547,1
validation,1225,0.9224795,1
validation,1226,0.95908594,1
validation,1227,0.7524173,1
validation,1228,0.9509406,1
validation,1229,0.9054854,1
validation,1230,0.876325,1
validation,1231,0.7882695,1
validation,1232,0.8029345,1
validation,1233,0.89539444,1
validation,1234,0.6014167,1
validation,1235,0.94198996,1
validation,1236,0.17734112,1
validation,1237,0.2997903,1
validation,1238,0.5641197,1
validation,1239,0.58523417,1
validation,1240,0.649616,1
validation,1241,0.98554265,1
validation,1242,0.40562823,1
validation,1243,0.8915882,1
validation,1244,0.94291776,1
validation,1245,0.3467343,1
validation,1246,0.6791047,1
validation,1247,0.5559291,1
validation,1248,0.7015265,1
validation,1249,0.69609404,1
validation,1250,0.65316844,1
validation,1251,0.81838644,1
validation,1252,0.28600472,1
validation,1253,0.94035083,1
validation,1254,0.31218395,1
validation,1255,0.91006505,1
validation,1256,0.9204509,1
validation,1257,0.00040410995,0
validation,1258,0.000274712,0
validation,1259,0.3277878,1
validation,1260,0.4561468,1
validation,1261,0.49191415,1
validation,1262,0.7388828,1
validation,1263,0.6234454,1
validation,1264,0.52812296,1
validation,1265,0.98591363,1
validation,1266,0.94495887,1
validation,1267,0.8337788,1
validation,1268,0.26303348,1
validation,1269,0.33548886,1
validation,1270,0.89162683,1
validation,1271,0.3024962,1
validation,1272,0.5364959,1
validation,1273,0.14124219,1
validation,1274,0.9368225,1
validation,1275,0.92137706,1
validation,1276,0.8211634,1
validation,1277,0.73029065,1
validation,1278,0.4197935,1
validation,1279,0.9996254,1
validation,1280,0.7549135,1
validation,1281,0.9168681,1
validation,1282,0.1914239,1
validation,1283,0.64765763,1
validation,1284,0.932366,1
validation,1285,0.73058456,1
validation,1286,0.91819495,1
validation,1287,0.95368475,1
validation,1288,0.8627551,1
validation,1289,0.7675657,1
validation,1290,0.778159,1
validation,1291,0.83161235,1
validation,1292,0.832435,1
validation,1293,0.880374,1
validation,1294,0.85705256,1
validation,1295,0.82324785,1
validation,1296,0.8854929,1
validation,1297,0.8029512,1
validation,1298,0.5734373,1
validation,1299,0.10123404,1
validation,1300,0.84629047,1
validation,1301,0.69872415,1
validation,1302,0.8749998,1
validation,1303,0.23520854,1
validation,1304,0.49831435,1
validation,1305,0.9997398,1
validation,1306,0.99935144,1
validation,1307,0.9993961,1
validation,1308,0.9993135,1
validation,1309,0.9993388,1
validation,1310,0.9149238,1
validation,1311,0.47108862,1
validation,1312,0.74038595,1
validation,1313,0.10752148,1
validation,1314,0.5225125,1
validation,1315,0.553048,1
validation,1316,0.9949768,1
validation,1317,0.9997075,1
validation,1318,0.9998092,1
validation,1319,0.99596167,1
validation,1320,0.99986815,1
validation,1321,0.9899598,1
validation,1322,0.41807485,1
validation,1323,0.68431854,1
validation,1324,0.71649325,1
validation,1325,0.9846245,1
validation,1326,0.7081733,1
validation,1327,0.86499846,1
validation,1328,0.7867503,1
validation,1329,0.08062097,1
validation,1330,0.7106724,1
validation,1331,0.72902167,1
validation,1332,0.71914816,1
validation,1333,0.73767996,1
validation,1334,0.65665424,1
validation,1335,0.348929,1
validation,1336,0.6089715,1
validation,1337,0.8976444,1
validation,1338,0.8988274,1
validation,1339,0.90175843,1
validation,1340,0.78523225,1
validation,1341,0.53432333,1
validation,1342,0.051764395,1
validation,1343,0.065459065,1
validation,1344,0.397103,1
validation,1345,0.5891143,1
validation,1346,0.8323869,1
validation,1347,0.82472694,1
validation,1348,0.67448837,1
validation,1349,0.91408515,1
validation,1350,0.9529471,1
validation,1351,0.6220158,1
validation,1352,0.8837362,1
validation,1353,0.79522026,1
validation,1354,0.48338938,1
validation,1355,0.9883778,1
validation,1356,0.3553816,1
validation,1357,0.46455798,1
validation,1358,0.5529247,1
validation,1359,0.36025238,1
validation,1360,0.9535329,1
validation,1361,0.88762105,1
validation,1362,0.6472194,1
validation,1363,0.5636697,1
validation,1364,0.4064095,1
validation,1365,0.6654432,1
validation,1366,0.26563197,1
validation,1367,0.4446445,1
validation,1368,0.76486313,1
validation,1369,0.8351339,1
validation,1370,0.8708799,1
validation,1371,0.18868627,1
validation,1372,0.47613224,1
validation,1373,0.83943605,1
validation,1374,0.7077077,1
validation,1375,0.49806026,1
validation,1376,0.8377439,1
validation,1377,0.23590347,1
validation,1378,0.13682257,1
validation,1379,0.19723976,1
validation,1380,0.11935736,1
validation,1381,0.6398796,1
validation,1382,0.8374293,1
validation,1383,0.95138294,1
validation,1384,0.89211506,1
validation,1385,0.34503987,1
validation,1386,0.1918424,1
validation,1387,0.7456372,1
validation,1388,0.6074492,1
validation,1389,0.6643102,1
validation,1390,0.8865235,1
validation,1391,0.8394241,1
validation,1392,0.7376944,1
validation,1393,0.22421093,1
validation,1394,0.49631333,1
validation,1395,0.14323051,0
validation,1396,0.023989014,1
validation,1397,0.8382045,1
validation,1398,0.6506439,1
validation,1399,0.39748645,1
validation,1400,0.8102924,1
validation,1401,0.14085263,1
validation,1402,0.2200206,1
validation,1403,0.45175675,1
validation,1404,0.8296089,1
validation,1405,0.6826491,1
validation,1406,0.6627064,1
validation,1407,0.80886567,1
validation,1408,0.37191322,1
validation,1409,0.9181694,1
validation,1410,0.17377207,1
validation,1411,0.23708156,1
validation,1412,0.099485524,1
validation,1413,0.81289357,1
validation,1414,0.9182855,1
validation,1415,0.59361196,1
validation,1416,0.99942744,1
validation,1417,0.999375,1
validation,1418,0.3828455,1
validation,1419,0.6751839,1
validation,1420,0.9426562,1
validation,1421,0.10341808,1
validation,1422,0.903332,1
validation,1423,0.17073138,1
validation,1424,0.52104133,1
validation,1425,0.22935382,1
validation,1426,0.8823879,1
validation,1427,0.4678726,1
validation,1428,0.68242764,1
validation,1429,0.291366,1
validation,1430,0.7236837,1
validation,1431,0.46642965,1
validation,1432,0.21833499,1
validation,1433,0.7593779,1
validation,1434,0.922468,1
validation,1435,0.5590895,1
validation,1436,0.6912247,1
validation,1437,0.6534426,1
validation,1438,0.77988774,1
validation,1439,0.6873905,1
validation,1440,0.62058616,1
validation,1441,0.6776613,1
validation,1442,0.5556054,1
validation,1443,0.23140751,1
validation,1444,0.95239407,1
validation,1445,0.30846363,1
validation,1446,0.19497673,1
validation,1447,0.6624588,1
validation,1448,0.09851987,1
validation,1449,0.52853644,1
validation,1450,0.8017727,1
validation,1451,0.4382391,1
validation,1452,0.3271491,1
validation,1453,0.9135053,1
validation,1454,0.32387587,1
validation,1455,0.18637061,1
validation,1456,0.45856345,1
validation,1457,0.59602463,1
validation,1458,0.64221835,1
validation,1459,0.5578547,1
validation,1460,0.69656146,1
validation,1461,0.43594578,1
validation,1462,0.16620141,1
validation,1463,0.61891556,1
validation,1464,0.6711057,1
validation,1465,0.51063013,1
validation,1466,0.9993605,1
validation,1467,0.99939066,1
validation,1468,0.9994774,1
validation,1469,0.48751307,1
validation,1470,0.63931406,1
validation,1471,0.51094913,1
validation,1472,0.98904014,1
validation,1473,0.9815108,1
validation,1474,0.99067444,1
validation,1475,0.9861948,1
validation,1476,0.23706281,1
validation,1477,0.32816294,1
validation,1478,0.33986637,1
validation,1479,0.99655014,1
validation,1480,0.9952227,1
validation,1481,0.99886084,1
validation,1482,0.9985288,1
validation,1483,0.9986881,1
validation,1484,0.5358577,1
validation,1485,0.2184411,1
validation,1486,0.86737555,1
validation,1487,0.9684176,1
validation,1488,0.9335262,1
validation,1489,0.23039979,1
validation,1490,0.7950857,1
validation,1491,0.57076496,1
validation,1492,0.91279,1
validation,1493,0.2434124,1
validation,1494,0.62151396,1
validation,1495,0.6505066,1
validation,1496,0.981326,1
validation,1497,0.1765638,1
validation,1498,0.9598696,1
validation,1499,0.9339507,1
validation,1500,0.46405727,1
validation,1501,0.30224642,1
validation,1502,0.9994465,1
validation,1503,0.99921733,1
validation,1504,0.9991405,1
validation,1505,0.9995907,1
validation,1506,0.9997136,1
validation,1507,0.99971884,1
validation,1508,0.9994387,1
validation,1509,0.6908209,1
validation,1510,0.9288768,1
validation,1511,0.9380691,1
validation,1512,0.9997709,1
validation,1513,0.9990832,1
validation,1514,0.9992527,1
validation,1515,0.9992127,1
validation,1516,0.9986927,1
validation,1517,0.9994526,1
validation,1518,0.9994566,1
validation,1519,0.9993574,1
validation,1520,0.9992062,1
validation,1521,0.99887294,1
validation,1522,0.9987514,1
validation,1523,0.9993917,1
validation,1524,0.9993171,1
validation,1525,0.39027035,1
validation,1526,0.89063954,1
validation,1527,0.056615498,1
validation,1528,0.84351677,1
validation,1529,0.5049081,1
validation,1530,0.24018687,1
validation,1531,0.45571783,1
validation,1532,0.42997047,1
validation,1533,0.7604853,1
validation,1534,0.9739804,1
validation,1535,0.9702958,1
validation,1536,0.830854,1
validation,1537,0.8407744,1
validation,1538,0.25809848,1
validation,1539,0.9207545,1
validation,1540,0.7940601,1
validation,1541,0.5800576,1
validation,1542,0.91404814,1
validation,1543,0.3154906,1
validation,1544,0.38184115,1
validation,1545,0.814585,1
validation,1546,0.67855597,1
validation,1547,0.50406575,1
validation,1548,0.9087521,1
validation,1549,0.85439473,1
validation,1550,0.92946184,1
validation,1551,0.96300614,1
validation,1552,0.920365,1
validation,1553,0.90132487,1
validation,1554,0.9919433,1
validation,1555,0.9997939,1
validation,1556,0.98900986,1
validation,1557,0.9998199,1
validation,1558,0.9949293,1
validation,1559,0.99467313,1
validation,1560,0.99975574,1
validation,1561,0.9996443,1
validation,1562,0.99260765,1
validation,1563,0.97747666,1
validation,1564,0.9336904,1
validation,1565,0.9185319,1
validation,1566,0.8235239,1
validation,1567,0.05454085,1
validation,1568,0.6242446,1
validation,1569,0.6027124,1
validation,1570,0.9004736,1
validation,1571,0.9155209,1
validation,1572,0.8731509,1
validation,1573,0.8876151,1
validation,1574,0.90367776,1
validation,1575,0.8709613,1
validation,1576,0.5662638,1
validation,1577,0.89493155,1
validation,1578,0.7025251,1
validation,1579,0.6153749,1
validation,1580,0.7922185,1
validation,1581,0.49529994,1
validation,1582,0.9400133,1
validation,1583,0.96470094,1
validation,1584,0.32545826,1
validation,1585,0.81360376,1
validation,1586,0.9257151,1
validation,1587,0.9028197,1
validation,1588,0.9736225,1
validation,1589,0.9361117,1
validation,1590,0.4178826,1
validation,1591,0.7187382,1
validation,1592,0.94305766,1
validation,1593,0.914096,1
validation,1594,0.7203033,1
validation,1595,0.8770566,1
validation,1596,0.68177396,1
validation,1597,0.35320634,1
validation,1598,0.82208943,1
validation,1599,0.91986525,1
validation,1600,0.9137261,1
validation,1601,0.9468197,1
validation,1602,0.81936514,1
validation,1603,0.13064139,1
validation,1604,0.87166166,1
validation,1605,0.8447211,1
validation,1606,0.8818343,1
validation,1607,0.9026148,1
validation,1608,0.8131368,1
validation,1609,0.23593535,0
validation,1610,0.7886466,1
validation,1611,0.8527894,1
validation,1612,0.83304065,1
validation,1613,0.8212686,1
validation,1614,0.8466141,1
validation,1615,0.6518373,1
validation,1616,0.86441314,1
validation,1617,0.9538363,1
validation,1618,0.90256333,1
validation,1619,0.9474065,1
validation,1620,0.9249768,1
validation,1621,0.99374175,1
validation,1622,0.9203279,1
validation,1623,0.5999154,1
validation,1624,0.4898397,1
validation,1625,0.89318734,1
validation,1626,0.93079174,1
validation,1627,0.9043882,1
validation,1628,0.8235357,1
validation,1629,0.88622296,1
validation,1630,0.88816875,1
validation,1631,0.663569,1
validation,1632,0.50094783,1
validation,1633,0.81527805,1
validation,1634,0.9021443,1
validation,1635,0.90931684,1
validation,1636,0.8381158,1
validation,1637,0.2821128,1
validation,1638,0.87377584,1
validation,1639,0.8787975,1
validation,1640,0.8419208,1
validation,1641,0.88237107,1
validation,1642,0.88087106,1
validation,1643,0.85797876,1
validation,1644,0.9478329,1
validation,1645,0.9640285,1
validation,1646,0.19334787,1
validation,1647,0.92867225,1
validation,1648,0.30149683,1
validation,1649,0.9863669,1
validation,1650,0.61993086,1
validation,1651,0.20905603,1
validation,1652,0.928454,1
validation,1653,0.12459336,1
validation,1654,0.63459194,1
validation,1655,0.652184,1
validation,1656,0.7471539,1
validation,1657,0.7605927,1
validation,1658,0.89121735,1
validation,1659,0.92712224,1
validation,1660,0.9762259,1
validation,1661,0.7135844,1
validation,1662,0.7710452,1
validation,1663,0.8950662,1
validation,1664,0.787165,1
validation,1665,0.022273598,1
validation,1666,0.26219943,1
validation,1667,0.25932956,1
validation,1668,0.52751607,1
validation,1669,0.47955686,1
validation,1670,0.9818401,1
validation,1671,0.8509896,1
validation,1672,0.86144567,1
validation,1673,0.92319745,1
validation,1674,0.9419247,1
validation,1675,0.6653106,1
validation,1676,0.92379254,1
validation,1677,0.77968365,1
validation,1678,0.93289644,1
validation,1679,0.99991536,1
validation,1680,0.33775923,1
validation,1681,0.99989825,1
validation,1682,0.47250506,1
validation,1683,0.9549348,1
validation,1684,0.75636804,1
validation,1685,0.64050686,1
validation,1686,0.81272006,1
validation,1687,0.6392549,1
validation,1688,0.5292673,1
validation,1689,0.9219061,1
validation,1690,0.998993,1
validation,1691,0.15170489,1
validation,1692,0.9990979,1
validation,1693,0.88933223,1
validation,1694,0.9989307,1
validation,1695,0.99915844,1
validation,1696,0.9986658,1
validation,1697,0.99842924,1
validation,1698,0.87022996,1
validation,1699,0.97492355,1
validation,1700,0.6713222,1
validation,1701,0.59626377,1
validation,1702,0.99005806,1
validation,1703,0.72498906,1
validation,1704,0.7327001,1
validation,1705,0.6817607,1
validation,1706,0.61858296,1
validation,1707,0.61881185,1
validation,1708,0.9044517,1
validation,1709,0.9022732,1
validation,1710,0.6879219,1
validation,1711,0.486811,1
validation,1712,0.23748733,1
validation,1713,0.8389616,1
validation,1714,0.8480954,1
validation,1715,0.9996589,1
validation,1716,0.380384,1
validation,1717,0.596538,1
validation,1718,0.855209,1
validation,1719,0.8941703,1
validation,1720,0.6144692,1
validation,1721,0.217049,1
validation,1722,0.8112077,1
validation,1723,0.0774047,1
validation,1724,0.7659154,1
validation,1725,0.99911064,1
validation,1726,0.9995348,1
validation,1727,0.9738563,1
validation,1728,0.99974054,1
validation,1729,0.85669744,1
validation,1730,0.712615,1
validation,1731,0.9997171,1
validation,1732,0.9994541,1
validation,1733,0.804675,1
validation,1734,0.75411296,1
validation,1735,0.75061697,1
validation,1736,0.9479496,1
validation,1737,0.9633388,1
validation,1738,0.9701661,1
validation,1739,0.94535017,1
validation,1740,0.97623086,1
validation,1741,0.9844769,1
validation,1742,0.51953006,1
validation,1743,0.9995735,1
validation,1744,0.99958754,1
validation,1745,0.99952406,1
validation,1746,0.9991855,1
validation,1747,0.99975675,1
validation,1748,0.76953644,1
validation,1749,0.45911115,1
validation,1750,0.1970088,1
validation,1751,0.7426577,1
validation,1752,0.34619415,1
validation,1753,0.62559795,1
validation,1754,0.7306632,1
validation,1755,0.872442,1
validation,1756,0.7079152,1
validation,1757,0.5482149,1
validation,1758,0.8996001,1
validation,1759,0.67762125,1
validation,1760,0.7177987,1
validation,1761,0.7025564,1
validation,1762,0.7644252,1
validation,1763,0.70321214,1
validation,1764,0.57043153,1
validation,1765,0.8753613,1
validation,1766,0.7146095,1
validation,1767,0.606352,1
validation,1768,0.8300098,1
validation,1769,0.49773097,1
validation,1770,0.66261244,1
validation,1771,0.9068419,1
validation,1772,0.8220237,1
validation,1773,0.72801673,1
validation,1774,0.89943933,1
validation,1775,0.57924604,1
validation,1776,0.95005405,1
validation,1777,0.28716943,1
validation,1778,0.78899926,1
validation,1779,0.9847501,1
validation,1780,0.9694967,1
validation,1781,0.88436955,1
validation,1782,0.94822323,1
validation,1783,0.88223606,1
validation,1784,0.64506096,1
validation,1785,0.9100515,1
validation,1786,0.944173,1
validation,1787,0.5435313,1
validation,1788,0.9057881,1
validation,1789,0.8139444,1
validation,1790,0.976184,1
validation,1791,0.8177365,1
validation,1792,0.8333503,1
validation,1793,0.8033957,1
validation,1794,0.08779016,1
validation,1795,0.6522528,1
validation,1796,0.8795885,1
validation,1797,0.98725367,1
validation,1798,0.95941603,1
validation,1799,0.66836464,1
validation,1800,0.659253,1
validation,1801,0.7896842,1
validation,1802,0.5447376,1
validation,1803,0.7430494,1
validation,1804,0.7931137,1
validation,1805,0.3400655,1
validation,1806,0.9373746,1
validation,1807,0.8003586,1
validation,1808,0.5058541,1
validation,1809,0.34746847,1
validation,1810,0.91066366,1
validation,1811,0.8177717,1
validation,1812,0.8877906,1
validation,1813,0.9549287,1
validation,1814,0.90300673,1
validation,1815,0.8587629,1
validation,1816,0.7392056,1
validation,1817,0.8988815,1
validation,1818,0.07520716,1
validation,1819,0.9752634,1
validation,1820,0.17262183,1
validation,1821,0.9635236,1
validation,1822,0.15821952,1
validation,1823,0.9023446,1
validation,1824,0.6059643,1
validation,1825,0.67560756,1
validation,1826,0.9358789,1
validation,1827,0.13534932,1
validation,1828,0.9502659,1
validation,1829,0.5835123,1
validation,1830,0.88204646,1
validation,1831,0.91775656,1
validation,1832,0.6311541,1
validation,1833,0.6843978,1
validation,1834,0.83387244,1
validation,1835,0.8358043,1
validation,1836,0.92710304,1
validation,1837,0.92849743,1
validation,1838,0.79277503,1
validation,1839,0.7545143,1
validation,1840,0.6192124,1
validation,1841,0.8538777,1
validation,1842,0.74798435,1
validation,1843,0.8178612,1
validation,1844,0.80332094,1
validation,1845,0.9195835,1
validation,1846,0.7804573,1
validation,1847,0.8044142,1
validation,1848,0.90682065,1
validation,1849,0.93952715,1
validation,1850,0.93828326,1
validation,1851,0.93842494,1
validation,1852,0.9068638,1
validation,1853,0.9280789,1
validation,1854,0.9053345,1
validation,1855,0.40156645,1
validation,1856,0.90786296,1
validation,1857,0.35538858,1
validation,1858,0.92969114,1
validation,1859,0.9012809,1
validation,1860,0.9301029,1
validation,1861,0.98294806,1
validation,1862,0.67217994,1
validation,1863,0.80697715,1
validation,1864,0.68455976,1
validation,1865,0.6499392,1
validation,1866,0.69870245,1
validation,1867,0.95679706,1
validation,1868,0.94697434,1
validation,1869,0.88979936,1
validation,1870,0.9376263,1
validation,1871,0.8365569,1
validation,1872,0.45834696,1
validation,1873,0.82248557,1
validation,1874,0.8097348,1
validation,1875,0.7517659,1
validation,1876,0.96991384,1
validation,1877,0.9211481,1
validation,1878,0.73509616,1
validation,1879,0.9410815,1
validation,1880,0.94484484,1
validation,1881,0.8528493,1
validation,1882,0.6963614,1
validation,1883,0.6705037,1
validation,1884,0.79199934,1
validation,1885,0.9290582,1
validation,1886,0.962677,1
validation,1887,0.3362776,1
validation,1888,0.7509457,1
validation,1889,0.91459,1
validation,1890,0.77125806,1
validation,1891,0.8822436,1
validation,1892,0.9429749,1
validation,1893,0.94797117,1
validation,1894,0.71867865,1
validation,1895,0.79732525,1
validation,1896,0.6705733,1
validation,1897,0.9949363,1
validation,1898,0.99717695,1
validation,1899,0.8378957,1
validation,1900,0.7182914,1
validation,1901,0.7223766,1
validation,1902,0.50218725,1
validation,1903,0.59696126,1
validation,1904,0.92384785,1
validation,1905,0.6584048,1
validation,1906,0.83124846,1
validation,1907,0.6452475,1
validation,1908,0.65941226,1
validation,1909,0.123035595,0
validation,1910,0.19009665,0
validation,1911,0.20143989,0
validation,1912,2.6518674e-05,0
validation,1913,0.0014495339,0
validation,1914,0.022288859,0
validation,1915,0.0024388686,0
validation,1916,5.469281e-05,0
validation,1917,0.13038687,0
validation,1918,0.00066494115,0
validation,1919,0.00034690814,0
validation,1920,0.01884465,1
validation,1921,0.4383448,0
validation,1922,6.9614134e-06,0
validation,1923,0.0015566295,0
validation,1924,0.0068292366,1
validation,1925,0.00038938163,0
validation,1926,0.0023234098,0
validation,1927,0.00028664328,0
validation,1928,7.924545e-06,0
validation,1929,0.7141624,1
validation,1930,0.07518267,0
validation,1931,0.0013733977,0
validation,1932,0.15146236,0
validation,1933,0.005687908,0
validation,1934,0.005028634,1
validation,1935,0.0009335748,0
validation,1936,0.0010534168,0
validation,1937,0.11604876,0
validation,1938,2.2612771e-06,0
validation,1939,0.0008190153,0
validation,1940,0.004194236,0
validation,1941,0.030201232,0
validation,1942,0.030657968,0
validation,1943,0.19181225,0
validation,1944,0.122731194,0
validation,1945,1.9235216e-07,0
validation,1946,0.12359394,0
validation,1947,0.015699685,0
validation,1948,0.015393039,0
validation,1949,0.008391555,0
validation,1950,0.089704305,0
validation,1951,0.0006276838,0
validation,1952,0.00049625774,0
validation,1953,0.0010517496,0
validation,1954,0.00020396749,0
validation,1955,0.021865679,0
validation,1956,0.13780017,0
validation,1957,0.08132759,0
validation,1958,0.01862091,0
validation,1959,0.13513508,0
validation,1960,0.13430968,0
validation,1961,0.26844302,1
validation,1962,0.008412086,0
validation,1963,0.019750196,0
validation,1964,0.067799136,0
validation,1965,0.019260205,0
validation,1966,0.0010183802,0
validation,1967,0.03191466,0
validation,1968,0.10558542,0
validation,1969,0.059027556,0
validation,1970,0.00096792623,0
validation,1971,0.8838675,0
validation,1972,0.14908317,0
validation,1973,0.0011188644,1
validation,1974,0.00025309145,0
validation,1975,0.45140627,0
validation,1976,0.21483982,0
validation,1977,0.18199264,0
validation,1978,0.106606,0
validation,1979,0.07811491,0
validation,1980,0.0081232255,0
validation,1981,0.005105105,0
validation,1982,0.009442674,0
validation,1983,0.00096040097,0
validation,1984,0.009513908,0
validation,1985,0.040003315,0
validation,1986,0.0021985485,0
validation,1987,0.00041580992,0
validation,1988,8.3477506e-05,0
validation,1989,0.09209476,0
validation,1990,0.38198987,0
validation,1991,0.92877144,0
validation,1992,0.74842775,0
validation,1993,0.1746116,0
validation,1994,0.02410177,0
validation,1995,0.13509966,0
validation,1996,0.18099065,0
validation,1997,0.019110851,0
validation,1998,0.79985315,0
validation,1999,0.011909024,0
validation,2000,0.011872036,0
validation,2001,0.00075925305,0
validation,2002,0.18656446,0
validation,2003,0.13390015,0
validation,2004,0.07493952,1
validation,2005,0.006871944,0
validation,2006,0.002841195,0
validation,2007,0.10734428,0
validation,2008,0.00034054977,0
validation,2009,0.0004716496,0
validation,2010,0.016633812,0
validation,2011,0.002530499,0
validation,2012,0.011423013,0
validation,2013,0.014972256,0
validation,2014,0.010531929,1
validation,2015,0.03477137,0
validation,2016,2.662099e-05,0
validation,2017,0.0016803975,0
validation,2018,0.028448228,0
validation,2019,0.13603485,0
validation,2020,0.00071855244,0
validation,2021,0.11666081,0
validation,2022,0.5091042,0
validation,2023,0.008560729,0
validation,2024,0.035724856,0
validation,2025,0.049219016,0
validation,2026,0.62195253,1
validation,2027,5.060949e-06,0
validation,2028,0.00078689883,0
validation,2029,0.011643718,0
validation,2030,0.19246162,0
validation,2031,7.1832674e-06,0
validation,2032,0.79726946,0
validation,2033,0.007956137,0
validation,2034,0.017724082,0
validation,2035,0.0069116685,0
validation,2036,0.08844898,0
validation,2037,0.99577206,1
validation,2038,0.9941337,1
validation,2039,0.9962266,1
validation,2040,0.9962847,1
validation,2041,0.9948643,1
validation,2042,0.99691063,1
validation,2043,0.996169,1
validation,2044,0.9958432,1
validation,2045,0.99782354,1
validation,2046,0.9965747,1
validation,2047,0.9966168,1
validation,2048,0.9964705,1
validation,2049,0.99626535,1
validation,2050,0.99481815,1
validation,2051,0.9960606,1
validation,2052,0.99504644,1
validation,2053,0.99685025,1
validation,2054,0.9756074,1
validation,2055,1.0,1
validation,2056,1.0,1
validation,2057,1.0,1
validation,2058,0.9874766,1
validation,2059,0.99544215,1
validation,2060,0.99669474,1
validation,2061,1.0,1
validation,2062,1.0,1
validation,2063,1.0,1
validation,2064,1.0,1
validation,2065,1.0,1
validation,2066,1.0,1
validation,2067,1.0,1
validation,2068,1.0,1
validation,2069,0.9731565,1
validation,2070,0.97815484,1
validation,2071,0.9089406,1
validation,2072,0.9999959,1
validation,2073,0.1993527,0
validation,2074,0.008237757,0
validation,2075,0.10819344,0
validation,2076,0.053221673,0
validation,2077,0.97847664,1
validation,2078,0.05722888,0
validation,2079,0.9998829,1
validation,2080,1.0,1
validation,2081,1.0,1
validation,2082,1.0,1
validation,2083,1.0,1
validation,2084,1.0,1
validation,2085,1.0,1
validation,2086,1.0,1
validation,2087,1.0,1
validation,2088,0.99999994,1
validation,2089,0.00022211963,0
validation,2090,0.05848183,0
validation,2091,0.028427182,0
validation,2092,0.056713257,1
validation,2093,0.0005291654,0
validation,2094,0.027134014,0
validation,2095,0.99439466,1
validation,2096,0.021343594,0
validation,2097,0.99527407,1
validation,2098,0.99953085,1
validation,2099,0.70205444,0
validation,2100,0.00090152066,0
validation,2101,0.9999943,1
validation,2102,0.9999961,1
validation,2103,0.9999963,1
validation,2104,0.99999136,1
validation,2105,0.6536052,1
validation,2106,0.99993366,1
validation,2107,0.99991494,1
validation,2108,0.9999284,1
validation,2109,0.9999097,1
validation,2110,0.9999887,1
validation,2111,0.9999837,1
validation,2112,0.05916554,0
validation,2113,0.05063368,0
validation,2114,0.9910356,1
validation,2115,0.9931856,1
validation,2116,0.026245048,0
validation,2117,0.15086599,0
validation,2118,0.11602124,0
validation,2119,0.00020638152,0
validation,2120,0.072768554,0
validation,2121,6.7704364e-05,0
validation,2122,0.0023375233,0
validation,2123,0.37170568,0
validation,2124,0.07142812,0
validation,2125,0.006794821,0
validation,2126,0.0013397494,0
validation,2127,0.0063423193,0
validation,2128,0.02764031,0
validation,2129,0.027246356,0
validation,2130,0.1940003,0
validation,2131,0.9546772,0
validation,2132,0.6404805,0
validation,2133,0.84828484,0
validation,2134,0.0012054582,0
validation,2135,0.7178279,0
validation,2136,0.79151237,0
validation,2137,0.95493126,1
validation,2138,1.2837448e-05,0
validation,2139,0.0009431555,0
validation,2140,0.0008660594,0
validation,2141,0.61833274,0
validation,2142,0.57330596,0
validation,2143,0.000187646,0
validation,2144,0.052820534,0
validation,2145,0.027257264,0
validation,2146,0.0005099438,0
validation,2147,0.22924347,0
validation,2148,0.09520884,0
validation,2149,0.012724882,0
validation,2150,0.6921166,0
validation,2151,0.0011933503,0
validation,2152,0.35290682,0
validation,2153,0.0036078363,0
validation,2154,0.108509764,0
validation,2155,8.117639e-06,0
validation,2156,0.055732254,0
validation,2157,0.105644196,0
validation,2158,0.01854863,0
validation,2159,0.0031846822,0
validation,2160,0.0016279812,0
validation,2161,0.015904883,0
validation,2162,0.6022308,0
validation,2163,0.7161516,0
validation,2164,7.034088e-05,0
validation,2165,0.28164396,0
validation,2166,0.955004,1
validation,2167,0.92353797,1
validation,2168,0.00035136624,0
validation,2169,0.9972545,1
validation,2170,0.99512666,1
validation,2171,0.0128925275,0
validation,2172,0.39140868,0
validation,2173,0.5187515,0
validation,2174,0.7222655,0
validation,2175,0.38148618,0
validation,2176,0.9999339,1
validation,2177,0.9999439,1
validation,2178,0.99993753,1
validation,2179,0.9999196,1
validation,2180,0.9999539,1
validation,2181,0.9998992,1
validation,2182,0.7233974,0
validation,2183,0.93806696,1
validation,2184,0.9530751,1
validation,2185,0.96282136,1
validation,2186,0.9536065,1
validation,2187,0.005289768,0
validation,2188,0.39588496,0
validation,2189,0.022067195,0
validation,2190,0.009690898,0
validation,2191,0.02619135,0
validation,2192,0.00971253,0
validation,2193,0.000384584,0
validation,2194,0.007975497,0
validation,2195,0.41586605,0
validation,2196,0.0004449163,0
validation,2197,0.048708376,0
validation,2198,0.018788008,0
validation,2199,0.008407679,0
validation,2200,0.2776511,0
validation,2201,0.95459086,0
validation,2202,0.9767778,1
validation,2203,0.01543331,0
validation,2204,0.012052662,0
validation,2205,0.36123016,0
validation,2206,0.0007698107,0
validation,2207,0.8122659,0
validation,2208,0.89819145,0
validation,2209,0.02951524,0
validation,2210,0.67722946,0
validation,2211,0.00016016282,0
validation,2212,0.005979548,0
validation,2213,0.42982972,0
validation,2214,0.057456713,0
validation,2215,0.005189728,0
validation,2216,0.03381261,0
validation,2217,0.05110276,0
validation,2218,0.47251445,0
validation,2219,0.7086681,0
validation,2220,0.005619773,0
validation,2221,0.24203049,0
validation,2222,0.76347864,0
validation,2223,0.5889807,0
validation,2224,0.8134271,0
validation,2225,0.05351108,0
validation,2226,0.0024594832,0
validation,2227,0.1816392,0
validation,2228,0.00042008978,0
validation,2229,0.09899393,0
validation,2230,0.9999906,1
validation,2231,0.00042964725,0
validation,2232,0.26070556,0
validation,2233,0.018895641,0
validation,2234,0.43638057,0
validation,2235,0.6379752,0
validation,2236,0.02441626,0
validation,2237,0.39268273,0
validation,2238,0.13783316,0
validation,2239,0.0023985659,0
validation,2240,0.37512898,0
validation,2241,0.8076544,0
validation,2242,0.018906118,0
validation,2243,0.3069463,0
validation,2244,0.017206196,0
validation,2245,0.558402,0
validation,2246,0.5667609,0
validation,2247,0.43142456,0
validation,2248,0.10759103,0
validation,2249,0.003901555,0
validation,2250,0.0079049235,0
validation,2251,2.5370298e-07,0
validation,2252,0.028695116,0
validation,2253,0.18260477,0
validation,2254,0.564265,0
validation,2255,0.9073194,0
validation,2256,0.0061422535,0
validation,2257,0.77141577,0
validation,2258,0.6082789,0
validation,2259,0.6163512,0
validation,2260,0.0014367009,0
validation,2261,0.33599323,0
validation,2262,0.0027147855,0
validation,2263,0.017361242,0
validation,2264,0.50784063,0
validation,2265,0.8255723,0
validation,2266,0.0010894507,0
validation,2267,0.00061048707,0
validation,2268,0.69908094,0
validation,2269,0.05523675,0
validation,2270,0.55749094,0
validation,2271,0.049016073,0
validation,2272,0.8850749,0
validation,2273,0.60529375,0
validation,2274,1.6616905e-06,0
validation,2275,0.9957293,1
validation,2276,0.18989505,0
validation,2277,0.013854595,0
validation,2278,0.2038429,0
validation,2279,0.00076404924,0
validation,2280,0.25543493,0
validation,2281,0.87534314,1
validation,2282,0.0039303736,0
validation,2283,0.00021084445,0
validation,2284,0.039995335,0
validation,2285,0.3281671,0
validation,2286,0.52542245,0
validation,2287,0.618919,0
validation,2288,0.010432094,0
validation,2289,0.2601574,0
validation,2290,0.99101317,1
validation,2291,0.0004999345,0
validation,2292,0.017347932,0
validation,2293,0.00035176123,0
validation,2294,0.036037017,0
validation,2295,0.12623164,0
validation,2296,0.60874,0
validation,2297,0.019238107,0
validation,2298,2.2976625e-05,0
validation,2299,0.4976221,0
validation,2300,0.0008005049,0
validation,2301,0.8813871,0
validation,2302,0.999816,1
validation,2303,0.99987894,1
validation,2304,0.99958324,1
validation,2305,0.9995653,1
validation,2306,0.9997989,1
validation,2307,0.99981385,1
validation,2308,0.99969184,1
validation,2309,0.9998825,1
validation,2310,0.006120956,0
validation,2311,0.5194662,0
validation,2312,0.2519778,0
validation,2313,0.00020882254,0
validation,2314,0.0012456119,0
validation,2315,0.15479392,0
validation,2316,0.0047388333,0
validation,2317,0.026586933,0
validation,2318,0.0162206,0
validation,2319,0.00011080489,0
validation,2320,0.005566907,0
validation,2321,0.18979745,0
validation,2322,4.864342e-05,0
validation,2323,0.0057111746,0
validation,2324,0.63648236,0
validation,2325,0.05427879,0
validation,2326,0.69217336,0
validation,2327,0.4108175,0
validation,2328,0.08049546,0
validation,2329,0.6440679,0
validation,2330,0.007284294,0
validation,2331,0.0006321505,0
validation,2332,0.0037392443,0
validation,2333,0.07560328,0
validation,2334,0.0007818938,0
validation,2335,0.0207115,0
validation,2336,0.32869145,0
validation,2337,0.44116277,0
validation,2338,0.0019547998,0
validation,2339,0.00048737074,0
validation,2340,0.0013079846,0
validation,2341,0.0067900917,0
validation,2342,0.011724506,0
validation,2343,0.09969236,0
validation,2344,0.8262058,0
validation,2345,0.0055634025,0
validation,2346,0.00031082085,0
validation,2347,0.0009715604,0
validation,2348,0.0030134006,0
validation,2349,0.00040554866,0
validation,2350,0.000603638,0
validation,2351,0.00012771034,0
validation,2352,0.00016642635,0
validation,2353,0.00023541108,0
validation,2354,0.2680856,0
validation,2355,0.008488172,0
validation,2356,0.0017024735,0
validation,2357,0.050037224,0
validation,2358,0.0144827785,0
validation,2359,0.27687058,0
validation,2360,0.07106829,0
validation,2361,3.625889e-05,0
validation,2362,5.608219e-05,0
validation,2363,0.0012905503,0
validation,2364,0.00058515026,0
validation,2365,0.59056246,0
validation,2366,0.0012193763,0
validation,2367,0.0032355168,0
validation,2368,0.000807152,0
validation,2369,0.01444652,0
validation,2370,0.001353769,0
validation,2371,0.0007861366,0
validation,2372,0.5787632,0
validation,2373,0.00016558237,0
validation,2374,0.008052155,0
validation,2375,0.3389863,0
validation,2376,0.6754619,0
validation,2377,0.0022520614,0
validation,2378,0.026282523,0
validation,2379,0.0027741813,0
validation,2380,0.0009729003,0
validation,2381,9.178719e-05,0
validation,2382,0.034489192,0
validation,2383,0.023581512,0
validation,2384,0.0037400776,0
validation,2385,0.0025476876,0
validation,2386,0.042926375,0
validation,2387,0.26275402,0
validation,2388,0.0037280119,1
validation,2389,0.0010305827,0
validation,2390,0.12324267,0
validation,2391,0.0037692366,0
validation,2392,0.001325453,0
validation,2393,0.3368523,0
validation,2394,0.00017306342,0
validation,2395,0.94654304,1
validation,2396,0.0005118093,0
validation,2397,0.6413876,0
validation,2398,0.034849055,0
validation,2399,0.107396245,0
validation,2400,0.0022893522,0
validation,2401,0.996619,1
validation,2402,0.9973976,1
validation,2403,0.9040605,1
validation,2404,0.0008636308,0
validation,2405,0.0011356127,0
validation,2406,0.17371637,0
validation,2407,0.00034624911,0
validation,2408,0.00011083575,0
validation,2409,0.00019492314,0
validation,2410,0.00030100753,0
validation,2411,0.0006658658,0
validation,2412,0.0054561635,0
validation,2413,0.0002599742,0
validation,2414,8.156179e-05,0
validation,2415,0.00046367574,0
validation,2416,0.0009305865,0
validation,2417,0.0023336923,0
validation,2418,0.004186408,0
validation,2419,0.18251736,0
validation,2420,0.00034863033,0
validation,2421,0.34145445,0
validation,2422,7.69057e-05,0
validation,2423,0.0016590827,0
validation,2424,0.27460217,0
validation,2425,0.13471058,0
validation,2426,0.04524766,0
validation,2427,0.00039204102,0
validation,2428,0.058925256,0
validation,2429,0.033349223,0
validation,2430,0.41871864,0
validation,2431,0.83701265,0
validation,2432,0.60819197,0
validation,2433,0.052178264,0
validation,2434,0.3263291,0
validation,2435,0.8636058,0
validation,2436,0.8292586,0
validation,2437,0.47047555,0
validation,2438,0.0017363149,0
validation,2439,0.4126266,0
validation,2440,0.0019354362,0
validation,2441,0.00013318422,0
validation,2442,0.09514127,1
validation,2443,0.41690302,0
validation,2444,0.1207409,0
validation,2445,0.0034417736,0
validation,2446,0.42325965,0
validation,2447,0.020283118,0
validation,2448,0.05653051,0
validation,2449,0.5197824,0
validation,2450,0.06322857,0
validation,2451,0.21410574,0
validation,2452,0.035116848,0
validation,2453,0.67130953,0
validation,2454,6.8006346e-05,0
validation,2455,0.00015514679,0
validation,2456,0.00017739028,0
validation,2457,0.00057045213,0
validation,2458,0.3103265,0
validation,2459,0.00041368874,0
validation,2460,0.0022596193,0
validation,2461,0.511963,0
validation,2462,0.59757936,0
validation,2463,0.9007508,0
validation,2464,0.04724479,0
validation,2465,0.0017689157,0
validation,2466,0.007481265,0
validation,2467,4.470938e-05,0
validation,2468,8.649023e-05,0
validation,2469,0.050539926,0
validation,2470,0.029067028,0
validation,2471,0.013796882,0
validation,2472,0.036957793,0
validation,2473,0.010391114,0
validation,2474,0.04858067,0
validation,2475,0.09171041,0
validation,2476,0.01530085,0
validation,2477,0.004302202,0
validation,2478,0.012889434,0
validation,2479,0.12584765,0
validation,2480,0.007799805,0
validation,2481,0.019438908,0
validation,2482,0.014905153,0
validation,2483,0.8892353,1
validation,2484,0.00029148982,0
validation,2485,0.0038183595,0
validation,2486,0.3922897,0
validation,2487,0.07098497,0
validation,2488,5.3436317e-05,0
validation,2489,0.16690864,0
validation,2490,0.022014005,0
validation,2491,0.1286941,0
validation,2492,0.040204775,0
validation,2493,0.02866901,0
validation,2494,0.36476305,0
validation,2495,0.065588646,0
validation,2496,0.005864199,0
validation,2497,0.004934135,0
validation,2498,0.003322737,0
validation,2499,0.005516625,0
validation,2500,0.0050126626,0
validation,2501,0.014184277,0
validation,2502,0.069611035,0
validation,2503,0.52727246,0
validation,2504,0.41467848,0
validation,2505,0.59577876,0
validation,2506,0.0003473814,0
validation,2507,0.0037364496,0
validation,2508,0.0012465027,0
validation,2509,0.035791986,0
validation,2510,0.3346187,0
validation,2511,0.2652441,0
validation,2512,0.018418083,0
validation,2513,0.06113381,0
validation,2514,0.077167265,0
validation,2515,0.06470829,0
validation,2516,0.00044473953,0
validation,2517,0.00055196043,0
validation,2518,0.043684706,1
validation,2519,0.09448467,0
validation,2520,0.085914955,0
validation,2521,0.07500368,0
validation,2522,0.046680674,0
validation,2523,0.00013112929,0
validation,2524,0.110053465,0
validation,2525,0.00427378,0
validation,2526,0.6043855,0
validation,2527,0.066546135,0
validation,2528,0.5161673,1
validation,2529,0.035395324,0
validation,2530,0.0035927386,0
validation,2531,0.115766,0
validation,2532,0.041014258,0
validation,2533,0.07225,0
validation,2534,0.26616585,0
validation,2535,0.09706898,0
validation,2536,0.000743857,0
validation,2537,0.15201114,0
validation,2538,0.07172681,0
validation,2539,0.075991794,0
validation,2540,0.5277449,0
validation,2541,0.09552052,0
validation,2542,0.10947935,0
validation,2543,5.470945e-05,0
validation,2544,0.9977231,1
validation,2545,0.08183564,0
validation,2546,0.054755684,0
validation,2547,0.14402173,0
validation,2548,0.00092061533,0
validation,2549,0.042184632,0
validation,2550,0.0010065726,0
validation,2551,2.2961774e-05,0
validation,2552,0.004806373,0
validation,2553,0.2799162,0
validation,2554,0.020355798,0
validation,2555,5.5897555e-05,0
validation,2556,0.23862992,0
validation,2557,0.00015334363,0
validation,2558,0.06771266,0
validation,2559,0.41456458,0
validation,2560,0.54756165,0
validation,2561,0.99125135,1
validation,2562,0.9923616,1
validation,2563,0.9977671,1
validation,2564,0.995173,1
validation,2565,0.99779034,1
validation,2566,0.9965107,1
validation,2567,0.99782073,1
validation,2568,0.009110662,0
validation,2569,1.6488864e-05,0
validation,2570,0.020332469,0
validation,2571,0.13561016,0
validation,2572,0.00019390396,0
validation,2573,0.077981435,0
validation,2574,0.10799544,0
validation,2575,0.049916003,0
validation,2576,0.34671798,0
validation,2577,0.4392256,0
validation,2578,0.9973588,1
validation,2579,0.1724896,0
validation,2580,0.028727187,0
validation,2581,0.21385339,0
validation,2582,0.2579094,0
validation,2583,0.33294374,0
validation,2584,0.052758276,0
validation,2585,0.14186646,0
validation,2586,0.06762551,0
validation,2587,0.16812615,0
validation,2588,0.15628955,0
validation,2589,0.010234847,0
validation,2590,0.005564479,0
validation,2591,2.452324e-05,0
validation,2592,0.28316826,0
validation,2593,0.06741373,0
validation,2594,0.0427669,0
validation,2595,0.0049659736,0
validation,2596,6.507897e-05,0
validation,2597,0.00034039043,0
validation,2598,0.10113434,0
validation,2599,0.0011193025,0
validation,2600,0.03590546,0
validation,2601,0.2963237,0
validation,2602,4.5972203e-05,0
validation,2603,9.755248e-05,0
validation,2604,0.00021129604,0
validation,2605,0.13946679,0
validation,2606,0.08168768,0
validation,2607,0.9998899,1
validation,2608,0.9999043,1
validation,2609,0.98290896,1
validation,2610,0.9463617,1
validation,2611,0.019295823,0
validation,2612,0.00016520623,0
validation,2613,0.005389404,0
validation,2614,0.5202907,0
validation,2615,0.32790798,0
validation,2616,0.0007223258,0
validation,2617,0.0004302026,0
validation,2618,0.18790019,0
validation,2619,0.04590827,0
validation,2620,0.038048506,0
validation,2621,0.045680165,0
validation,2622,0.13559246,0
validation,2623,0.94221085,1
validation,2624,0.5758514,0
validation,2625,0.012161614,0
validation,2626,0.10296367,0
validation,2627,0.043656643,0
validation,2628,4.205957e-06,0
validation,2629,0.073792204,0
validation,2630,0.0005744548,0
validation,2631,0.023655938,0
validation,2632,0.020667126,0
validation,2633,0.006381203,0
validation,2634,0.0029967572,0
validation,2635,0.010725763,0
validation,2636,0.0054730675,0
validation,2637,0.4820274,0
validation,2638,0.0003642066,0
validation,2639,0.19642428,0
validation,2640,0.036403414,0
validation,2641,0.22693157,0
validation,2642,0.088934556,0
validation,2643,0.0139957145,0
validation,2644,0.023319893,0
validation,2645,0.0010643591,0
validation,2646,0.987084,1
validation,2647,0.98721397,1
validation,2648,0.9704361,1
validation,2649,0.9518056,1
validation,2650,0.8565527,1
validation,2651,0.034421876,0
validation,2652,1.2776454e-05,0
validation,2653,0.03355819,0
validation,2654,0.085819654,0
validation,2655,0.00030419568,0
validation,2656,0.9492729,1
validation,2657,0.23199,0
validation,2658,0.07678235,0
validation,2659,0.30910572,0
validation,2660,0.24313757,0
validation,2661,0.8445271,1
validation,2662,0.58251035,0
validation,2663,0.25737754,0
validation,2664,0.05304952,0
validation,2665,7.2887087e-06,0
validation,2666,0.5747426,1
validation,2667,0.006354679,0
validation,2668,0.003114003,0
validation,2669,0.22841835,0
validation,2670,0.0023334348,0
validation,2671,0.1128297,0
validation,2672,0.26376036,0
validation,2673,0.0014512354,0
validation,2674,0.00016322393,0
validation,2675,0.06740024,0
validation,2676,0.09804929,0
validation,2677,0.56554997,1
validation,2678,0.024393613,0
validation,2679,0.00020781529,0
validation,2680,0.00084426097,0
validation,2681,0.06123451,0
validation,2682,0.2542607,0
validation,2683,0.00082669733,0
validation,2684,0.00021179668,0
validation,2685,0.0007958956,0
validation,2686,0.0015826975,0
validation,2687,0.00018330698,0
validation,2688,0.00055956066,0
validation,2689,0.00041416186,0
validation,2690,0.0012835733,0
validation,2691,0.039516155,0
validation,2692,5.8698086e-05,0
validation,2693,0.19500346,0
validation,2694,0.16803092,0
validation,2695,8.5859545e-05,0
validation,2696,0.009143203,0
validation,2697,0.23526594,0
validation,2698,0.0020582909,0
validation,2699,0.14548509,0
validation,2700,5.5762855e-05,0
validation,2701,0.3253374,0
validation,2702,0.16828261,0
validation,2703,0.16586322,0
validation,2704,0.45396423,0
validation,2705,0.95934486,1
validation,2706,0.99974257,1
validation,2707,0.99988216,1
validation,2708,0.99984974,1
validation,2709,0.99980843,1
validation,2710,0.9998657,1
validation,2711,0.99977833,1
validation,2712,0.99978703,1
validation,2713,0.99978733,1
validation,2714,0.9998527,1
validation,2715,0.9998132,1
validation,2716,0.99980056,1
validation,2717,0.99985456,1
validation,2718,0.028506616,0
validation,2719,0.00057006814,0
validation,2720,0.17978893,0
validation,2721,0.06560051,1
validation,2722,0.042506102,0
validation,2723,0.03011266,0
validation,2724,0.1696746,0
validation,2725,0.9834551,1
validation,2726,3.680311e-05,0
validation,2727,7.243722e-05,0
validation,2728,0.0033546756,0
validation,2729,0.06614411,0
validation,2730,0.1440777,0
validation,2731,0.0930616,0
validation,2732,0.0007100297,0
validation,2733,0.2023265,0
validation,2734,0.0001376709,0
validation,2735,0.4664847,0
validation,2736,0.05783033,0
validation,2737,0.034561887,0
validation,2738,0.054093566,0
validation,2739,0.84784526,1
validation,2740,0.7561173,1
validation,2741,0.5853845,1
validation,2742,0.013112449,0
validation,2743,0.0012958015,0
validation,2744,0.9950709,1
validation,2745,0.17987795,0
validation,2746,0.01581808,0
validation,2747,0.08761091,0
validation,2748,0.2562695,0
validation,2749,0.00016938265,0
validation,2750,0.00020299005,0
validation,2751,0.16688661,0
validation,2752,0.00016217087,0
validation,2753,0.028172178,0
validation,2754,0.12533987,0
validation,2755,0.103613466,0
validation,2756,0.17638373,0
validation,2757,0.0906149,0
validation,2758,1.3753187e-05,0
validation,2759,0.06251257,0
validation,2760,0.00016081825,0
validation,2761,0.0022109244,0
validation,2762,0.09150816,0
validation,2763,0.035807643,0
validation,2764,0.24054441,0
validation,2765,0.0057580597,0
validation,2766,0.06399244,0
validation,2767,0.00036320832,0
validation,2768,0.0046742116,0
validation,2769,0.0020771357,0
validation,2770,0.04601688,0
validation,2771,0.2482962,0
validation,2772,0.104360625,0
validation,2773,0.094865784,0
validation,2774,0.3395218,0
validation,2775,0.14286852,0
validation,2776,0.019956557,0
validation,2777,0.22984715,0
validation,2778,0.0006620681,0
validation,2779,0.009398728,0
validation,2780,0.00012078122,0
validation,2781,0.08061483,0
validation,2782,0.006459734,0
validation,2783,0.49773997,0
validation,2784,0.8923914,0
validation,2785,0.21164629,0
validation,2786,0.17166372,0
validation,2787,0.00044476066,0
validation,2788,0.0010941087,0
validation,2789,0.17490022,0
validation,2790,0.0040661595,0
validation,2791,0.04310269,0
validation,2792,0.00044732972,0
validation,2793,0.046366334,0
validation,2794,0.19213055,0
validation,2795,0.00095823064,0
validation,2796,0.00093461265,0
validation,2797,0.0012715971,0
validation,2798,0.26962242,0
validation,2799,0.001375361,0
validation,2800,0.6927998,0
validation,2801,0.5242642,0
validation,2802,0.0012002713,0
validation,2803,0.0035123276,0
validation,2804,0.0004440287,0
validation,2805,0.5309557,0
validation,2806,0.61358845,0
validation,2807,0.001954346,0
validation,2808,0.29173565,0
validation,2809,0.004832613,0
validation,2810,0.010287831,0
validation,2811,0.16708611,0
validation,2812,3.6841528e-05,0
validation,2813,0.030412078,0
validation,2814,0.7307226,0
validation,2815,0.17271993,0
validation,2816,0.0067884326,0
validation,2817,0.2721643,0
validation,2818,0.6262676,0
validation,2819,0.30509958,0
validation,2820,0.00072594156,0
validation,2821,0.00012434863,0
validation,2822,0.009196278,0
validation,2823,0.37784246,0
validation,2824,9.1128815e-05,0
validation,2825,0.017572394,0
validation,2826,0.000370124,0
validation,2827,5.7273664e-05,0
validation,2828,0.03588542,0
validation,2829,0.47456867,0
validation,2830,0.023889119,0
validation,2831,0.20271273,0
validation,2832,0.23452614,0
validation,2833,0.045125816,0
validation,2834,0.20021471,0
validation,2835,0.112439655,0
validation,2836,0.21544099,0
validation,2837,0.0028939,0
validation,2838,0.033194296,0
validation,2839,0.00067181326,0
validation,2840,0.17712545,0
validation,2841,0.0003484569,0
validation,2842,0.08353429,0
validation,2843,0.013403028,0
validation,2844,0.06516862,0
validation,2845,0.013715125,0
validation,2846,0.13430294,0
validation,2847,0.009302104,0
validation,2848,0.00020362627,0
validation,2849,0.0020163984,0
validation,2850,0.11740287,0
validation,2851,0.0003958998,0
validation,2852,0.20729153,0
validation,2853,0.11480863,0
validation,2854,0.00025046145,0
validation,2855,0.050819255,0
validation,2856,0.1673747,0
validation,2857,0.047378242,0
validation,2858,0.044686776,0
validation,2859,0.015508983,0
validation,2860,0.0032046956,0
validation,2861,0.00011059334,0
validation,2862,0.28047535,0
validation,2863,0.08488825,0
validation,2864,0.027729724,0
validation,2865,0.001558548,0
validation,2866,0.10587861,0
validation,2867,0.5570693,0
validation,2868,0.01953501,0
validation,2869,0.013671307,0
validation,2870,0.028532354,0
validation,2871,0.22146174,0
validation,2872,0.04492641,0
validation,2873,0.00075215136,0
validation,2874,0.3926852,0
validation,2875,0.023741726,0
validation,2876,0.011336297,0
validation,2877,0.17771423,0
validation,2878,0.17663674,0
validation,2879,0.11017713,0
validation,2880,0.091411285,0
validation,2881,0.00041137877,0
validation,2882,0.02765073,0
validation,2883,0.00019845631,0
validation,2884,0.02716201,0
validation,2885,0.0860268,0
validation,2886,0.08656871,0
validation,2887,8.281805e-05,0
validation,2888,0.040444173,0
validation,2889,0.019121477,0
validation,2890,5.637829e-05,0
validation,2891,0.48154485,0
validation,2892,0.12285804,0
validation,2893,0.2898251,0
validation,2894,0.60755384,0
validation,2895,0.16050768,0
validation,2896,0.046704847,0
validation,2897,0.0005824946,0
validation,2898,0.06378211,0
validation,2899,0.03872605,0
validation,2900,0.08625322,0
validation,2901,0.46287617,0
validation,2902,0.1447863,0
validation,2903,0.061630506,0
validation,2904,0.22666915,0
validation,2905,0.011639043,0
validation,2906,0.000574546,0
validation,2907,0.03464842,0
validation,2908,0.13361491,0
validation,2909,0.15671372,0
validation,2910,0.014254913,0
validation,2911,0.16454747,0
validation,2912,0.052176833,0
validation,2913,0.7476653,0
validation,2914,0.08045073,0
validation,2915,0.027590636,0
validation,2916,0.043241072,0
validation,2917,0.039453156,0
validation,2918,0.029776402,0
validation,2919,0.07092874,0
validation,2920,0.00078369305,0
validation,2921,0.14404014,0
validation,2922,0.41262478,0
validation,2923,0.08186402,0
validation,2924,0.049071457,0
validation,2925,0.16992925,0
validation,2926,0.09815211,0
validation,2927,0.18098412,0
validation,2928,0.21051317,0
validation,2929,0.07009631,0
validation,2930,0.085597135,0
validation,2931,0.000566672,0
validation,2932,0.07391401,0
validation,2933,0.0816633,0
validation,2934,0.1860163,0
validation,2935,0.22633362,0
validation,2936,0.08235572,0
validation,2937,0.17828947,0
validation,2938,0.018303717,0
validation,2939,0.10274983,0
validation,2940,0.07688427,0
validation,2941,0.2525163,0
validation,2942,0.06454835,0
validation,2943,0.0013425602,0
validation,2944,0.080485225,0
validation,2945,0.4697276,0
validation,2946,0.26209384,0
validation,2947,0.119573206,0
validation,2948,0.699057,0
validation,2949,0.0028021925,0
validation,2950,0.725829,0
validation,2951,0.000849248,0
validation,2952,0.00029734548,0
validation,2953,0.23946486,0
validation,2954,0.0948729,0
validation,2955,0.59902656,0
validation,2956,0.23218858,0
validation,2957,0.09504339,0
validation,2958,0.0018146157,0
validation,2959,0.014454923,0
validation,2960,0.068567194,0
validation,2961,0.21619812,0
validation,2962,0.4492028,0
validation,2963,0.0021949792,0
validation,2964,0.056437828,0
validation,2965,0.017882647,0
validation,2966,0.04712057,0
validation,2967,0.0012309432,0
validation,2968,0.067016676,0
validation,2969,0.001155958,0
validation,2970,0.32384846,0
validation,2971,0.08725685,0
validation,2972,0.16037132,0
validation,2973,0.01122082,0
validation,2974,0.00054826384,0
validation,2975,0.007033218,0
validation,2976,0.010817213,0
validation,2977,0.0066809156,0
validation,2978,0.009248235,0
validation,2979,0.18564945,0
validation,2980,0.102274165,0
validation,2981,0.37664875,0
validation,2982,0.11841632,0
validation,2983,0.015238744,0
validation,2984,0.28364763,0
validation,2985,0.036736477,0
validation,2986,0.0012802863,0
validation,2987,0.0001041696,0
validation,2988,0.115703665,0
validation,2989,0.22595085,0
validation,2990,0.08671432,0
validation,2991,0.09905404,0
validation,2992,0.030984227,0
validation,2993,0.02335448,0
validation,2994,0.2672533,0
validation,2995,0.0013613092,0
validation,2996,0.04500933,0
validation,2997,0.03224222,0
validation,2998,0.07794695,0
validation,2999,0.1348761,0
validation,3000,0.45203117,0
validation,3001,0.17913209,0
validation,3002,0.086297,0
validation,3003,0.09462817,0
validation,3004,0.17937042,0
validation,3005,0.12263088,0
validation,3006,0.00030094243,0
validation,3007,8.678038e-05,0
validation,3008,0.14634411,0
validation,3009,0.52175224,0
validation,3010,0.00045483094,0
validation,3011,0.12158977,0
validation,3012,0.27704388,0
validation,3013,0.0029102368,0
validation,3014,0.0014647504,0
validation,3015,0.56888723,0
validation,3016,0.38580054,0
validation,3017,0.00057093764,0
validation,3018,0.00091798103,0
validation,3019,0.019915756,0
validation,3020,0.045877274,0
validation,3021,0.17290162,0
validation,3022,0.08511784,0
validation,3023,0.508499,0
validation,3024,0.1151503,0
validation,3025,0.022774413,0
validation,3026,0.28676814,0
validation,3027,0.16730022,0
validation,3028,0.25218225,0
validation,3029,0.00851693,0
validation,3030,0.059884723,0
validation,3031,0.06402219,0
validation,3032,0.00021360241,0
validation,3033,0.0038975005,0
validation,3034,0.00024721166,0
validation,3035,0.1730602,0
validation,3036,0.17763847,0
validation,3037,0.18986705,0
validation,3038,0.04498906,0
validation,3039,0.12854244,0
validation,3040,0.004113006,0
validation,3041,0.010802941,0
validation,3042,0.23006596,0
validation,3043,3.7839676e-05,0
validation,3044,0.09788297,0
validation,3045,0.32158816,0
validation,3046,0.04888572,0
validation,3047,0.00041808022,0
validation,3048,0.1844523,0
validation,3049,0.40344304,0
validation,3050,0.10886329,0
validation,3051,0.10107404,0
validation,3052,0.0053319354,0
validation,3053,0.73165476,0
validation,3054,0.028662918,0
validation,3055,0.10011228,0
validation,3056,0.18532579,0
validation,3057,0.03989339,0
validation,3058,0.6331348,0
validation,3059,0.033507545,0
validation,3060,0.0878145,0
validation,3061,3.6085792e-05,0
validation,3062,0.0021304686,0
validation,3063,0.06667798,0
validation,3064,1.9958388e-05,0
validation,3065,0.23584092,0
validation,3066,0.0312212,0
validation,3067,0.015169404,0
validation,3068,0.07769711,0
validation,3069,0.1581826,0
validation,3070,0.0043343776,0
validation,3071,0.16788612,0
validation,3072,0.05150434,0
validation,3073,0.5770534,0
validation,3074,0.0011404406,0
validation,3075,0.70768017,0
validation,3076,0.23418172,0
validation,3077,0.032967456,0
validation,3078,0.0004562768,0
validation,3079,0.00047811083,0
validation,3080,6.6361055e-05,0
validation,3081,0.11447915,0
validation,3082,0.070108525,0
validation,3083,0.00059194915,0
validation,3084,0.044122946,0
validation,3085,0.005320502,0
validation,3086,0.03508764,0
validation,3087,0.24300635,0
validation,3088,0.19628301,0
validation,3089,0.21232995,0
validation,3090,0.16997388,0
validation,3091,0.55938995,0
validation,3092,0.86584467,0
validation,3093,0.4934976,0
validation,3094,0.00038951414,0
validation,3095,0.00019260801,0
validation,3096,0.6525901,0
validation,3097,0.03722953,0
validation,3098,0.11381072,0
validation,3099,0.00016902547,0
validation,3100,0.21009032,0
validation,3101,0.030127425,0
validation,3102,0.009112504,0
validation,3103,0.18512452,0
validation,3104,0.065006755,0
validation,3105,0.010374756,0
validation,3106,0.001259032,0
validation,3107,0.14046282,0
validation,3108,0.031873107,0
validation,3109,2.3306418e-05,0
validation,3110,0.0008095306,0
validation,3111,0.00014713264,0
validation,3112,0.0005526277,0
validation,3113,0.00068004895,0
validation,3114,0.4870272,0
validation,3115,0.05379661,0
validation,3116,0.7180884,0
validation,3117,0.61237514,0
validation,3118,0.0003015714,0
validation,3119,0.0064553493,0
validation,3120,0.025320422,0
validation,3121,0.0018566279,0
validation,3122,0.0291872,0
validation,3123,0.009373199,0
validation,3124,0.0024520494,0
validation,3125,1.7893586e-05,0
validation,3126,0.04468986,0
validation,3127,0.00014621152,0
validation,3128,0.6047975,0
validation,3129,0.07761968,0
validation,3130,0.55559194,0
validation,3131,0.0054564895,0
validation,3132,0.17006528,0
validation,3133,0.00014787512,0
validation,3134,0.24655707,0
validation,3135,0.07989307,0
validation,3136,0.050445646,0
validation,3137,0.0011125378,0
validation,3138,6.6372195e-05,0
validation,3139,0.27751917,0
validation,3140,0.037467763,0
validation,3141,0.19277869,0
validation,3142,0.00039452108,0
validation,3143,0.14141129,0
validation,3144,0.85817945,0
validation,3145,0.18551393,0
validation,3146,0.095171876,0
validation,3147,0.00020727229,0
validation,3148,0.005429108,0
validation,3149,0.05241864,0
validation,3150,0.17628953,0
validation,3151,0.00026645145,0
validation,3152,0.00035205364,0
validation,3153,0.2337105,0
validation,3154,0.00064017816,0
validation,3155,0.0022895508,0
validation,3156,0.22810602,0
validation,3157,0.078135476,0
validation,3158,0.20413268,0
validation,3159,0.028571673,0
validation,3160,0.29071355,0
validation,3161,0.0013144015,0
validation,3162,0.24817544,0
validation,3163,0.002195394,0
validation,3164,0.0017437313,0
validation,3165,0.0013898821,0
validation,3166,0.0006376476,0
validation,3167,0.00019713615,0
validation,3168,0.00040629972,0
validation,3169,0.18907127,0
validation,3170,0.08201381,0
validation,3171,0.008011936,0
validation,3172,0.4352295,0
validation,3173,0.25855485,0
validation,3174,0.7411493,0
validation,3175,0.00024381331,0
validation,3176,0.2924366,0
validation,3177,0.020266231,0
validation,3178,0.09709411,0
validation,3179,0.005912613,0
validation,3180,0.029534131,0
validation,3181,0.030815614,0
validation,3182,0.17631644,0
validation,3183,0.0012364073,0
validation,3184,0.004329569,0
validation,3185,0.0053656627,0
validation,3186,0.005974805,0
validation,3187,0.029513137,0
validation,3188,0.098729216,0
validation,3189,0.0004447179,0
validation,3190,0.012312205,0
validation,3191,0.05084532,0
validation,3192,5.9933933e-07,0
validation,3193,0.00016976862,0
validation,3194,0.11969484,0
validation,3195,0.12242038,0
validation,3196,0.00028192785,0
validation,3197,0.0021625853,0
validation,3198,0.0022859415,0
validation,3199,0.0023109752,0
validation,3200,0.73478,0
validation,3201,0.71527934,0
validation,3202,0.030864075,0
validation,3203,0.00234412,0
validation,3204,0.1438638,0
validation,3205,0.0011424005,0
validation,3206,0.009741282,0
validation,3207,0.67469585,0
validation,3208,0.0004395392,0
validation,3209,0.0071679177,0
validation,3210,0.60731304,0
validation,3211,0.13403735,0
validation,3212,0.4979307,0
validation,3213,0.00027624925,0
validation,3214,0.00054475013,0
validation,3215,0.284206,0
validation,3216,0.0041256626,0
validation,3217,0.10231934,0
validation,3218,0.20401695,0
validation,3219,0.5638306,0
validation,3220,0.88276076,0
validation,3221,0.22325517,0
validation,3222,0.4272239,0
validation,3223,0.008156317,0
validation,3224,0.970584,0
validation,3225,0.043979794,0
validation,3226,0.50043297,0
validation,3227,0.13223198,0
validation,3228,0.005025316,0
validation,3229,0.20838356,0
validation,3230,0.0038208286,0
validation,3231,0.026652338,0
validation,3232,0.4054176,0
validation,3233,0.052930165,0
validation,3234,0.00057158223,0
validation,3235,0.00070489827,0
validation,3236,0.18164483,0
validation,3237,0.3122695,0
validation,3238,0.0021727735,0
validation,3239,2.4003884e-05,0
validation,3240,0.3586784,0
validation,3241,0.382862,0
validation,3242,0.47028416,0
validation,3243,0.25901252,0
validation,3244,0.00039961704,0
validation,3245,0.23385084,0
validation,3246,0.029261896,0
validation,3247,0.76406485,0
validation,3248,0.0001294216,0
validation,3249,0.8428763,0
validation,3250,0.030294206,0
validation,3251,0.6949265,0
validation,3252,0.0020445036,0
validation,3253,0.0790535,0
validation,3254,7.7714697e-07,0
validation,3255,0.0016447038,0
validation,3256,0.0010691605,0
validation,3257,0.006510515,0
validation,3258,0.0016293429,0
validation,3259,0.006864418,0
validation,3260,0.0092933625,0
validation,3261,0.3922754,0
validation,3262,0.2553488,0
validation,3263,0.098275125,0
validation,3264,0.057395227,0
validation,3265,0.0010694666,0
validation,3266,0.21634376,0
validation,3267,0.80225813,0
validation,3268,0.00029036094,0
validation,3269,0.026803775,0
validation,3270,0.53370404,0
validation,3271,0.8787015,0
validation,3272,0.11376811,0
validation,3273,0.006029952,0
validation,3274,0.56606483,0
validation,3275,0.5514973,0
validation,3276,0.23670636,0
validation,3277,0.37604886,0
validation,3278,0.44873378,0
validation,3279,4.6136814e-05,0
validation,3280,0.008899161,0
validation,3281,0.21719632,0
validation,3282,0.72102606,0
validation,3283,0.08592714,0
validation,3284,0.7749225,0
validation,3285,0.23119429,0
validation,3286,0.004486561,0
validation,3287,0.010113476,0
validation,3288,0.011045683,0
validation,3289,0.000491738,0
validation,3290,0.0019116857,0
validation,3291,0.0009757729,0
validation,3292,0.11120482,0
validation,3293,0.023259383,0
validation,3294,0.26946008,0
validation,3295,0.2494786,0
validation,3296,0.068545856,0
validation,3297,0.05913242,0
validation,3298,0.00830029,0
validation,3299,0.023470016,0
validation,3300,0.00012036925,0
validation,3301,0.16638044,0
validation,3302,0.2630342,0
validation,3303,0.13174905,0
validation,3304,0.028241789,0
validation,3305,0.27945185,0
validation,3306,0.0072369287,0
validation,3307,0.025603384,0
validation,3308,0.00739258,0
validation,3309,0.16308114,0
validation,3310,0.8642708,0
validation,3311,0.00022803417,0
validation,3312,0.02368987,0
validation,3313,0.0024308877,0
validation,3314,0.00017853413,0
validation,3315,0.0026202097,0
validation,3316,0.011141587,0
validation,3317,0.008898674,0
validation,3318,0.0069663976,0
validation,3319,0.055854715,0
validation,3320,0.026775418,0
validation,3321,0.04347556,0
validation,3322,0.017201649,0
validation,3323,0.0077791046,0
validation,3324,0.0003378119,0
validation,3325,0.00013258285,0
validation,3326,0.3396746,0
validation,3327,0.500745,0
validation,3328,0.041339714,0
validation,3329,0.1298415,0
validation,3330,0.15364861,0
validation,3331,0.24693061,0
validation,3332,2.8956167e-05,0
validation,3333,1.1772838e-05,0
validation,3334,0.091111235,0
validation,3335,0.01704582,0
validation,3336,0.010266079,0
validation,3337,1.3630344e-05,0
validation,3338,0.36630753,0
validation,3339,0.0001594214,0
validation,3340,0.19200467,0
validation,3341,2.4821205e-05,0
validation,3342,0.014252902,0
validation,3343,0.5999092,0
validation,3344,0.0007862524,0
validation,3345,0.35278025,0
validation,3346,0.00014531906,0
validation,3347,0.0007945554,0
validation,3348,0.00031562196,0
validation,3349,0.04587901,0
validation,3350,7.209748e-05,0
validation,3351,0.00082900515,0
validation,3352,0.00046342786,0
validation,3353,0.62392414,0
validation,3354,0.51932013,0
validation,3355,0.010350983,0
validation,3356,0.0009844674,0
validation,3357,0.6526228,0
validation,3358,0.36305997,0
validation,3359,0.59337234,0
validation,3360,0.55596876,0
validation,3361,0.0005227833,0
validation,3362,0.00014092258,0
validation,3363,0.17619373,0
validation,3364,0.08206391,0
validation,3365,0.5526025,0
validation,3366,0.2000117,0
validation,3367,0.0030649316,0
validation,3368,0.08682242,0
validation,3369,0.08925424,0
validation,3370,0.065395415,0
validation,3371,0.27470142,0
validation,3372,0.22795679,0
validation,3373,0.00014266549,0
validation,3374,0.18683651,0
validation,3375,0.67387813,0
validation,3376,0.19850515,0
validation,3377,0.07701878,0
validation,3378,8.9837435e-05,0
validation,3379,0.52846086,0
validation,3380,0.013435439,0
validation,3381,2.0694644e-05,0
validation,3382,0.91918516,0
validation,3383,0.007233469,0
validation,3384,0.34337667,0
validation,3385,0.21720342,0
validation,3386,0.24922068,0
validation,3387,0.24660122,0
validation,3388,0.23170893,0
validation,3389,0.32276827,0
validation,3390,0.3750789,0
validation,3391,0.00010366136,0
validation,3392,0.06915302,0
validation,3393,0.0007660387,0
validation,3394,0.0076960586,0
validation,3395,0.076589026,0
validation,3396,0.2602319,0
validation,3397,0.5856887,0
validation,3398,0.00047364502,0
validation,3399,0.007214032,0
validation,3400,0.0041505345,0
validation,3401,0.010444102,0
validation,3402,0.018619094,0
validation,3403,0.0013913998,0
validation,3404,0.0021036682,0
validation,3405,0.0009940332,0
validation,3406,0.00056820776,0
validation,3407,0.24475385,0
validation,3408,1.8417319e-05,0
validation,3409,0.4035907,0
validation,3410,0.0383365,0
validation,3411,0.0031775485,0
validation,3412,0.29353932,0
validation,3413,0.011559606,0
validation,3414,0.013390833,0
validation,3415,0.5897678,0
validation,3416,9.4234665e-06,0
validation,3417,0.0005818002,0
validation,3418,0.17952594,0
validation,3419,0.012298602,0
validation,3420,0.004231324,0
validation,3421,0.023943681,0
validation,3422,0.00092184945,0
validation,3423,0.10870566,0
validation,3424,0.0009990195,0
validation,3425,0.094554536,0
validation,3426,0.0018514108,0
validation,3427,0.000767514,0
validation,3428,0.00052180956,0
validation,3429,0.00028193297,0
validation,3430,0.0042222105,0
validation,3431,0.000692745,0
validation,3432,0.0007668166,0
validation,3433,0.17395455,0
validation,3434,0.001660467,0
validation,3435,0.0022413724,0
validation,3436,0.21653767,0
validation,3437,0.0007091333,0
validation,3438,0.32192364,0
validation,3439,0.37573794,0
validation,3440,0.35333794,0
validation,3441,0.002813199,0
validation,3442,0.022452123,0
validation,3443,0.00010416434,0
validation,3444,0.009967083,0
validation,3445,0.19546978,0
validation,3446,0.17981009,0
validation,3447,0.00141579,0
validation,3448,0.0014275517,0
validation,3449,0.030933896,0
validation,3450,0.24352689,0
validation,3451,0.0007795703,0
validation,3452,0.0004325135,0
validation,3453,0.10838202,0
validation,3454,0.004294067,0
validation,3455,0.4838365,0
validation,3456,0.0014689282,0
validation,3457,0.00022057415,0
validation,3458,0.00032435116,0
validation,3459,0.009383871,0
validation,3460,0.072957724,0
validation,3461,0.0038922909,0
validation,3462,0.29476917,0
validation,3463,0.83628994,0
validation,3464,0.0008326211,0
validation,3465,0.0008845372,0
validation,3466,0.33924383,0
validation,3467,0.04602602,0
validation,3468,0.27114803,0
validation,3469,3.8252016e-05,0
validation,3470,3.1005995e-05,0
validation,3471,0.036853243,0
validation,3472,0.04857407,0
validation,3473,0.26129544,0
validation,3474,4.3418837e-05,0
validation,3475,8.557101e-05,0
validation,3476,0.00014089236,0
validation,3477,0.00065991783,0
validation,3478,0.00012369534,0
validation,3479,0.04988402,0
validation,3480,0.020471398,0
validation,3481,1.4118511e-05,0
validation,3482,0.18428366,0
validation,3483,0.019406637,0
validation,3484,4.249241e-06,0
validation,3485,0.6691996,0
validation,3486,0.020159615,0
validation,3487,0.00029159986,0
validation,3488,0.011461183,0
validation,3489,0.0018491704,0
validation,3490,0.0010057387,0
validation,3491,0.07225396,0
validation,3492,0.00020736163,0
validation,3493,0.03737645,0
validation,3494,0.001614009,0
validation,3495,0.018213892,0
validation,3496,0.2672992,0
validation,3497,0.37052724,0
validation,3498,0.1070587,0
validation,3499,0.0002153525,0
validation,3500,0.59016633,0
validation,3501,0.12100782,0
validation,3502,0.0008213005,0
validation,3503,6.174351e-05,0
validation,3504,0.0063134665,0
validation,3505,4.25188e-06,0
validation,3506,0.00034959137,0
validation,3507,0.0077559184,0
validation,3508,0.05471049,0
validation,3509,0.0017342211,0
validation,3510,4.1300653e-05,0
validation,3511,0.00014973071,0
validation,3512,0.0003399241,0
validation,3513,0.35736924,0
validation,3514,0.6499841,0
validation,3515,0.130906,0
validation,3516,0.054024972,0
validation,3517,0.011629284,0
validation,3518,4.43585e-05,0
validation,3519,0.0005693581,0
validation,3520,0.0008982606,0
validation,3521,0.04668084,0
validation,3522,0.017474145,0
validation,3523,0.28395438,0
validation,3524,0.011920801,0
validation,3525,0.0016078339,0
validation,3526,0.14590494,0
validation,3527,8.859889e-06,0
validation,3528,0.014074196,0
validation,3529,0.39942682,0
validation,3530,0.00017789095,0
validation,3531,0.000104755025,0
validation,3532,0.0014769738,0
validation,3533,0.00021471239,0
validation,3534,0.011840835,1
validation,3535,0.0031788445,0
validation,3536,0.0042475704,0
validation,3537,0.00012119123,0
validation,3538,0.12688416,0
validation,3539,0.19388878,0
validation,3540,0.3667844,0
validation,3541,0.0075389245,0
validation,3542,0.06798986,0
validation,3543,5.9642065e-05,0
validation,3544,3.338208e-05,0
validation,3545,0.037574567,0
validation,3546,0.452087,0
validation,3547,0.04399408,0
validation,3548,0.008162688,0
validation,3549,0.00045868312,0
validation,3550,0.2529734,0
validation,3551,0.009551889,0
validation,3552,0.0007068144,0
validation,3553,0.5230213,0
validation,3554,0.45940554,0
validation,3555,0.32052386,0
validation,3556,0.6738014,0
validation,3557,0.00057638146,0
validation,3558,0.34836558,0
validation,3559,0.0011393488,0
validation,3560,0.5367711,0
validation,3561,0.00031837635,0
validation,3562,0.050752524,0
validation,3563,0.0005511382,0
validation,3564,0.7040914,0
validation,3565,0.029870827,0
validation,3566,0.0003308961,0
validation,3567,0.5043926,0
validation,3568,0.0031603437,0
validation,3569,0.22947492,0
validation,3570,0.0002559786,0
validation,3571,0.24934743,0
validation,3572,0.0053153965,0
validation,3573,0.0029734378,0
validation,3574,0.0008543838,0
validation,3575,0.0008160993,0
validation,3576,0.7822351,0
validation,3577,0.061436765,0
validation,3578,0.0008746373,0
validation,3579,0.0046798405,0
validation,3580,0.022681877,0
validation,3581,0.3813102,0
validation,3582,0.017562455,0
validation,3583,0.0007914715,0
validation,3584,0.00038988978,0
validation,3585,0.001414581,0
validation,3586,0.002145255,0
validation,3587,0.0010417192,0
validation,3588,5.941658e-05,0
validation,3589,0.0042982283,0
validation,3590,0.039482255,0
validation,3591,0.20367464,0
validation,3592,5.273428e-05,0
validation,3593,6.38446e-05,0
validation,3594,0.00022933676,0
validation,3595,0.0020106398,0
validation,3596,0.082847916,0
validation,3597,0.003265128,0
validation,3598,0.5854753,0
validation,3599,0.0001844751,0
validation,3600,0.027201734,0
validation,3601,9.239585e-05,0
validation,3602,0.03591299,0
validation,3603,0.00014262523,0
validation,3604,0.00052365515,0
validation,3605,0.0006290538,0
validation,3606,0.3713459,0
validation,3607,0.018319799,0
validation,3608,0.0023282552,0
validation,3609,0.017498108,0
validation,3610,0.08653258,0
validation,3611,0.030323341,0
validation,3612,0.018224988,0
validation,3613,0.024025176,0
validation,3614,0.69400513,0
validation,3615,0.0009425073,0
validation,3616,0.002465016,0
validation,3617,0.0010166508,0
validation,3618,0.0012666297,0
validation,3619,0.0031538126,0
validation,3620,0.0016854045,0
validation,3621,0.0009776521,0
validation,3622,4.6710335e-05,0
validation,3623,1.3426695e-05,0
validation,3624,0.00040468125,0
validation,3625,0.16776644,0
validation,3626,0.0009959774,0
validation,3627,0.0035913547,0
validation,3628,0.0011927793,0
validation,3629,0.00056350685,0
validation,3630,0.0020804112,0
validation,3631,0.012474236,0
validation,3632,0.0010271795,0
validation,3633,0.5464828,0
validation,3634,0.0009800695,0
validation,3635,0.24623662,0
validation,3636,0.003907571,0
validation,3637,0.21583097,0
validation,3638,0.00027592393,0
validation,3639,3.0097903e-05,0
validation,3640,0.018039279,0
validation,3641,0.0002553222,0
validation,3642,0.097482525,0
validation,3643,0.0006478344,0
validation,3644,0.0058577755,0
validation,3645,0.0011297861,0
validation,3646,0.00036467213,0
validation,3647,0.066683024,0
validation,3648,0.0009202133,0
validation,3649,0.003331665,0
validation,3650,0.60499704,0
validation,3651,0.5325935,0
validation,3652,0.82124877,0
validation,3653,0.0005583312,0
validation,3654,0.00027574113,0
validation,3655,0.00034200773,0
validation,3656,0.0005892804,0
validation,3657,0.0038371452,0
validation,3658,0.0044715414,0
validation,3659,0.47934496,0
validation,3660,0.0042447923,0
validation,3661,0.59249187,0
validation,3662,0.3345962,0
validation,3663,0.00024294316,0
validation,3664,0.01169084,0
validation,3665,0.5569125,1
validation,3666,0.9361799,0
validation,3667,0.42969626,0
validation,3668,0.0016321004,0
validation,3669,0.0026633502,0
validation,3670,4.9532435e-05,0
validation,3671,0.3043429,0
validation,3672,0.76622987,0
validation,3673,0.2957796,0
validation,3674,0.25823858,0
validation,3675,0.0054652924,0
validation,3676,0.013183544,0
validation,3677,9.1384056e-05,0
validation,3678,0.0002980829,0
validation,3679,0.001442399,0
validation,3680,0.0098819835,0
validation,3681,0.0008020137,0
validation,3682,0.19086851,0
validation,3683,0.00043013084,0
validation,3684,0.0020628348,0
validation,3685,0.40777874,0
validation,3686,0.013738313,0
validation,3687,0.0011559861,0
validation,3688,0.83752304,0
validation,3689,9.46917e-05,0
validation,3690,0.0015093302,0
validation,3691,0.00042819476,0
validation,3692,0.00047492242,0
validation,3693,0.057247225,0
validation,3694,0.00013063145,0
validation,3695,0.001261506,0
validation,3696,0.00043953588,0
validation,3697,0.000494995,0
validation,3698,0.0008329349,0
validation,3699,0.18991472,0
validation,3700,0.14261259,0
validation,3701,0.0022117386,0
validation,3702,0.04277826,0
validation,3703,0.023810102,0
validation,3704,0.3653331,0
validation,3705,0.00084675767,0
validation,3706,0.10495162,0
validation,3707,0.42372972,0
validation,3708,0.00047255235,0
validation,3709,0.003170174,0
validation,3710,0.33839136,0
validation,3711,0.020369323,0
validation,3712,4.0527313e-05,0
validation,3713,0.00017725908,0
validation,3714,0.037664007,0
validation,3715,0.1411738,0
validation,3716,0.00016854795,0
validation,3717,0.6553024,0
validation,3718,0.0052942964,0
validation,3719,0.0940649,0
validation,3720,0.0011063641,0
validation,3721,0.017954864,0
validation,3722,0.01962196,0
validation,3723,0.47561464,0
validation,3724,0.01883499,0
validation,3725,0.0032267494,0
validation,3726,0.20281659,0
validation,3727,0.31682608,0
validation,3728,6.821361e-05,0
validation,3729,0.3692911,0
validation,3730,0.06939109,0
validation,3731,0.013346266,0
validation,3732,0.6826906,0
validation,3733,0.2891345,0
validation,3734,0.599409,0
validation,3735,0.38417232,0
validation,3736,0.0021658775,0
validation,3737,0.068437494,0
validation,3738,0.47493246,0
validation,3739,0.79291683,0
validation,3740,0.63813806,0
validation,3741,0.00018115313,0
validation,3742,0.0024751802,0
validation,3743,0.24536923,0
validation,3744,0.03659381,0
validation,3745,0.0021501395,0
validation,3746,0.449231,0
validation,3747,0.014219151,0
validation,3748,0.18151462,0
validation,3749,0.4735111,0
validation,3750,0.002959525,0
validation,3751,0.00046787492,0
validation,3752,0.006125542,0
validation,3753,0.61266184,0
validation,3754,0.00018867762,0
validation,3755,0.29422712,0
validation,3756,0.002208188,0
validation,3757,0.01815753,0
validation,3758,0.0038803902,0
validation,3759,0.12829098,0
validation,3760,0.005906879,0
validation,3761,0.029961627,0
validation,3762,0.050328307,0
validation,3763,0.00092050084,0
validation,3764,0.0011453207,0
validation,3765,0.3652718,0
validation,3766,0.76414794,0
validation,3767,0.72898185,0
validation,3768,0.1067066,0
validation,3769,0.4695818,0
validation,3770,0.0031775425,0
validation,3771,0.7107638,0
validation,3772,0.02103837,0
validation,3773,0.0042456207,0
validation,3774,0.5246892,0
validation,3775,0.004380776,0
validation,3776,0.82584786,0
validation,3777,0.8547335,0
validation,3778,0.003011765,0
validation,3779,0.03962913,0
validation,3780,0.47909597,0
validation,3781,0.016084459,0
validation,3782,0.5046983,0
validation,3783,0.10785425,0
validation,3784,0.00014867948,0
validation,3785,0.02785461,0
validation,3786,0.7625753,0
validation,3787,0.56955475,0
validation,3788,0.000111678964,0
validation,3789,0.00024196463,0
validation,3790,0.0010651858,0
validation,3791,0.019744262,0
validation,3792,0.13108686,0
validation,3793,0.46192452,0
validation,3794,0.0026334045,0
validation,3795,0.004116839,0
validation,3796,0.014104625,0
validation,3797,0.000807532,0
validation,3798,0.0009331231,0
validation,3799,0.003225975,0
validation,3800,0.6769854,0
validation,3801,8.141376e-05,0
validation,3802,0.67771506,0
validation,3803,0.7545561,0
validation,3804,0.50359654,0
validation,3805,0.059747078,0
validation,3806,0.00091482943,0
validation,3807,0.60370475,0
validation,3808,0.017133655,0
validation,3809,0.7899697,0
validation,3810,0.7125852,0
validation,3811,0.06809927,0
validation,3812,0.013948993,0
validation,3813,0.5517057,0
validation,3814,0.0013591141,0
validation,3815,0.661802,0
validation,3816,0.106865525,0
validation,3817,0.0042011864,0
validation,3818,0.01839795,0
validation,3819,1.3033987e-05,0
validation,3820,0.6113117,0
validation,3821,0.32069463,0
validation,3822,0.04460477,0
validation,3823,0.84729147,0
validation,3824,0.83669394,0
validation,3825,0.55423903,0
validation,3826,0.18193269,0
validation,3827,0.17925578,0
validation,3828,0.87074035,0
validation,3829,0.618288,0
validation,3830,0.05773032,0
validation,3831,0.0021887731,0
validation,3832,0.009477848,0
validation,3833,2.9728262e-05,0
validation,3834,0.123458184,0
validation,3835,5.844038e-05,0
validation,3836,0.56823075,0
validation,3837,0.6727869,0
validation,3838,0.0005170856,0
validation,3839,0.54619545,0
validation,3840,0.6038584,0
validation,3841,0.1564353,0
validation,3842,0.18017228,0
validation,3843,0.003505846,0
validation,3844,0.16676496,0
validation,3845,0.0005528118,0
validation,3846,0.87475675,0
validation,3847,0.032864414,0
validation,3848,0.42931718,0
validation,3849,0.00047438178,0
validation,3850,0.15141419,0
validation,3851,0.5030141,0
validation,3852,0.6077467,0
validation,3853,0.036511555,0
validation,3854,0.0035449092,0
validation,3855,0.67341375,0
validation,3856,2.5703412e-05,0
validation,3857,0.9099711,0
validation,3858,0.0006444361,0
validation,3859,0.6455735,0
validation,3860,0.0042723077,0
validation,3861,0.0008621139,0
validation,3862,0.003771565,0
validation,3863,0.6073034,0
validation,3864,0.0050178017,0
validation,3865,0.010270018,0
validation,3866,0.011689159,0
validation,3867,0.00031868974,0
validation,3868,0.0002508857,0
validation,3869,0.00034995968,0
validation,3870,0.26262686,0
validation,3871,0.20516506,0
validation,3872,0.009631064,0
validation,3873,0.4810142,0
validation,3874,0.22151224,0
validation,3875,0.51198685,0
validation,3876,0.0011352152,0
validation,3877,0.0020204268,0
validation,3878,0.29863217,0
validation,3879,6.0203663e-05,0
validation,3880,0.47479287,0
validation,3881,0.14606814,0
validation,3882,0.40695804,0
validation,3883,0.0024447865,0
validation,3884,0.0045880666,0
validation,3885,0.57350886,0
validation,3886,0.0049211774,0
validation,3887,0.0015398684,0
validation,3888,0.001363989,0
validation,3889,0.15161553,0
validation,3890,0.033389207,0
validation,3891,0.014758316,0
validation,3892,0.114790194,0
validation,3893,0.18849719,0
validation,3894,0.00077482895,0
validation,3895,0.29598394,0
validation,3896,0.5975152,0
validation,3897,0.00023224774,0
validation,3898,0.7620408,0
validation,3899,0.009547082,0
validation,3900,0.0011015859,0
validation,3901,0.0007036747,0
validation,3902,0.40974703,0
validation,3903,0.0013264278,0
validation,3904,0.002449191,0
validation,3905,0.25091553,0
validation,3906,0.000653681,0
validation,3907,0.0005901887,0
validation,3908,0.00025580561,0
validation,3909,0.0036578071,0
validation,3910,0.005467262,0
validation,3911,0.014100369,0
validation,3912,0.64676565,0
validation,3913,0.73793197,0
validation,3914,0.003963881,0
validation,3915,0.026746629,0
validation,3916,8.85331e-06,0
validation,3917,0.026827058,0
validation,3918,0.0036212467,0
validation,3919,0.028218452,0
validation,3920,0.0010765443,0
validation,3921,0.14334917,0
validation,3922,0.72137165,0
validation,3923,0.00030268266,0
validation,3924,0.101102576,0
validation,3925,0.028484289,0
validation,3926,0.023910172,0
validation,3927,0.00059927366,0
validation,3928,0.016325004,0
validation,3929,5.6186364e-05,0
validation,3930,0.08753752,0
validation,3931,4.819397e-05,0
validation,3932,0.0018716664,0
validation,3933,0.0016925086,0
validation,3934,0.14079277,0
validation,3935,0.005079449,0
validation,3936,0.28779805,0
validation,3937,5.6585657e-05,0
validation,3938,0.039425246,0
validation,3939,0.0076599577,0
validation,3940,4.6873338e-05,0
validation,3941,0.013606038,0
validation,3942,0.004298998,0
validation,3943,0.003890788,0
validation,3944,0.020955041,0
validation,3945,0.58652866,0
validation,3946,0.5789454,0
validation,3947,0.94471467,0
validation,3948,0.28304645,0
validation,3949,0.5284985,0
validation,3950,0.5195503,0
validation,3951,0.481218,0
validation,3952,0.0006122423,0
validation,3953,0.0005897411,0
validation,3954,0.0038531446,0
validation,3955,0.0006215279,0
validation,3956,0.4823555,0
validation,3957,0.7412499,0
validation,3958,0.905367,0
validation,3959,0.00046144857,0
validation,3960,0.013588073,0
validation,3961,0.00027228176,0
validation,3962,0.48332408,0
validation,3963,0.0037323674,0
validation,3964,0.40155122,0
validation,3965,0.72551334,0
validation,3966,0.035093218,0
validation,3967,0.4269861,0
validation,3968,0.0020972404,0
validation,3969,0.19091849,0
validation,3970,0.015456984,0
validation,3971,0.19815207,0
validation,3972,0.62933755,0
validation,3973,0.020189693,0
validation,3974,9.617273e-05,0
validation,3975,0.0005802838,0
validation,3976,0.56033015,0
validation,3977,0.0008068655,0
validation,3978,0.0005453426,0
validation,3979,0.0038713363,0
validation,3980,0.00044881992,0
validation,3981,0.0021481968,0
validation,3982,0.00033622235,0
validation,3983,0.0050223563,0
validation,3984,0.0043656533,0
validation,3985,0.41733986,0
validation,3986,1.4108281e-05,0
validation,3987,0.00033260655,0
validation,3988,0.0032742224,0
validation,3989,0.00087513356,0
validation,3990,4.596421e-06,0
validation,3991,0.0036123623,0
validation,3992,0.00231156,0
validation,3993,0.20621715,0
validation,3994,6.741554e-05,0
validation,3995,0.50297797,0
validation,3996,0.00010612302,0
validation,3997,0.00012626877,0
validation,3998,0.000106354804,0
validation,3999,0.0005513673,0
validation,4000,0.022588646,0
validation,4001,0.23072213,0
validation,4002,2.482774e-05,0
validation,4003,0.009416133,0
validation,4004,0.0071103857,0
validation,4005,0.00015227517,0
validation,4006,0.00054102467,0
validation,4007,3.4928726e-05,0
validation,4008,0.224312,0
validation,4009,0.013370744,0
validation,4010,0.004721066,0
validation,4011,0.021116212,0
validation,4012,0.7727103,0
validation,4013,0.52241415,0
validation,4014,1.6862246e-05,0
validation,4015,0.0014638064,0
validation,4016,0.32552296,0
validation,4017,0.00014399667,0
validation,4018,0.00028416497,0
validation,4019,3.718355e-05,0
validation,4020,0.00011637466,0
validation,4021,0.41507542,0
validation,4022,1.2610865e-05,0
validation,4023,0.06337848,0
validation,4024,0.030683273,0
validation,4025,0.066407986,0
validation,4026,6.2831155e-06,0
validation,4027,0.00013432327,0
validation,4028,0.0010587627,0
validation,4029,0.0008142382,0
validation,4030,1.2296509e-05,0
validation,4031,0.0010708561,0
validation,4032,5.8756494e-05,0
validation,4033,0.20090073,0
validation,4034,0.3958756,0
validation,4035,0.17231373,0
validation,4036,0.022140563,0
validation,4037,5.690911e-05,0
validation,4038,0.1536679,0
validation,4039,0.3658868,0
validation,4040,0.00040349172,0
validation,4041,7.561002e-05,0
validation,4042,0.003261804,0
validation,4043,0.026509287,0
validation,4044,6.10793e-05,0
validation,4045,0.70091665,0
validation,4046,0.009616635,0
validation,4047,0.38476175,0
validation,4048,0.0012995328,0
validation,4049,0.10758329,0
validation,4050,0.013501286,0
validation,4051,0.00016691696,0
validation,4052,0.20619376,0
validation,4053,0.014587649,0
validation,4054,0.0027679654,0
validation,4055,6.142579e-05,0
validation,4056,0.000163555,0
validation,4057,0.00014502324,0
validation,4058,0.00011188489,0
validation,4059,0.0001667714,0
validation,4060,0.18896249,0
validation,4061,0.26794207,0
validation,4062,0.0043209316,0
validation,4063,0.017684782,0
validation,4064,0.0045501785,0
validation,4065,0.013643237,0
validation,4066,0.001517245,0
validation,4067,0.00587019,0
validation,4068,0.27934292,0
validation,4069,0.00022065936,0
validation,4070,0.0014998193,0
validation,4071,0.001640418,0
validation,4072,0.16914144,0
validation,4073,0.0027014266,0
validation,4074,0.00012378984,0
validation,4075,0.15259516,0
validation,4076,0.09678397,0
validation,4077,0.07172439,0
validation,4078,0.08178157,0
validation,4079,0.0054344637,0
validation,4080,0.002808967,0
validation,4081,0.001439318,0
validation,4082,0.0029072645,0
validation,4083,0.10528319,0
validation,4084,0.025029754,0
validation,4085,0.00014470333,0
validation,4086,0.9352327,0
validation,4087,0.1860463,0
validation,4088,0.030351914,0
validation,4089,0.0037372964,0
validation,4090,0.0002258186,0
validation,4091,0.0067529385,0
validation,4092,0.8780929,0
validation,4093,0.8215028,0
validation,4094,0.0012707049,0
validation,4095,0.029125646,0
validation,4096,0.32915413,0
validation,4097,0.63050044,0
validation,4098,0.16228867,0
validation,4099,0.07037585,0
validation,4100,0.07624839,0
validation,4101,0.014718425,0
validation,4102,0.07355022,0
validation,4103,0.041056342,0
validation,4104,0.008535812,0
validation,4105,0.07590985,0
validation,4106,0.62988675,0
validation,4107,0.08733289,0
validation,4108,0.51999724,0
validation,4109,3.0081546e-05,0
validation,4110,0.5225292,0
validation,4111,0.0003124323,0
validation,4112,0.082572386,0
validation,4113,0.000665202,0
validation,4114,0.92341584,0
validation,4115,0.42264873,0
validation,4116,0.2992509,0
validation,4117,0.44933707,0
validation,4118,0.00044915508,0
validation,4119,0.00356615,0
validation,4120,0.00802237,0
validation,4121,0.16668454,0
validation,4122,0.2785042,0
validation,4123,0.14913128,0
validation,4124,9.3409486e-05,0
validation,4125,0.0052881427,0
validation,4126,0.011832871,0
validation,4127,0.16922905,0
validation,4128,0.6079824,0
validation,4129,0.1726222,0
validation,4130,0.056899495,0
validation,4131,0.028551094,0
validation,4132,0.92245287,0
validation,4133,0.09791639,0
validation,4134,0.09221699,0
validation,4135,0.008700763,0
validation,4136,0.7311328,0
validation,4137,0.20183259,0
validation,4138,0.0021293478,0
validation,4139,0.00020186133,0
validation,4140,0.43016648,0
validation,4141,0.35860747,0
validation,4142,0.70300514,0
validation,4143,0.27819586,0
validation,4144,0.020479487,0
validation,4145,0.00020679794,0
validation,4146,0.0026517129,0
validation,4147,0.477919,0
validation,4148,0.7275959,0
validation,4149,0.05345566,0
validation,4150,0.34312996,0
validation,4151,0.34855017,0
validation,4152,0.29905266,0
validation,4153,0.3117337,0
validation,4154,0.0084654,0
validation,4155,0.057153005,0
validation,4156,0.0007780207,0
validation,4157,0.12708129,0
validation,4158,0.0011586943,0
validation,4159,0.19186214,0
validation,4160,0.00025846486,0
validation,4161,8.6617176e-05,0
validation,4162,0.057243202,0
validation,4163,0.0006384158,0
validation,4164,0.0013011632,0
validation,4165,0.4155908,0
validation,4166,0.0005208483,0
validation,4167,0.23382199,0
validation,4168,0.014623914,0
validation,4169,0.04940294,0
validation,4170,0.077098176,0
validation,4171,0.000650021,0
validation,4172,0.6817155,0
validation,4173,0.0032263617,0
validation,4174,0.9009909,0
validation,4175,0.00276998,0
validation,4176,0.13481852,0
validation,4177,0.08522651,0
validation,4178,0.28006858,0
validation,4179,0.000101386475,0
validation,4180,0.024144333,0
validation,4181,0.33083192,0
validation,4182,0.002058724,0
validation,4183,0.03801971,0
validation,4184,0.0018825603,0
validation,4185,0.0015817974,0
validation,4186,0.018865036,0
validation,4187,0.0011316566,0
validation,4188,0.00028382163,0
validation,4189,2.6528005e-05,0
validation,4190,0.86278,0
validation,4191,0.20237175,0
validation,4192,0.7752415,0
validation,4193,0.01990424,0
validation,4194,0.0028754524,0
validation,4195,0.36426768,0
validation,4196,0.0023484821,0
validation,4197,0.4558882,0
validation,4198,0.00561059,0
validation,4199,0.00031018557,0
validation,4200,0.05497798,0
validation,4201,9.55637e-05,0
validation,4202,0.11554391,0
validation,4203,0.0072799535,0
validation,4204,0.00019920744,0
validation,4205,0.36312583,0
validation,4206,0.0038870422,0
validation,4207,0.0013312675,0
validation,4208,0.0050836825,0
validation,4209,0.0028858276,0
validation,4210,0.005576989,0
validation,4211,0.014099421,0
validation,4212,0.44239745,0
validation,4213,0.0020722265,0
validation,4214,2.1787906e-05,0
validation,4215,0.025107019,0
validation,4216,0.0040365304,0
validation,4217,1.2595493e-05,0
validation,4218,0.00013537159,0
validation,4219,0.01325666,0
validation,4220,0.6833552,0
validation,4221,0.0022148031,0
validation,4222,0.047059014,0
validation,4223,0.00082935434,0
validation,4224,0.015249625,0
validation,4225,0.05141852,0
validation,4226,0.00014850803,0
validation,4227,0.2591478,0
validation,4228,0.42960975,0
validation,4229,0.124375425,0
validation,4230,0.10313382,0
validation,4231,0.0051723127,0
validation,4232,0.45479524,0
validation,4233,0.0017151027,0
validation,4234,0.0010059731,0
validation,4235,2.3131359e-05,0
validation,4236,0.07050056,0
validation,4237,0.21181715,0
validation,4238,0.22586499,0
validation,4239,0.056009084,0
validation,4240,0.0018412417,0
validation,4241,0.06416459,0
validation,4242,0.000739461,0
validation,4243,0.64583707,0
validation,4244,0.09258345,0
validation,4245,0.0018383537,0
validation,4246,0.00253069,0
validation,4247,0.2905692,0
validation,4248,9.8508586e-05,0
validation,4249,2.9321407e-05,0
validation,4250,0.033601005,0
validation,4251,0.13072719,0
validation,4252,0.05444049,0
validation,4253,0.0039899545,0
validation,4254,0.093514286,0
validation,4255,0.00016652604,0
validation,4256,0.01992101,0
validation,4257,0.00016225409,0
validation,4258,5.478959e-05,0
validation,4259,0.0071111424,0
validation,4260,0.013918271,0
validation,4261,0.18949154,0
validation,4262,0.008884025,0
validation,4263,0.64104426,0
validation,4264,0.28513533,0
validation,4265,0.40581974,0
validation,4266,0.0027158905,0
validation,4267,0.14074896,0
validation,4268,0.0043827565,0
validation,4269,1.7798891e-05,0
validation,4270,0.6215646,0
validation,4271,0.0016235743,0
validation,4272,0.00028975698,0
validation,4273,0.003187772,0
validation,4274,0.002186635,0
validation,4275,0.03425727,0
validation,4276,9.991031e-05,0
validation,4277,0.21543783,0
validation,4278,0.012405591,0
validation,4279,9.309737e-05,0
validation,4280,0.16617692,0
validation,4281,0.002577776,0
validation,4282,0.0005816629,0
validation,4283,3.1167594e-05,0
validation,4284,0.16934252,0
validation,4285,0.07011731,0
validation,4286,0.00598972,0
validation,4287,0.062850244,0
validation,4288,0.057684787,0
validation,4289,0.045937467,0
validation,4290,0.021105008,0
validation,4291,0.005306887,0
validation,4292,0.0035045191,0
validation,4293,0.45322716,0
validation,4294,0.6114009,0
validation,4295,0.0041896496,0
validation,4296,0.09114676,0
validation,4297,0.018505912,0
validation,4298,0.0008325441,0
validation,4299,3.0105479e-05,0
validation,4300,0.110077076,0
validation,4301,0.10465758,0
validation,4302,0.46881992,0
validation,4303,0.0008154526,0
validation,4304,0.06592453,0
validation,4305,0.0020394945,0
validation,4306,0.6741712,0
validation,4307,0.015775673,0
validation,4308,0.003211666,0
validation,4309,0.00022114106,0
validation,4310,0.10316395,0
validation,4311,0.14539427,0
validation,4312,0.00045344754,0
validation,4313,0.0001576768,0
validation,4314,0.49207762,0
validation,4315,0.023504023,0
validation,4316,0.7065338,0
validation,4317,0.21600476,0
validation,4318,0.3575093,0
validation,4319,0.7961008,0
validation,4320,0.043209538,0
validation,4321,0.002664726,0
validation,4322,0.90662104,0
validation,4323,2.0984438e-05,0
validation,4324,0.115070865,0
validation,4325,0.09922946,0
validation,4326,0.08344494,0
validation,4327,0.64921236,0
validation,4328,0.6362548,0
validation,4329,0.00024431504,0
validation,4330,0.2960433,0
validation,4331,0.065323815,0
validation,4332,0.094361134,0
validation,4333,0.0011588685,0
validation,4334,0.004884145,0
validation,4335,0.00044109183,0
validation,4336,0.00012654405,0
validation,4337,0.0017981473,0
validation,4338,0.08401805,0
validation,4339,0.091942385,0
validation,4340,0.057661254,0
validation,4341,0.009268363,0
validation,4342,0.08367516,0
validation,4343,0.003304083,0
validation,4344,0.008085297,0
validation,4345,0.01162072,0
validation,4346,0.0005115621,0
validation,4347,7.9802056e-05,0
validation,4348,0.33290008,0
validation,4349,0.1489246,0
validation,4350,0.19065544,0
validation,4351,0.0035955957,0
validation,4352,0.21498008,0
validation,4353,0.2736205,0
validation,4354,0.0012161761,0
validation,4355,0.07910586,0
validation,4356,0.036326636,0
validation,4357,0.00018286584,0
validation,4358,0.00012164206,0
validation,4359,0.030828675,0
validation,4360,0.0015699503,0
validation,4361,0.05199643,0
validation,4362,0.00018265811,0
validation,4363,0.0005367123,0
validation,4364,0.1449735,0
validation,4365,0.02289509,0
validation,4366,0.0013352311,0
validation,4367,0.0046722246,0
validation,4368,0.0069697197,0
validation,4369,0.00662085,0
validation,4370,0.011015477,0
validation,4371,0.012821697,0
validation,4372,0.00012607312,0
validation,4373,0.24860972,0
validation,4374,6.999925e-06,0
validation,4375,0.1233832,0
validation,4376,0.00024206663,0
validation,4377,0.5626179,0
validation,4378,0.0036838239,0
validation,4379,0.009131818,0
validation,4380,0.008215519,0
validation,4381,1.3780927e-05,0
validation,4382,0.6287196,0
validation,4383,0.0050620707,0
validation,4384,0.13157897,0
validation,4385,0.006082257,0
validation,4386,0.0039502666,0
validation,4387,0.089034796,0
validation,4388,0.008565005,0
validation,4389,0.0255936,0
validation,4390,0.022128796,0
validation,4391,0.00067696837,0
validation,4392,0.0011256051,0
validation,4393,0.21315882,0
validation,4394,0.04334945,0
validation,4395,0.0100096585,0
validation,4396,0.005349842,0
validation,4397,0.000844051,0
validation,4398,0.00021185765,0
validation,4399,0.18721709,0
validation,4400,0.043970246,0
validation,4401,0.035017498,0
validation,4402,0.002940125,0
validation,4403,0.00019878072,0
validation,4404,0.049258318,0
validation,4405,0.061835516,0
validation,4406,0.0050465353,0
validation,4407,0.05254155,0
validation,4408,0.08105533,0
validation,4409,5.3132346e-05,0
validation,4410,0.2978756,0
validation,4411,0.043253545,0
validation,4412,0.06582804,0
validation,4413,0.23457494,0
validation,4414,0.17282502,0
validation,4415,0.12630813,0
validation,4416,0.00010673407,0
validation,4417,3.1160434e-05,0
validation,4418,0.00616803,0
validation,4419,0.00036454352,0
validation,4420,0.00020481757,0
validation,4421,9.4046925e-05,0
validation,4422,0.008629724,0
validation,4423,0.5607927,0
validation,4424,0.0003064972,0
validation,4425,3.3390297e-05,0
validation,4426,0.00033711412,0
validation,4427,0.26539057,0
validation,4428,0.003624128,0
validation,4429,0.18333234,0
validation,4430,0.11762129,0
validation,4431,9.941005e-05,0
validation,4432,0.008103494,0
validation,4433,0.00035210614,0
validation,4434,0.0002158086,0
validation,4435,0.64536744,0
validation,4436,0.1567009,0
validation,4437,0.32810494,0
validation,4438,0.0025114256,0
validation,4439,0.86341244,0
validation,4440,0.001893707,0
validation,4441,0.8110357,0
validation,4442,0.31332418,0
validation,4443,0.0060365745,0
validation,4444,0.07316482,0
validation,4445,0.18433973,0
validation,4446,0.00078831735,0
validation,4447,0.6094552,0
validation,4448,0.77477336,0
validation,4449,0.058210514,0
validation,4450,0.00678743,0
validation,4451,0.006773631,0
validation,4452,0.000796426,0
validation,4453,0.0025949161,0
validation,4454,0.3382336,0
validation,4455,0.06431952,0
validation,4456,0.028866462,0
validation,4457,0.6443263,0
validation,4458,0.0012158349,0
validation,4459,0.0006070079,0
validation,4460,0.0005699117,0
validation,4461,0.061704043,0
validation,4462,0.07236877,0
validation,4463,0.00024890693,0
validation,4464,0.0008590613,0
validation,4465,0.55579674,0
validation,4466,0.060259372,0
validation,4467,0.079764366,0
validation,4468,0.003169306,0
validation,4469,0.00057281594,0
validation,4470,0.06892335,0
validation,4471,0.040284384,0
validation,4472,0.03334801,0
validation,4473,0.000362909,0
validation,4474,0.004720219,0
validation,4475,0.11940848,0
validation,4476,0.0010127095,0
validation,4477,0.26770386,0
validation,4478,0.4252874,0
validation,4479,0.0070236637,0
validation,4480,0.0001047954,0
validation,4481,0.50781894,0
validation,4482,0.82683194,0
validation,4483,0.016727626,0
validation,4484,0.00041015702,0
validation,4485,0.21254337,0
validation,4486,0.00037322968,0
validation,4487,0.0749148,0
validation,4488,0.011693826,0
validation,4489,0.0002973517,0
validation,4490,0.00030584278,0
validation,4491,0.50689095,0
validation,4492,0.055034444,0
validation,4493,0.21601784,0
validation,4494,0.03808635,0
validation,4495,0.22249223,0
validation,4496,0.36066175,0
validation,4497,0.00045516228,0
validation,4498,0.021769471,0
validation,4499,0.0004918583,0
validation,4500,0.5767496,0
validation,4501,0.052724447,0
validation,4502,0.0011433214,0
validation,4503,0.05664091,0
validation,4504,0.0001274742,0
validation,4505,0.051905576,0
validation,4506,0.08508309,0
validation,4507,0.152033,0
validation,4508,0.16253145,0
validation,4509,0.19528028,0
validation,4510,0.05050657,0
validation,4511,2.7387436e-05,0
validation,4512,0.00366429,0
validation,4513,0.033544365,0
validation,4514,0.34325534,0
validation,4515,0.36080524,0
validation,4516,0.16651076,0
validation,4517,0.2747482,0
validation,4518,0.00020972244,0
validation,4519,0.20438816,0
validation,4520,0.023938911,0
validation,4521,0.034370743,0
validation,4522,0.03618809,0
validation,4523,0.16910873,0
validation,4524,0.4106996,0
validation,4525,0.0005952445,0
validation,4526,0.28563267,0
validation,4527,0.024164766,0
validation,4528,0.011165279,0
validation,4529,0.008393127,0
validation,4530,0.09803663,0
validation,4531,0.050916847,0
validation,4532,0.016694233,0
validation,4533,0.4947378,0
validation,4534,0.33837956,0
validation,4535,0.010964859,0
validation,4536,0.37057358,0
validation,4537,0.05225857,0
validation,4538,0.26604196,0
validation,4539,0.00010131516,0
validation,4540,0.4155302,0
validation,4541,0.026212992,0
validation,4542,0.023845183,0
validation,4543,0.001206422,0
validation,4544,0.08467191,0
validation,4545,0.029071786,0
validation,4546,0.074279524,0
validation,4547,0.090188846,0
validation,4548,0.000103316655,0
validation,4549,0.060049392,0
validation,4550,0.006666673,0
validation,4551,0.22683926,0
validation,4552,0.00023316522,0
validation,4553,0.16549718,0
validation,4554,0.095687926,0
validation,4555,0.1989582,0
validation,4556,0.49501255,0
validation,4557,0.06293539,0
validation,4558,0.25033823,0
validation,4559,0.0019216797,0
validation,4560,0.43447426,0
validation,4561,0.1421772,0
validation,4562,0.06992133,0
validation,4563,0.30923557,0
validation,4564,0.41884118,0
validation,4565,0.40574092,0
validation,4566,0.13596812,0
validation,4567,0.4101823,0
validation,4568,0.40190813,0
validation,4569,0.11783241,0
validation,4570,0.21812344,0
validation,4571,0.0050529866,0
validation,4572,0.0159142,0
validation,4573,0.30339617,0
validation,4574,0.038686313,0
validation,4575,0.0818437,0
validation,4576,0.0003017687,0
validation,4577,0.5259218,0
validation,4578,0.051744185,0
validation,4579,0.0008481563,0
validation,4580,0.020479878,0
validation,4581,0.18757507,0
validation,4582,0.0016909512,0
validation,4583,0.049281348,0
validation,4584,0.22291806,0
validation,4585,0.23376794,0
validation,4586,0.07137503,0
validation,4587,0.46937025,0
validation,4588,0.001180128,0
validation,4589,0.49468863,0
validation,4590,0.019955836,0
validation,4591,0.01731182,0
validation,4592,0.008708682,0
validation,4593,0.03805031,0
validation,4594,0.15054634,0
validation,4595,0.058342215,0
validation,4596,0.041219607,0
validation,4597,0.031527016,0
validation,4598,0.0009700948,0
validation,4599,0.056874182,0
validation,4600,0.46928057,0
validation,4601,0.1595976,0
validation,4602,0.16138877,0
validation,4603,0.08835508,0
validation,4604,0.26569736,0
validation,4605,2.65841e-05,0
validation,4606,1.6096405e-05,0
validation,4607,6.814474e-06,0
validation,4608,0.81617284,0
validation,4609,0.0006851377,0
validation,4610,0.6159365,0
validation,4611,0.023159932,0
validation,4612,0.86707306,0
validation,4613,0.04108662,0
validation,4614,0.0007304439,0
validation,4615,0.074065894,0
validation,4616,0.74857914,0
validation,4617,0.009622026,0
validation,4618,0.11486567,0
validation,4619,0.17763433,0
validation,4620,0.46634912,0
validation,4621,0.0007675915,0
validation,4622,0.0019287153,0
validation,4623,0.3290156,0
validation,4624,0.00041460688,0
validation,4625,0.31417248,0
validation,4626,0.017209517,0
validation,4627,0.014541365,0
validation,4628,7.825448e-07,0
validation,4629,0.24567334,0
validation,4630,0.03774178,0
validation,4631,0.027742507,0
validation,4632,0.58495224,0
validation,4633,0.8671197,0
validation,4634,0.20169362,0
validation,4635,0.032188084,0
validation,4636,0.18954286,0
validation,4637,0.60491574,0
validation,4638,0.10902017,0
validation,4639,0.018007834,0
validation,4640,0.011636651,0
validation,4641,4.711961e-05,0
validation,4642,0.18902461,0
validation,4643,0.019560505,0
validation,4644,4.348864e-06,0
validation,4645,0.078775264,0
validation,4646,0.020482147,0
validation,4647,0.002969375,0
validation,4648,9.639804e-05,0
validation,4649,0.09623023,0
validation,4650,0.13409737,0
validation,4651,0.034256443,0
validation,4652,0.012995174,0
validation,4653,0.0038008958,0
validation,4654,0.02434427,0
validation,4655,0.28885546,0
validation,4656,0.00036764742,0
validation,4657,0.035484176,0
validation,4658,0.00062343915,0
validation,4659,0.094160184,0
validation,4660,0.324284,0
validation,4661,0.035816085,0
validation,4662,0.06356485,0
validation,4663,0.078717604,0
validation,4664,0.04810348,0
validation,4665,0.0001665956,0
validation,4666,0.9265444,0
validation,4667,0.129659,0
validation,4668,0.005692349,0
validation,4669,0.3172769,0
validation,4670,0.0403638,0
validation,4671,0.09338457,0
validation,4672,0.14266436,0
validation,4673,0.0030602438,0
validation,4674,0.0026181855,0
validation,4675,0.13497524,0
validation,4676,0.07294057,0
validation,4677,0.065605626,0
validation,4678,0.0495461,0
validation,4679,0.18336011,0
validation,4680,0.0048060906,0
validation,4681,0.0056125727,0
validation,4682,0.17884965,0
validation,4683,0.009292134,0
validation,4684,0.012034806,0
validation,4685,0.64498544,0
validation,4686,0.28580832,0
validation,4687,0.0858933,0
validation,4688,2.1582222e-05,0
validation,4689,0.34112704,0
validation,4690,0.5468098,0
validation,4691,0.61401874,0
validation,4692,0.18106987,0
validation,4693,0.00078480016,0
validation,4694,0.35020855,0
validation,4695,0.0038109096,0
validation,4696,0.4069879,0
validation,4697,0.46899575,0
validation,4698,0.036544383,0
validation,4699,0.34837526,0
validation,4700,0.0024583451,0
validation,4701,0.019610016,0
validation,4702,0.00010701728,0
validation,4703,0.5492412,0
validation,4704,0.0074444395,0
validation,4705,0.002119609,0
validation,4706,0.06679525,0
validation,4707,0.14224586,0
validation,4708,0.06549049,0
validation,4709,0.25167376,0
validation,4710,0.16106,0
validation,4711,0.0005865781,0
validation,4712,0.37933788,0
validation,4713,0.00038535724,0
validation,4714,0.0032433202,0
validation,4715,0.00037632798,0
validation,4716,0.41000494,0
validation,4717,0.21028285,0
validation,4718,0.025850248,0
validation,4719,0.040648434,0
validation,4720,0.00016519253,0
validation,4721,0.00022675,0
validation,4722,0.006598042,0
validation,4723,0.0031065634,0
validation,4724,0.07428047,0
validation,4725,0.00037734644,0
validation,4726,0.00059000985,0
validation,4727,6.33249e-05,0
validation,4728,0.0038420074,0
validation,4729,0.0017522456,0
validation,4730,0.006194939,0
validation,4731,0.033280563,0
validation,4732,0.20914537,0
validation,4733,0.03368925,0
validation,4734,0.20099199,0
validation,4735,0.0055089556,0
validation,4736,0.8751806,0
validation,4737,0.1829086,0
validation,4738,0.16521916,0
validation,4739,0.017097775,0
validation,4740,0.00046466594,0
validation,4741,0.009158014,0
validation,4742,7.936977e-05,0
validation,4743,0.0016287294,0
validation,4744,0.012242992,0
validation,4745,0.04021935,0
validation,4746,0.0078048776,0
validation,4747,0.86414576,0
validation,4748,0.35677016,0
validation,4749,7.373112e-05,0
validation,4750,1.3314372e-05,0
validation,4751,0.25847408,0
validation,4752,0.3160123,0
validation,4753,0.3972413,0
validation,4754,0.003866097,0
validation,4755,0.0001889019,0
validation,4756,0.0005997839,0
validation,4757,0.0385819,0
validation,4758,0.0028770142,0
validation,4759,0.0015143993,0
validation,4760,5.9390408e-05,0
validation,4761,6.746918e-06,0
validation,4762,0.21932042,0
validation,4763,0.05886701,0
validation,4764,0.00027441958,0
validation,4765,0.015297977,0
validation,4766,0.02050233,0
validation,4767,0.010262532,0
validation,4768,0.00065779313,0
validation,4769,0.97573775,0
validation,4770,0.025225101,0
validation,4771,0.00069398293,0
validation,4772,0.17570378,0
validation,4773,0.59577656,0
validation,4774,0.49741215,0
validation,4775,0.7821126,0
validation,4776,0.051792324,0
validation,4777,0.0064819404,0
validation,4778,0.09269781,0
validation,4779,0.027383382,0
validation,4780,0.0010487189,0
validation,4781,0.031146577,0
validation,4782,0.24169463,0
validation,4783,0.00027104397,0
validation,4784,0.008198914,0
validation,4785,0.0002422287,0
validation,4786,0.020842498,0
validation,4787,0.013422128,0
validation,4788,0.00034263675,0
validation,4789,0.008610522,0
validation,4790,0.48462453,0
validation,4791,0.536651,0
validation,4792,0.26575527,0
validation,4793,0.093506195,0
validation,4794,0.102963835,0
validation,4795,0.0005633756,0
validation,4796,0.00013631421,0
validation,4797,0.27346975,0
validation,4798,0.0069841337,0
validation,4799,0.0009672799,0
validation,4800,0.09532017,0
validation,4801,0.03808939,0
validation,4802,0.098028705,0
validation,4803,0.5228287,0
validation,4804,0.186757,0
validation,4805,0.7243048,0
validation,4806,0.32331553,0
validation,4807,0.54881847,0
validation,4808,0.31741676,0
validation,4809,0.014395299,0
validation,4810,0.00042769115,0
validation,4811,0.14945161,0
validation,4812,2.3725868e-05,0
validation,4813,0.00018814908,0
validation,4814,0.00042444552,0
validation,4815,0.001469003,0
validation,4816,0.0020795383,0
validation,4817,0.01156347,0
validation,4818,0.26314154,0
validation,4819,0.0057590096,0
validation,4820,0.004769178,0
validation,4821,0.16919273,0
validation,4822,0.17274816,0
validation,4823,0.14307308,0
validation,4824,9.0915986e-05,0
validation,4825,0.011473195,0
validation,4826,0.0030097426,0
validation,4827,0.006785045,0
validation,4828,0.000115616764,0
validation,4829,0.02394203,0
validation,4830,0.01139689,0
validation,4831,9.802046e-07,0
validation,4832,0.0009251672,0
validation,4833,0.034230817,0
validation,4834,0.0021334123,0
validation,4835,0.2574254,0
validation,4836,0.008804165,0
validation,4837,0.017997194,0
validation,4838,0.01839264,0
validation,4839,0.00027367365,0
validation,4840,5.8795842e-05,0
validation,4841,0.13262117,0
validation,4842,0.004142457,0
validation,4843,0.009030386,0
validation,4844,0.2576743,0
validation,4845,0.0027762318,0
validation,4846,0.16911471,0
validation,4847,0.3536619,0
validation,4848,0.5316868,0
validation,4849,0.16410057,0
validation,4850,0.00055309245,0
validation,4851,0.0002930335,0
validation,4852,0.07946162,0
validation,4853,0.00040889825,0
validation,4854,4.149263e-05,0
validation,4855,0.3494548,0
validation,4856,0.44306278,0
validation,4857,0.00018885435,0
validation,4858,0.00033856442,0
validation,4859,0.68266696,0
validation,4860,2.1451922e-05,0
validation,4861,0.016241247,0
validation,4862,0.0028491346,0
validation,4863,0.59077847,0
validation,4864,0.7195851,0
validation,4865,0.12954079,0
validation,4866,0.68200547,0
validation,4867,0.49597636,0
validation,4868,0.19251023,0
validation,4869,0.80880576,0
validation,4870,7.736904e-05,0
validation,4871,0.003906465,0
validation,4872,0.09786131,0
validation,4873,0.015963336,0
validation,4874,0.08747058,0
validation,4875,0.032432843,0
validation,4876,0.0065476834,0
validation,4877,0.004260281,0
validation,4878,0.003152311,0
validation,4879,0.10799999,0
validation,4880,0.36826107,0
validation,4881,0.34304756,0
validation,4882,0.38749412,0
validation,4883,0.049669728,0
validation,4884,0.18366532,0
validation,4885,0.8299364,0
validation,4886,0.42365175,0
validation,4887,0.32794237,0
validation,4888,2.80523e-05,0
validation,4889,0.3127241,0
validation,4890,0.012326273,0
validation,4891,0.0012274415,0
validation,4892,0.95874816,0
validation,4893,0.0013622819,0
validation,4894,0.007361497,0
validation,4895,0.14256027,0
validation,4896,0.000256288,0
validation,4897,0.0076356386,0
validation,4898,0.070250414,0
validation,4899,0.0009893742,0
validation,4900,0.48513198,0
validation,4901,0.0001801989,0
validation,4902,0.6775367,0
validation,4903,0.035745546,0
validation,4904,0.00025242945,0
validation,4905,0.39618686,0
validation,4906,0.22945988,0
validation,4907,9.8033575e-05,0
validation,4908,0.15846618,0
validation,4909,0.076557234,0
validation,4910,0.008505788,0
validation,4911,0.0014687163,0
validation,4912,0.00067512866,0
validation,4913,0.0008135123,0
validation,4914,0.7831034,0
validation,4915,0.055976268,0
validation,4916,0.023026751,0
validation,4917,0.021332042,0
validation,4918,0.04310431,0
validation,4919,0.0013421434,0
validation,4920,0.0003398434,0
validation,4921,0.6504313,0
validation,4922,0.005432227,0
validation,4923,0.60652965,0
validation,4924,0.013724868,0
validation,4925,0.0071534966,0
validation,4926,0.00065737206,0
validation,4927,0.0046288613,0
validation,4928,0.0012302335,0
validation,4929,0.00038456183,0
validation,4930,0.0028042586,0
validation,4931,0.06146848,0
validation,4932,0.00043606054,0
validation,4933,0.00032943435,0
validation,4934,0.0003642184,0
validation,4935,0.30549002,0
validation,4936,6.445776e-05,0
validation,4937,0.13799086,0
validation,4938,0.012369959,0
validation,4939,0.0047036503,0
validation,4940,0.012900855,0
validation,4941,2.6870566e-05,0
validation,4942,0.0085303085,0
validation,4943,0.008329537,0
validation,4944,0.0052111056,0
validation,4945,0.012220145,0
validation,4946,0.00015379702,0
validation,4947,0.050358348,0
validation,4948,0.4732392,0
validation,4949,0.0138312075,0
validation,4950,0.021548746,0
validation,4951,0.7890055,0
validation,4952,0.0059989705,0
validation,4953,0.0014733466,0
validation,4954,0.05232483,0
validation,4955,0.0006771694,0
validation,4956,0.07839491,0
validation,4957,0.00055765914,0
validation,4958,0.19221663,0
validation,4959,0.013005533,0
validation,4960,0.0075178645,0
validation,4961,0.003053922,0
validation,4962,0.0031209057,0
validation,4963,0.0052706357,0
validation,4964,0.008946639,0
validation,4965,0.21686675,0
validation,4966,0.0010886187,0
validation,4967,0.0030298724,0
validation,4968,0.0024265272,0
validation,4969,0.00035810025,0
validation,4970,0.019762868,0
validation,4971,0.024026133,0
validation,4972,0.7901273,0
validation,4973,0.39096993,0
validation,4974,0.073722765,0
validation,4975,0.42981023,0
validation,4976,0.8337284,0
validation,4977,0.020342361,0
validation,4978,0.11968839,0
validation,4979,0.0018809768,0
validation,4980,0.03394513,0
validation,4981,0.015620161,0
validation,4982,0.04070976,0
validation,4983,0.10085864,0
validation,4984,0.00073011575,0
validation,4985,0.007870903,0
validation,4986,0.13140057,0
validation,4987,0.016516166,0
validation,4988,0.0075923665,0
validation,4989,0.30253685,0
validation,4990,0.020437488,0
validation,4991,0.90615046,0
validation,4992,0.41683978,0
validation,4993,0.0017770429,0
validation,4994,0.17510991,0
validation,4995,0.0057698046,0
validation,4996,0.0005151196,0
validation,4997,0.119226724,0
validation,4998,0.61225176,0
validation,4999,0.010625783,0
validation,5000,0.01063554,0
validation,5001,0.37727615,0
validation,5002,0.26098654,0
validation,5003,0.0023458202,0
validation,5004,0.004079186,0
validation,5005,1.164514e-05,0
validation,5006,0.007916914,0
validation,5007,0.005823548,0
validation,5008,0.012884144,0
validation,5009,0.26165515,0
validation,5010,0.0013989613,0
validation,5011,0.0013098478,0
validation,5012,0.0009896759,0
validation,5013,0.0036867177,0
validation,5014,5.8589638e-05,0
validation,5015,2.1334636e-05,0
validation,5016,0.008716022,0
validation,5017,0.0006901348,0
validation,5018,0.4566957,0
validation,5019,0.0018876294,0
validation,5020,0.55201745,0
validation,5021,0.00043868803,0
validation,5022,0.0055118636,0
validation,5023,0.00067980593,0
validation,5024,0.013642749,0
validation,5025,0.6499475,0
validation,5026,0.6532109,0
validation,5027,0.027779676,0
validation,5028,0.08982941,0
validation,5029,0.54486,0
validation,5030,0.56313443,0
validation,5031,0.0004638711,0
validation,5032,0.7796676,0
validation,5033,0.062094707,0
validation,5034,0.001070336,0
validation,5035,8.2090504e-05,0
validation,5036,0.0029943462,0
validation,5037,0.001661802,0
validation,5038,0.0075624897,0
validation,5039,0.00826536,0
validation,5040,0.83577913,0
validation,5041,0.07910557,0
validation,5042,0.6096436,0
validation,5043,0.002442829,0
validation,5044,0.00059746776,0
validation,5045,0.0008992682,0
validation,5046,0.001158809,0
validation,5047,0.0845346,0
validation,5048,0.021279069,0
validation,5049,0.06325642,0
validation,5050,3.834258e-07,0
validation,5051,0.5316883,0
validation,5052,0.0026075447,0
validation,5053,4.202342e-08,0
validation,5054,0.6738141,0
validation,5055,0.50126684,0
validation,5056,0.0011821925,0
validation,5057,0.21063042,0
validation,5058,0.0033847175,0
validation,5059,0.32683033,0
validation,5060,4.1523188e-05,0
validation,5061,0.13002264,0
validation,5062,0.000685803,0
validation,5063,0.076214656,0
validation,5064,0.6071458,0
validation,5065,0.0031623587,0
validation,5066,0.06960471,0
validation,5067,0.1634479,0
validation,5068,0.015381979,0
validation,5069,0.68995774,0
validation,5070,0.2942648,0
validation,5071,0.0006070284,0
validation,5072,0.6880952,0
validation,5073,0.001745619,0
validation,5074,0.0028628435,0
validation,5075,0.0007925029,0
validation,5076,7.6395365e-05,0
validation,5077,0.008517442,0
validation,5078,0.0009973666,0
validation,5079,6.997545e-05,0
validation,5080,0.00010888123,0
validation,5081,0.013472501,0
validation,5082,0.00036877612,0
validation,5083,4.805367e-07,0
validation,5084,0.0003820626,0
validation,5085,5.8131405e-07,0
validation,5086,0.0075256103,0
validation,5087,0.07531837,0
validation,5088,0.54848254,0
validation,5089,0.00019561277,0
validation,5090,0.001982369,0
validation,5091,0.040439982,0
validation,5092,0.27709138,0
validation,5093,0.7183331,0
validation,5094,0.00014351963,0
validation,5095,0.0059690275,0
validation,5096,0.059796438,0
validation,5097,0.028290484,0
validation,5098,0.0007091566,0
validation,5099,5.4856984e-05,0
validation,5100,8.23264e-05,0
validation,5101,0.0017196358,0
validation,5102,0.21123117,0
validation,5103,0.002103605,0
validation,5104,0.012323419,0
validation,5105,0.007898962,0
validation,5106,7.763006e-06,0
validation,5107,0.008134652,0
validation,5108,0.87511104,0
validation,5109,7.3950137e-06,0
validation,5110,9.4146947e-07,0
validation,5111,0.008834827,0
validation,5112,5.9608783e-06,0
validation,5113,0.0066669188,0
validation,5114,6.194886e-06,0
validation,5115,1.3816392e-05,0
validation,5116,3.3953507e-05,0
validation,5117,5.489751e-06,0
validation,5118,0.0011349178,0
validation,5119,0.0015787513,0
validation,5120,0.07903716,0
validation,5121,0.33428058,0
validation,5122,0.0070809326,0
validation,5123,1.3027922e-05,0
validation,5124,8.300955e-05,0
validation,5125,0.5008652,0
validation,5126,0.33855724,0
validation,5127,0.000122044876,0
validation,5128,0.004535952,0
validation,5129,0.0037077619,0
validation,5130,0.0009577218,0
validation,5131,0.22589613,0
validation,5132,0.34680545,0
validation,5133,0.3251525,0
validation,5134,0.45164788,0
validation,5135,0.5031829,0
validation,5136,0.8412061,0
validation,5137,0.0010407928,0
validation,5138,0.0005436523,0
validation,5139,0.001392878,0
validation,5140,0.009292547,0
validation,5141,0.39848012,0
validation,5142,0.03065383,0
validation,5143,0.4324392,0
validation,5144,0.03094968,0
validation,5145,0.00017524308,0
validation,5146,6.9701823e-06,0
validation,5147,0.00032168278,0
validation,5148,0.01352259,0
validation,5149,0.0009409851,0
validation,5150,0.0011641717,0
validation,5151,0.05652799,0
validation,5152,0.1215891,0
validation,5153,0.7730959,0
validation,5154,0.0043566427,0
validation,5155,0.007631015,0
validation,5156,0.0016112544,0
validation,5157,0.0050788033,0
validation,5158,6.564442e-05,0
validation,5159,0.0050608916,0
validation,5160,0.04334214,0
validation,5161,0.0029224816,0
validation,5162,0.00028526597,0
validation,5163,0.7907083,0
validation,5164,0.3003769,0
validation,5165,0.189314,0
validation,5166,0.00012133843,0
validation,5167,0.4384444,0
validation,5168,0.31217104,0
validation,5169,0.24495234,0
validation,5170,4.0081697e-05,0
validation,5171,0.020645317,0
validation,5172,0.5076111,0
validation,5173,0.00022119904,0
validation,5174,0.0088907,0
validation,5175,0.1278633,0
validation,5176,0.0006520844,0
validation,5177,0.3817994,0
validation,5178,0.036362156,0
validation,5179,0.00038924417,0
validation,5180,0.0002469106,0
validation,5181,0.04179028,0
validation,5182,0.02373016,0
validation,5183,0.019706655,0
validation,5184,0.4006494,0
validation,5185,0.00021068266,0
validation,5186,0.010434911,0
validation,5187,4.015592e-05,0
validation,5188,0.0015636843,0
validation,5189,0.005064353,0
validation,5190,0.06591759,0
validation,5191,0.01825887,0
validation,5192,8.76479e-05,0
validation,5193,0.003365043,0
validation,5194,0.0020207113,0
validation,5195,0.29996985,0
validation,5196,0.090332136,0
validation,5197,0.24916576,0
validation,5198,0.00081559207,0
validation,5199,0.87607104,0
validation,5200,0.00078102254,0
validation,5201,4.17832e-05,0
validation,5202,0.00014460264,0
validation,5203,0.00026693635,0
validation,5204,0.001034861,0
validation,5205,0.018764216,0
validation,5206,0.5772985,0
validation,5207,0.004371593,0
validation,5208,0.054112095,0
validation,5209,0.2906134,0
validation,5210,8.9781686e-05,0
validation,5211,0.050183464,0
validation,5212,0.0012185781,0
validation,5213,7.369429e-05,0
validation,5214,9.859448e-05,0
validation,5215,0.00012508177,0
validation,5216,0.005329832,0
validation,5217,0.00010556004,0
validation,5218,0.013243729,0
validation,5219,0.0006324768,0
validation,5220,0.00049209653,0
validation,5221,0.0003027231,0
validation,5222,0.3816813,0
validation,5223,0.66422284,0
validation,5224,0.7229099,0
validation,5225,0.009933328,0
validation,5226,0.5016923,0
validation,5227,0.003682793,0
validation,5228,0.15265615,0
validation,5229,0.0001361129,0
validation,5230,0.00080501125,0
validation,5231,0.0012152698,0
validation,5232,0.011165342,0
validation,5233,0.15478279,0
validation,5234,0.0011287217,0
validation,5235,0.2389356,0
validation,5236,0.0046130777,0
validation,5237,0.013385542,0
validation,5238,0.02243304,0
validation,5239,0.016730828,0
validation,5240,0.0012418366,0
validation,5241,0.25182584,0
validation,5242,0.009216625,0
validation,5243,0.61455464,0
validation,5244,0.0021981448,0
validation,5245,0.8514749,0
validation,5246,0.007642861,0
validation,5247,0.000111571666,0
validation,5248,0.005755333,0
validation,5249,0.02255357,0
validation,5250,0.010233137,0
validation,5251,0.0001445045,0
validation,5252,0.3312013,0
validation,5253,0.0004488379,0
validation,5254,0.0019528175,0
validation,5255,0.0020550534,0
validation,5256,0.011796545,0
validation,5257,0.010860346,0
validation,5258,0.46700713,0
validation,5259,0.0046673836,0
validation,5260,0.004658465,0
validation,5261,0.4521866,0
validation,5262,0.011702057,0
validation,5263,0.001526303,0
validation,5264,0.0006270058,0
validation,5265,0.0003562635,0
validation,5266,0.009541664,0
validation,5267,0.00035742443,0
validation,5268,0.31974086,0
validation,5269,0.6944994,0
validation,5270,0.37480855,0
validation,5271,0.0017684594,0
validation,5272,0.0007370444,0
validation,5273,0.0001251943,0
validation,5274,0.00025737254,0
validation,5275,0.00056377816,0
validation,5276,0.7844615,0
validation,5277,0.17627962,0
validation,5278,0.07831724,0
validation,5279,9.2951825e-07,0
validation,5280,0.010442436,0
validation,5281,0.0035684179,0
validation,5282,9.868917e-06,0
validation,5283,5.000915e-05,0
validation,5284,0.0005632991,0
validation,5285,0.9732279,0
validation,5286,3.8387883e-05,0
validation,5287,0.017979868,0
validation,5288,0.06221857,0
validation,5289,0.15735558,0
validation,5290,0.0019448616,0
validation,5291,0.67739475,0
validation,5292,0.050554216,0
validation,5293,0.09985411,0
validation,5294,0.0040993057,0
validation,5295,0.0012042291,0
validation,5296,0.00043172014,0
validation,5297,0.000467131,0
validation,5298,0.11744913,0
validation,5299,0.19573696,0
validation,5300,0.0051531154,0
validation,5301,0.0049813106,0
validation,5302,0.01037685,0
validation,5303,0.2740731,0
validation,5304,0.0005621127,0
validation,5305,0.002747938,0
validation,5306,0.3648271,0
validation,5307,0.0008730573,0
validation,5308,0.9621729,0
validation,5309,0.31590956,0
validation,5310,0.0023708718,0
validation,5311,0.0002539442,0
validation,5312,7.665413e-05,0
validation,5313,0.21673335,0
validation,5314,8.966584e-06,0
validation,5315,0.27371478,0
validation,5316,0.0002645721,0
validation,5317,0.068685584,0
validation,5318,0.065316334,0
validation,5319,0.002639541,0
validation,5320,0.00038083168,0
validation,5321,0.19755623,0
validation,5322,0.0004001458,0
validation,5323,0.00048335028,0
validation,5324,8.7359345e-05,0
validation,5325,0.7449718,0
validation,5326,0.4268324,0
validation,5327,0.00030822787,0
validation,5328,0.24804138,0
validation,5329,0.027586816,0
validation,5330,0.7923425,0
validation,5331,0.08778574,0
validation,5332,0.27103224,0
validation,5333,0.045916967,0
validation,5334,0.78433335,0
validation,5335,0.000807185,0
validation,5336,4.938114e-05,0
validation,5337,0.00034465842,0
validation,5338,0.20539589,0
validation,5339,0.4690001,0
validation,5340,0.5245195,0
validation,5341,0.008625022,0
validation,5342,0.18057878,0
validation,5343,0.029635351,0
validation,5344,0.8706753,0
validation,5345,0.09635243,0
validation,5346,0.1861372,0
validation,5347,0.02440464,0
validation,5348,0.06985575,0
validation,5349,0.00015428966,0
validation,5350,0.05268212,0
validation,5351,0.4161982,0
validation,5352,0.15038341,0
validation,5353,0.0015672378,0
validation,5354,0.004821455,0
validation,5355,0.028049337,0
validation,5356,0.0001116501,0
validation,5357,0.00040649076,0
validation,5358,6.4085114e-05,0
validation,5359,0.0011411203,0
validation,5360,0.03735988,0
validation,5361,0.005113669,0
validation,5362,0.00014811629,0
validation,5363,0.15809496,0
validation,5364,0.611063,0
validation,5365,0.24442244,0
validation,5366,0.95645714,0
validation,5367,0.002143039,0
validation,5368,0.02398674,0
validation,5369,0.287242,0
validation,5370,0.008828553,0
validation,5371,0.0005325977,0
validation,5372,0.62859833,0
validation,5373,8.7444685e-05,0
validation,5374,0.059569053,0
validation,5375,0.0024386295,0
validation,5376,0.0110585885,0
validation,5377,0.5388299,0
validation,5378,0.004947002,0
validation,5379,0.003901722,0
validation,5380,0.0012137457,0
validation,5381,0.00057899713,0
validation,5382,0.5756359,0
validation,5383,0.00039580202,0
validation,5384,0.0025257096,0
validation,5385,0.16671431,0
validation,5386,0.10514206,0
validation,5387,0.00042919454,0
validation,5388,0.00012244437,0
validation,5389,0.09094677,0
validation,5390,0.0008835024,0
validation,5391,0.06433615,0
validation,5392,0.023958694,0
validation,5393,0.75402045,0
validation,5394,0.4094231,0
validation,5395,0.3073413,0
validation,5396,0.00074538344,0
validation,5397,0.003260219,0
validation,5398,0.07271055,0
validation,5399,0.0012683639,0
validation,5400,0.0131797055,0
validation,5401,0.0032634586,0
validation,5402,0.21438825,0
validation,5403,4.159304e-06,0
validation,5404,0.38452083,0
validation,5405,0.0003998987,0
validation,5406,0.0019884622,0
validation,5407,6.927658e-05,0
validation,5408,0.45797583,0
validation,5409,0.6952745,0
validation,5410,0.02084876,0
validation,5411,0.67273664,0
validation,5412,0.001930915,0
validation,5413,0.5288072,0
validation,5414,0.053053655,0
validation,5415,0.050041948,0
validation,5416,0.0026044261,0
validation,5417,0.019224381,0
validation,5418,0.0014964169,0
validation,5419,0.7532995,0
validation,5420,0.001506706,0
validation,5421,0.5815195,0
validation,5422,0.50428426,0
validation,5423,0.63239443,0
validation,5424,0.00091722567,0
validation,5425,0.3448255,0
validation,5426,0.321636,0
validation,5427,0.0021270693,0
validation,5428,0.005582988,0
validation,5429,0.0002641935,0
validation,5430,0.0017523582,0
validation,5431,0.112117894,0
validation,5432,0.40516034,0
validation,5433,0.0011148147,0
validation,5434,0.28735048,0
validation,5435,0.0040711914,0
validation,5436,0.00019183621,0
validation,5437,0.040059447,0
validation,5438,0.011968663,0
validation,5439,0.68179023,0
validation,5440,0.052564163,0
validation,5441,0.0001595318,0
validation,5442,0.00076912326,0
validation,5443,0.23455611,0
validation,5444,0.021338824,0
validation,5445,0.002469223,0
validation,5446,0.006506633,0
validation,5447,0.36892942,0
validation,5448,0.005211873,0
validation,5449,0.65914845,0
validation,5450,0.6210586,0
validation,5451,0.008889216,0
validation,5452,0.00092186045,0
validation,5453,0.006045886,0
validation,5454,0.5705429,0
validation,5455,0.37814406,0
validation,5456,0.15661676,0
validation,5457,0.0017668564,0
validation,5458,0.30862734,0
validation,5459,0.029915027,0
validation,5460,0.001437171,0
validation,5461,0.4107413,0
validation,5462,0.053258,0
validation,5463,0.37044567,0
validation,5464,0.856151,0
validation,5465,0.37055036,0
validation,5466,0.8302037,0
validation,5467,0.0010453206,0
validation,5468,0.3646886,0
validation,5469,0.95676833,0
validation,5470,0.64394283,0
validation,5471,0.09937158,0
validation,5472,0.203434,0
validation,5473,0.0010775144,0
validation,5474,0.14693308,0
validation,5475,0.5322001,0
validation,5476,1.0749948e-06,0
validation,5477,0.012453334,0
validation,5478,0.025068032,0
validation,5479,0.5389905,0
validation,5480,0.0013832321,0
validation,5481,0.013729588,0
validation,5482,0.045899853,0
validation,5483,0.06922473,0
validation,5484,0.067664064,0
validation,5485,0.16635373,0
validation,5486,0.0015242,0
validation,5487,0.001242176,0
validation,5488,1.8834085e-06,0
validation,5489,0.00016488913,0
validation,5490,0.6323868,0
validation,5491,0.350525,0
validation,5492,0.0011302609,0
validation,5493,0.29928413,0
validation,5494,0.016884824,0
validation,5495,0.121126056,0
validation,5496,0.56356674,0
validation,5497,0.005779263,0
validation,5498,0.8456072,0
validation,5499,0.7114881,0
validation,5500,0.004159436,0
validation,5501,0.0005812406,0
validation,5502,0.0133912545,0
validation,5503,0.80023634,0
validation,5504,0.008428281,0
validation,5505,0.031520378,0
validation,5506,0.6407236,0
validation,5507,0.0064470666,0
validation,5508,0.010408098,0
validation,5509,0.5493438,0
validation,5510,0.0016088876,0
validation,5511,0.03782514,0
validation,5512,0.031244472,0
validation,5513,0.79347724,0
validation,5514,0.0015724525,0
validation,5515,0.34459797,0
validation,5516,0.16546422,0
validation,5517,0.0012603062,0
validation,5518,0.28324008,0
validation,5519,0.6788957,0
validation,5520,0.007299184,0
validation,5521,0.00081552635,0
validation,5522,0.006719315,0
validation,5523,0.00044282846,0
validation,5524,0.00070432946,0
validation,5525,0.9140294,0
validation,5526,0.79720116,0
validation,5527,0.03574007,0
validation,5528,0.0020696041,0
validation,5529,0.059004918,0
validation,5530,0.04455463,0
validation,5531,0.04088934,0
validation,5532,0.76242626,0
validation,5533,0.35196912,0
validation,5534,0.0008421678,0
validation,5535,0.0034554356,0
validation,5536,0.017537795,0
validation,5537,0.0182676,0
validation,5538,0.011030178,0
validation,5539,0.004596882,0
validation,5540,0.004094059,0
validation,5541,0.14254683,0
validation,5542,0.10334424,0
validation,5543,0.0024147893,0
validation,5544,5.7639776e-05,0
validation,5545,0.6294235,0
validation,5546,0.0018081426,0
validation,5547,0.09172586,0
validation,5548,0.7039127,0
validation,5549,0.009853769,0
validation,5550,0.015428,0
validation,5551,0.034407336,0
validation,5552,0.029479858,0
validation,5553,0.2598483,0
validation,5554,0.0011504797,0
validation,5555,5.9657425e-05,0
validation,5556,0.011625536,0
validation,5557,0.02559552,0
validation,5558,0.040900163,0
validation,5559,0.00028739034,0
validation,5560,0.8046178,0
validation,5561,0.0044797165,0
validation,5562,0.49726865,0
validation,5563,0.00231314,0
validation,5564,0.0019605947,0
validation,5565,0.04836828,0
validation,5566,0.18438324,0
validation,5567,0.0069758976,0
validation,5568,0.016377987,0
validation,5569,0.7657289,0
validation,5570,0.026256794,0
validation,5571,0.33961558,0
validation,5572,0.4396092,0
validation,5573,0.013495234,0
validation,5574,0.003752992,0
validation,5575,0.0035630676,0
validation,5576,0.0006100624,0
validation,5577,0.0789499,0
validation,5578,0.7944466,0
validation,5579,0.8892008,0
validation,5580,0.024104089,0
validation,5581,0.0118056815,0
validation,5582,0.0121758925,0
validation,5583,0.00043160043,0
validation,5584,0.009514363,0
validation,5585,0.63525057,0
validation,5586,0.017995618,0
validation,5587,0.07606835,0
validation,5588,0.0006397101,0
validation,5589,0.8133478,0
validation,5590,0.1361457,0
validation,5591,0.13343321,0
validation,5592,0.0054432023,0
validation,5593,0.005335426,0
validation,5594,0.005577156,0
validation,5595,0.17071834,0
validation,5596,0.22756399,0
validation,5597,0.18224023,0
validation,5598,0.018365506,0
validation,5599,0.015963592,0
validation,5600,0.012389676,0
validation,5601,0.42112228,0
validation,5602,0.38289207,0
validation,5603,0.003214994,0
validation,5604,0.252608,0
validation,5605,0.012898361,0
validation,5606,0.3075544,0
validation,5607,0.0016772168,0
validation,5608,0.4826689,0
validation,5609,0.45017493,0
validation,5610,0.04769387,0
validation,5611,0.11329221,0
validation,5612,0.44048434,0
validation,5613,0.41613525,0
validation,5614,0.0644596,0
validation,5615,0.08280461,0
validation,5616,0.007955399,0
validation,5617,0.016056295,0
validation,5618,0.006299452,0
validation,5619,0.6902993,0
validation,5620,0.23083104,0
validation,5621,0.65780246,0
validation,5622,0.16133338,0
validation,5623,0.22884567,0
validation,5624,0.0057162186,0
validation,5625,0.019419843,0
validation,5626,0.00088191987,0
validation,5627,4.326986e-05,0
validation,5628,0.000115467024,0
validation,5629,0.00021204096,0
validation,5630,0.18628308,0
validation,5631,0.71620667,0
validation,5632,0.0032040116,0
validation,5633,0.00034031286,0
validation,5634,0.18885247,0
validation,5635,0.002132293,0
validation,5636,4.7049783e-05,0
validation,5637,0.35496897,0
validation,5638,0.0073378654,0
validation,5639,0.007405194,0
validation,5640,0.00050662167,0
validation,5641,0.0009156238,0
validation,5642,0.0041743554,0
validation,5643,0.016365554,0
validation,5644,0.35093346,1
validation,5645,0.43610856,0
validation,5646,0.36165756,0
validation,5647,0.36288625,1
validation,5648,0.87931955,0
validation,5649,0.5434,1
validation,5650,0.44787624,1
validation,5651,0.13539287,1
validation,5652,0.62971425,1
validation,5653,0.50872284,0
validation,5654,0.8227017,1
validation,5655,0.40832236,1
validation,5656,0.5023582,0
validation,5657,0.77374375,1
validation,5658,0.6495229,1
validation,5659,0.85151374,0
validation,5660,0.8313072,0
validation,5661,0.6318457,0
validation,5662,0.80013436,1
validation,5663,0.2747061,1
validation,5664,0.28870225,1
validation,5665,0.759628,1
validation,5666,0.4923733,0
validation,5667,0.5337561,0
validation,5668,0.6869134,0
validation,5669,0.5656971,0
validation,5670,0.74202484,1
validation,5671,0.39700475,0
validation,5672,0.59519637,1
validation,5673,0.41939622,1
validation,5674,0.47118264,1
validation,5675,0.7955563,1
validation,5676,0.85250235,1
validation,5677,0.8421506,1
validation,5678,0.31082824,1
validation,5679,0.57155704,1
validation,5680,0.40511444,1
validation,5681,0.1820077,1
validation,5682,0.6395851,0
validation,5683,0.61918706,0
validation,5684,0.9906628,1
validation,5685,0.49787176,0
validation,5686,0.128237,0
validation,5687,0.26948237,0
validation,5688,0.49266672,0
validation,5689,0.24373749,0
validation,5690,0.5572028,1
validation,5691,0.61535764,0
validation,5692,0.987227,1
validation,5693,0.993712,1
validation,5694,0.040481515,0
validation,5695,0.32319313,0
validation,5696,0.25633392,0
validation,5697,0.44567594,0
validation,5698,0.096952304,0
validation,5699,0.2530892,0
validation,5700,0.10779444,0
validation,5701,0.04535785,0
validation,5702,0.2849449,0
validation,5703,0.28626654,0
validation,5704,0.58442295,1
validation,5705,0.41198248,1
validation,5706,0.35932836,0
validation,5707,0.19539481,0
validation,5708,0.26406723,0
validation,5709,0.1753813,0
validation,5710,0.0020331678,0
validation,5711,0.6670923,1
validation,5712,0.66596663,1
validation,5713,0.3616152,1
validation,5714,0.7130339,1
validation,5715,0.24579823,0
validation,5716,0.1296806,0
validation,5717,0.7622507,1
validation,5718,0.70664465,1
validation,5719,0.9792679,1
validation,5720,0.70223236,0
validation,5721,0.007021397,0
validation,5722,0.99322313,1
validation,5723,0.0038312548,0
validation,5724,0.0025068785,0
validation,5725,0.57775223,1
validation,5726,0.028491396,0
validation,5727,0.0043372284,0
validation,5728,0.9167633,0
validation,5729,0.2204546,0
validation,5730,0.69782805,0
validation,5731,0.7023052,0
validation,5732,0.5477287,1
validation,5733,0.6959293,0
validation,5734,0.73057556,0
validation,5735,0.10609373,0
validation,5736,0.056665245,0
validation,5737,0.548022,0
validation,5738,0.0031459327,0
validation,5739,0.7709044,1
validation,5740,0.007028535,0
validation,5741,0.011596728,0
validation,5742,0.81706035,1
validation,5743,0.74392533,1
validation,5744,0.79355174,1
validation,5745,0.7860092,1
validation,5746,0.7288228,1
validation,5747,0.739764,1
validation,5748,0.007552747,0
validation,5749,0.68395543,1
validation,5750,0.117201924,0
validation,5751,0.119402856,0
validation,5752,0.5644374,1
validation,5753,0.65412056,1
validation,5754,0.70212114,1
validation,5755,0.0048780628,0
validation,5756,0.008296258,0
validation,5757,0.96184164,1
validation,5758,0.07738543,0
validation,5759,0.070995346,0
validation,5760,0.05731167,0
validation,5761,0.23756449,0
validation,5762,0.03403155,0
validation,5763,0.06452002,0
validation,5764,0.02044754,1
validation,5765,0.67625356,1
validation,5766,0.40600988,0
validation,5767,0.297207,0
validation,5768,0.71123254,1
validation,5769,0.09066258,0
validation,5770,0.121508226,0
validation,5771,0.008814381,0
validation,5772,0.00018006355,0
validation,5773,0.0004102278,0
validation,5774,0.6728414,1
validation,5775,0.0032181924,0
validation,5776,0.27912194,0
validation,5777,0.37563902,0
validation,5778,0.0076135434,0
validation,5779,0.57020533,0
validation,5780,0.32036257,0
validation,5781,0.26867616,1
validation,5782,0.16313115,0
validation,5783,0.020797644,0
validation,5784,0.16452377,0
validation,5785,0.045624018,0
validation,5786,0.50178033,0
validation,5787,0.11692703,0
validation,5788,0.70111907,1
validation,5789,0.46408165,1
validation,5790,0.0010718431,0
validation,5791,0.55164546,1
validation,5792,0.73963434,1
validation,5793,0.7371051,1
validation,5794,0.0025698561,0
validation,5795,0.8135754,1
validation,5796,0.26905876,0
validation,5797,0.2532455,0
validation,5798,0.6506207,0
validation,5799,0.6963173,0
validation,5800,0.655545,0
validation,5801,0.15019524,0
validation,5802,0.0005330436,0
validation,5803,8.3360486e-05,0
validation,5804,0.50295496,1
validation,5805,0.5801415,0
validation,5806,0.0049277106,0
validation,5807,0.6031775,1
validation,5808,0.26893994,1
validation,5809,0.5986484,0
validation,5810,0.14838214,0
validation,5811,0.40497562,0
validation,5812,0.2505109,0
validation,5813,0.022905542,0
validation,5814,0.0055349204,0
validation,5815,0.3524916,0
validation,5816,0.38415387,0
validation,5817,0.30876523,0
validation,5818,0.03128527,0
validation,5819,0.52616256,0
validation,5820,0.3942137,0
validation,5821,0.68839145,0
validation,5822,0.27242455,0
validation,5823,0.45574445,0
validation,5824,0.34433395,0
validation,5825,0.3411065,0
validation,5826,0.2191334,1
validation,5827,0.092147216,0
validation,5828,0.15394515,1
validation,5829,0.32768592,0
validation,5830,0.49183565,1
validation,5831,0.32073402,0
validation,5832,0.38093305,0
validation,5833,0.7121484,1
validation,5834,0.60609627,1
validation,5835,0.61836636,1
validation,5836,0.43905076,1
validation,5837,0.5681964,1
validation,5838,0.4536665,1
validation,5839,0.012436627,0
validation,5840,0.060917232,0
validation,5841,0.47761506,1
validation,5842,0.64333165,1
validation,5843,0.63320243,1
validation,5844,0.013517655,0
validation,5845,0.09793142,0
validation,5846,0.2665916,0
validation,5847,0.007335698,0
validation,5848,0.6954726,1
validation,5849,0.4464577,1
validation,5850,0.3083311,1
validation,5851,0.107207075,0
validation,5852,0.4409264,1
validation,5853,0.44575498,1
validation,5854,0.6680161,1
validation,5855,0.37775412,1
validation,5856,0.091405265,0
validation,5857,0.63129437,1
validation,5858,0.0008624548,0
validation,5859,0.54607666,1
validation,5860,0.0020003724,0
validation,5861,0.6895623,1
validation,5862,0.43621063,1
validation,5863,0.0969707,1
validation,5864,0.0009856129,0
validation,5865,0.086797304,1
validation,5866,0.7941471,1
validation,5867,0.8798814,1
validation,5868,0.8880793,1
validation,5869,0.07030246,0
validation,5870,0.023374833,0
validation,5871,0.038829602,0
validation,5872,0.060054544,0
validation,5873,0.8034581,1
validation,5874,0.29910392,1
validation,5875,0.42542773,0
validation,5876,0.87937343,1
validation,5877,0.02553864,0
validation,5878,0.057477497,0
validation,5879,0.26012856,0
validation,5880,0.2068297,0
validation,5881,0.047066476,0
validation,5882,0.0058871275,0
validation,5883,0.17026609,0
validation,5884,0.21697123,0
validation,5885,4.7298923e-05,0
validation,5886,0.03466277,0
validation,5887,0.00070471014,0
validation,5888,0.23538882,1
validation,5889,0.5531262,1
validation,5890,0.19722317,0
validation,5891,0.00022302454,0
validation,5892,0.0025041136,0
validation,5893,0.0078104404,0
validation,5894,6.786917e-06,0
validation,5895,0.17980489,0
validation,5896,0.6340825,1
validation,5897,0.036291722,0
validation,5898,0.2283595,0
validation,5899,0.06763705,0
validation,5900,0.13612969,0
validation,5901,0.46871054,0
validation,5902,0.25559077,0
validation,5903,0.001089374,0
validation,5904,0.11177722,0
validation,5905,0.08156381,0
validation,5906,0.27602753,0
validation,5907,0.22041555,0
validation,5908,0.14565805,0
validation,5909,0.007046855,0
validation,5910,0.0068726502,0
validation,5911,0.0037162635,0
validation,5912,0.54774356,0
validation,5913,0.52637756,1
validation,5914,0.3757375,0
validation,5915,0.26390377,0
validation,5916,0.018226849,0
validation,5917,0.02500306,0
validation,5918,0.30056682,0
validation,5919,0.029576337,0
validation,5920,0.58410645,1
validation,5921,0.735512,1
validation,5922,0.7442514,0
validation,5923,0.665429,1
validation,5924,0.48026872,0
validation,5925,0.099700004,0
validation,5926,0.20037027,0
validation,5927,0.4402535,0
validation,5928,0.016708415,0
validation,5929,0.73248804,1
validation,5930,0.46159872,1
validation,5931,0.00573278,0
validation,5932,0.22575139,0
validation,5933,0.02233424,0
validation,5934,0.012918854,0
validation,5935,0.00066531036,0
validation,5936,0.017779665,0
validation,5937,0.012257775,0
validation,5938,0.017126214,0
validation,5939,0.0019066066,0
validation,5940,0.040745065,0
validation,5941,0.60612535,0
validation,5942,0.2423278,0
validation,5943,0.5314769,0
validation,5944,0.8124417,1
validation,5945,0.33359602,0
validation,5946,0.06390051,0
validation,5947,0.018678738,0
validation,5948,0.009828491,0
validation,5949,0.28365484,0
validation,5950,0.0704072,0
validation,5951,0.21358353,0
validation,5952,0.01018182,0
validation,5953,0.21932065,0
validation,5954,0.4834313,0
validation,5955,0.81857914,1
validation,5956,0.0010200231,0
validation,5957,0.102679126,0
validation,5958,0.38107786,0
validation,5959,0.015352628,0
validation,5960,0.0012826506,0
validation,5961,0.014245086,0
validation,5962,0.003878573,0
validation,5963,0.6232368,1
validation,5964,0.49071264,1
validation,5965,0.00095523027,0
validation,5966,0.0015502851,0
validation,5967,0.00322869,0
validation,5968,0.26814657,0
validation,5969,0.7453697,1
validation,5970,0.0146971755,0
validation,5971,0.3508718,1
validation,5972,0.069335595,0
validation,5973,0.3272543,1
validation,5974,0.007064333,0
validation,5975,0.03710936,0
validation,5976,0.59109163,1
validation,5977,0.56436485,0
validation,5978,0.33202827,1
validation,5979,0.28588116,1
validation,5980,0.99654067,1
validation,5981,0.99581146,1
validation,5982,0.9950077,1
validation,5983,0.9921084,1
validation,5984,0.0044072187,0
validation,5985,0.007032253,0
validation,5986,0.00021173872,0
validation,5987,0.010291168,0
validation,5988,0.01149067,0
validation,5989,0.07261396,0
validation,5990,1.3506512e-05,0
validation,5991,0.40134817,1
validation,5992,0.014921924,0
validation,5993,0.1486516,0
validation,5994,0.0038828054,0
validation,5995,0.79420775,1
validation,5996,0.38846922,1
validation,5997,0.40199053,0
validation,5998,0.21613179,0
validation,5999,7.263783e-05,0
validation,6000,0.027489346,0
validation,6001,0.0069808373,0
validation,6002,0.00015891633,0
validation,6003,0.75533557,1
validation,6004,0.00029159596,0
validation,6005,0.003256471,0
validation,6006,0.27881536,0
validation,6007,0.13167669,0
validation,6008,0.28450128,0
validation,6009,1.4636632e-05,0
validation,6010,0.0006504284,0
validation,6011,0.51575804,0
validation,6012,0.02826809,0
validation,6013,0.0038645768,0
validation,6014,0.07758959,0
validation,6015,0.048428364,0
validation,6016,0.0943321,0
validation,6017,0.18649015,0
validation,6018,0.54278123,1
validation,6019,0.6292201,1
validation,6020,0.07972456,0
validation,6021,0.69145876,1
validation,6022,0.62048864,1
validation,6023,0.0010904382,0
validation,6024,0.027238103,0
validation,6025,0.6950704,0
validation,6026,0.0032411537,0
validation,6027,0.0062946454,0
validation,6028,0.31620628,1
validation,6029,0.19560502,0
validation,6030,0.18922164,0
validation,6031,0.9996901,1
validation,6032,0.99949366,1
validation,6033,0.9995716,1
validation,6034,0.9995732,1
validation,6035,0.9992152,1
validation,6036,0.99962157,1
validation,6037,0.0027404088,0
validation,6038,0.0156913,0
validation,6039,0.8928907,1
validation,6040,0.00025865025,0
validation,6041,0.027628599,0
validation,6042,0.061435632,0
validation,6043,0.888113,1
validation,6044,0.8741895,1
validation,6045,0.0027022683,0
validation,6046,0.0034156486,0
validation,6047,0.01592841,0
validation,6048,0.27086657,0
validation,6049,0.06191162,0
validation,6050,0.018543066,0
validation,6051,0.021158163,0
validation,6052,0.6751434,0
validation,6053,0.014015146,0
validation,6054,0.038597733,0
validation,6055,0.0016190353,0
validation,6056,0.026125653,0
validation,6057,0.2524636,0
validation,6058,0.41613615,1
validation,6059,0.40321657,1
validation,6060,0.007059074,0
validation,6061,0.15199244,0
validation,6062,0.32908884,0
validation,6063,0.0013369459,0
validation,6064,0.18871896,0
validation,6065,0.045628846,0
validation,6066,0.62215227,1
validation,6067,0.41981617,0
validation,6068,0.1291115,0
validation,6069,0.37045136,0
validation,6070,0.0004002181,0
validation,6071,0.51059306,0
validation,6072,0.40897846,0
validation,6073,0.40408567,0
validation,6074,0.030752802,0
validation,6075,0.08389878,0
validation,6076,0.1392337,0
validation,6077,0.35685542,0
validation,6078,0.04888213,0
validation,6079,0.006207434,0
validation,6080,0.004466043,0
validation,6081,0.0073184366,0
validation,6082,0.048732705,0
validation,6083,0.0111591695,1
validation,6084,0.0026727673,0
validation,6085,0.024387065,0
validation,6086,0.001836734,1
validation,6087,0.032823507,0
validation,6088,0.6373727,0
validation,6089,0.1133578,0
validation,6090,0.050705962,1
validation,6091,0.75257057,0
validation,6092,0.5238676,0
validation,6093,0.01063853,0
validation,6094,0.0041804016,0
validation,6095,0.06143666,0
validation,6096,0.009355624,0
validation,6097,0.028316252,0
validation,6098,0.008145385,0
validation,6099,0.5401691,0
validation,6100,0.00048690848,0
validation,6101,0.010328227,0
validation,6102,0.022268947,0
validation,6103,0.5568945,0
validation,6104,0.0064854417,0
validation,6105,0.574018,1
validation,6106,0.41966832,1
validation,6107,0.5605992,1
validation,6108,0.9989059,1
validation,6109,0.00392666,0
validation,6110,0.0022850174,0
validation,6111,0.5555469,1
validation,6112,0.23543137,0
validation,6113,0.73143125,0
validation,6114,0.17329475,0
validation,6115,0.64500034,1
validation,6116,0.68358064,1
validation,6117,0.61380047,0
validation,6118,0.00016982254,0
validation,6119,0.72402686,1
validation,6120,0.98757124,1
validation,6121,0.0043050335,0
validation,6122,0.54293394,1
validation,6123,0.6974303,1
validation,6124,0.658528,0
validation,6125,0.100932464,0
validation,6126,0.19995652,1
validation,6127,0.5113917,1
validation,6128,0.025624495,0
validation,6129,0.10858315,1
validation,6130,0.0040380065,0
validation,6131,0.058922682,1
validation,6132,0.76814604,1
validation,6133,0.14342669,0
validation,6134,0.5248325,0
validation,6135,0.00075478293,0
validation,6136,0.0042215893,0
validation,6137,0.9986556,1
validation,6138,0.999267,1
validation,6139,0.08767364,0
validation,6140,0.5030866,0
validation,6141,0.19863762,0
validation,6142,0.49314213,0
validation,6143,0.28598425,0
validation,6144,0.8725556,0
validation,6145,0.4848964,0
validation,6146,0.004221192,0
validation,6147,0.68584526,1
validation,6148,0.24588381,0
validation,6149,0.16071348,0
validation,6150,0.0035679636,0
validation,6151,0.7463943,1
validation,6152,0.011871538,0
validation,6153,0.50609624,1
validation,6154,0.003929348,0
validation,6155,0.2644471,0
validation,6156,0.7039294,1
validation,6157,0.26545888,0
validation,6158,0.0019730923,0
validation,6159,0.027185075,0
validation,6160,0.010002487,0
validation,6161,0.0010606266,0
validation,6162,0.6245986,0
validation,6163,0.00907005,0
validation,6164,0.001800967,0
validation,6165,0.00039926675,0
validation,6166,0.14386679,0
validation,6167,0.41822353,1
validation,6168,0.010318741,0
validation,6169,0.6372757,0
validation,6170,0.0018568062,0
validation,6171,0.002220713,0
validation,6172,0.0006673126,0
validation,6173,0.43131247,0
validation,6174,0.011394709,0
validation,6175,0.30215117,0
validation,6176,0.06140625,0
validation,6177,0.017324219,0
validation,6178,0.30133227,1
validation,6179,0.8930788,1
validation,6180,0.014752285,0
validation,6181,0.00090724364,0
validation,6182,0.39152947,0
validation,6183,0.5722444,1
validation,6184,0.50700927,0
validation,6185,0.07042478,0
validation,6186,0.44443858,1
validation,6187,0.1438321,0
validation,6188,0.17132282,0
validation,6189,0.9893518,1
validation,6190,0.9888532,1
validation,6191,0.70309454,0
validation,6192,0.14403555,0
validation,6193,0.15366384,0
validation,6194,0.98358536,1
validation,6195,0.0051676505,0
validation,6196,0.62537885,0
validation,6197,0.9911178,1
validation,6198,0.20167093,0
validation,6199,0.23107076,0
validation,6200,0.2254846,0
validation,6201,0.63217,0
validation,6202,0.99356735,1
validation,6203,0.13031355,0
validation,6204,0.98662895,1
validation,6205,0.34412837,1
validation,6206,0.023499958,0
validation,6207,0.004140369,0
validation,6208,0.8086215,1
validation,6209,0.8493812,0
validation,6210,0.8705377,0
validation,6211,0.4161942,0
validation,6212,0.9875134,1
validation,6213,0.73193395,0
validation,6214,0.0013015828,0
validation,6215,0.0072311955,0
validation,6216,0.018821945,0
validation,6217,0.8538276,1
validation,6218,0.0053664055,0
validation,6219,0.012800855,0
validation,6220,0.0029404522,0
validation,6221,0.24446572,1
validation,6222,0.015233343,0
validation,6223,0.5834024,0
validation,6224,0.2222574,1
validation,6225,0.0029576132,0
validation,6226,0.038285296,0
validation,6227,0.009396335,0
validation,6228,0.70639634,0
validation,6229,0.023441864,0
validation,6230,0.52694535,1
validation,6231,0.77505004,0
validation,6232,0.74825716,0
validation,6233,0.7128098,0
validation,6234,0.010899885,0
validation,6235,0.81873554,0
validation,6236,0.5941855,1
validation,6237,0.0057499716,0
validation,6238,0.005027515,0
validation,6239,0.7234745,0
validation,6240,0.006375754,0
validation,6241,0.0020196873,0
validation,6242,0.31840485,1
validation,6243,0.00029791697,0
validation,6244,0.0020964313,0
validation,6245,0.77436477,1
validation,6246,9.704988e-06,0
validation,6247,0.008528857,0
validation,6248,0.16544242,0
validation,6249,0.0009386873,0
validation,6250,0.59877884,0
validation,6251,0.001203885,0
validation,6252,0.00064068177,0
validation,6253,0.84130335,0
validation,6254,0.58115494,1
validation,6255,0.012418883,0
validation,6256,0.35026845,0
validation,6257,0.11718158,0
validation,6258,0.99981594,1
validation,6259,0.7922586,0
validation,6260,0.99989116,1
validation,6261,0.8373116,0
validation,6262,0.9998878,1
validation,6263,0.99978876,1
validation,6264,0.9997896,1
validation,6265,0.99988717,1
validation,6266,0.99988574,1
validation,6267,0.9999098,1
validation,6268,0.99986094,1
validation,6269,0.9998498,1
validation,6270,0.74732983,0
validation,6271,0.9998734,1
validation,6272,0.9997756,1
validation,6273,0.99977165,1
validation,6274,0.00037423568,0
validation,6275,0.9998901,1
validation,6276,0.99976456,1
validation,6277,0.9998996,1
validation,6278,0.67211604,1
validation,6279,0.99979854,1
validation,6280,0.99987274,1
validation,6281,0.9998577,1
validation,6282,0.7262155,1
validation,6283,0.6483613,0
validation,6284,0.68123543,1
validation,6285,0.016838841,0
validation,6286,0.0005719872,0
validation,6287,0.68709064,1
validation,6288,0.0077544977,0
validation,6289,0.9997317,1
validation,6290,0.2104086,0
validation,6291,0.9996713,1
validation,6292,0.9997289,1
validation,6293,0.00059834134,0
validation,6294,0.9997456,1
validation,6295,0.9998411,1
validation,6296,0.9997716,1
validation,6297,0.9998184,1
validation,6298,0.99913114,1
validation,6299,0.9986906,1
validation,6300,0.9943709,1
validation,6301,0.9987125,1
validation,6302,0.9989477,1
validation,6303,0.9958411,1
validation,6304,0.9989505,1
validation,6305,0.010873318,0
validation,6306,0.0009798537,0
validation,6307,0.00015676158,0
validation,6308,0.0024472207,0
validation,6309,0.4339519,0
validation,6310,0.4054494,0
validation,6311,0.0027175455,0
validation,6312,0.6480585,1
validation,6313,0.6647035,0
validation,6314,0.18099912,0
validation,6315,0.5197532,0
validation,6316,0.6175467,0
validation,6317,0.5547315,0
validation,6318,0.67006874,0
validation,6319,0.5660596,0
validation,6320,0.15583886,0
validation,6321,0.65912086,0
validation,6322,0.26548275,0
validation,6323,0.5989402,0
validation,6324,0.11749367,0
validation,6325,0.007102741,0
validation,6326,0.015366192,0
validation,6327,0.11726911,0
validation,6328,0.71694636,0
validation,6329,0.9996446,1
validation,6330,0.99984103,1
validation,6331,0.9998035,1
validation,6332,0.79463917,1
validation,6333,0.03701107,0
validation,6334,0.03757692,0
validation,6335,0.8021988,1
validation,6336,0.00018593037,0
validation,6337,0.004383223,0
validation,6338,0.049727075,0
validation,6339,0.010743126,0
validation,6340,0.00046937747,0
validation,6341,0.26060793,0
validation,6342,0.53421515,1
validation,6343,0.10789509,0
validation,6344,0.0013569522,0
validation,6345,0.15913233,0
validation,6346,0.4730665,0
validation,6347,0.13444081,0
validation,6348,0.00066924625,0
validation,6349,0.99987173,1
validation,6350,0.9997776,1
validation,6351,0.99980253,1
validation,6352,0.99973094,1
validation,6353,0.9997382,1
validation,6354,0.99983996,1
validation,6355,0.99979126,1
validation,6356,0.9998271,1
validation,6357,0.5887355,0
validation,6358,0.0026742548,0
validation,6359,0.23787682,1
validation,6360,0.21027076,1
validation,6361,0.5567434,1
validation,6362,0.21862987,0
validation,6363,0.220545,0
validation,6364,0.112289965,0
validation,6365,0.23166238,0
validation,6366,0.7802423,0
validation,6367,0.7546001,0
validation,6368,0.5103452,0
validation,6369,0.89089984,0
validation,6370,0.6534995,0
validation,6371,0.79702634,0
validation,6372,0.8491005,1
validation,6373,0.0016311294,0
validation,6374,0.78451025,0
validation,6375,0.50639296,0
validation,6376,0.020609481,0
validation,6377,0.5659517,1
validation,6378,0.4027241,0
validation,6379,0.5874638,1
validation,6380,0.248166,0
validation,6381,0.6045269,1
validation,6382,0.60024357,1
validation,6383,0.00031867152,0
validation,6384,2.2634742e-05,0
validation,6385,0.35883024,0
validation,6386,0.049699295,0
validation,6387,0.4338376,0
validation,6388,0.74833703,1
validation,6389,0.06968989,0
validation,6390,0.4331182,0
validation,6391,0.0033573788,0
validation,6392,0.8195301,1
validation,6393,0.8647624,0
validation,6394,0.89116806,0
validation,6395,0.00066407834,0
validation,6396,0.069165155,0
validation,6397,0.7410562,1
validation,6398,0.0007282309,0
validation,6399,0.7233063,0
validation,6400,0.0021959078,0
validation,6401,0.9981963,1
validation,6402,0.51357335,0
validation,6403,0.0015839202,0
validation,6404,0.00038185014,0
validation,6405,0.21764678,1
validation,6406,0.9965425,1
validation,6407,0.995675,1
validation,6408,0.49700344,0
validation,6409,0.99659884,1
validation,6410,0.99472475,1
validation,6411,0.02927069,0
validation,6412,0.12897496,0
validation,6413,0.4872829,0
validation,6414,0.36264104,0
validation,6415,0.47691643,0
validation,6416,0.11331081,0
validation,6417,0.5520761,0
validation,6418,0.19303633,0
validation,6419,0.58505356,0
validation,6420,0.55718064,0
validation,6421,0.53827596,0
validation,6422,0.6135853,0
validation,6423,0.7405557,0
validation,6424,0.5824299,0
validation,6425,0.69225454,0
validation,6426,0.54591244,1
validation,6427,0.76643324,1
validation,6428,0.5215401,1
validation,6429,0.80286247,1
validation,6430,0.31869897,0
validation,6431,0.47470215,0
validation,6432,0.98786926,1
validation,6433,0.99319386,1
validation,6434,0.99683285,1
validation,6435,0.9946888,1
validation,6436,0.99138784,1
validation,6437,0.9978277,1
validation,6438,0.9900314,1
validation,6439,0.9871889,1
validation,6440,0.018477552,0
validation,6441,0.59910333,0
validation,6442,0.021307377,0
validation,6443,0.9882561,1
validation,6444,0.98436123,1
validation,6445,0.98682934,1
validation,6446,0.9896438,1
validation,6447,0.0014836555,0
validation,6448,0.9755054,1
validation,6449,0.9851577,1
validation,6450,0.014432848,0
validation,6451,0.988057,1
validation,6452,0.016336229,0
validation,6453,0.9898222,1
validation,6454,0.9819192,1
validation,6455,0.018626215,0
validation,6456,0.98278505,1
validation,6457,0.9861444,1
validation,6458,0.9802281,1
validation,6459,0.0025481782,0
validation,6460,0.008003225,0
validation,6461,0.007438921,0
validation,6462,0.9794363,1
validation,6463,0.9825529,1
validation,6464,0.98978156,1
validation,6465,0.00077594834,0
validation,6466,0.0016060903,0
validation,6467,0.9905102,1
validation,6468,0.007184973,0
validation,6469,0.00092741946,0
validation,6470,0.017622111,0
validation,6471,0.039703112,0
validation,6472,0.8979542,1
validation,6473,0.025466826,0
validation,6474,0.821848,1
validation,6475,0.6870681,0
validation,6476,0.08004037,0
validation,6477,0.38290963,1
validation,6478,0.83488065,1
validation,6479,0.0016640438,0
validation,6480,0.002436122,0
validation,6481,0.50911355,0
validation,6482,0.9994079,1
validation,6483,0.9986912,1
validation,6484,0.99817467,1
validation,6485,0.62954146,0
validation,6486,0.9988941,1
validation,6487,0.99843436,1
validation,6488,0.9988595,1
validation,6489,0.59604985,0
validation,6490,0.40205893,0
validation,6491,0.36415038,0
validation,6492,0.45172694,0
validation,6493,0.60208184,0
validation,6494,0.2565084,0
validation,6495,0.088308096,0
validation,6496,0.10851332,0
validation,6497,0.5988401,0
validation,6498,0.60724056,0
validation,6499,0.6438234,0
validation,6500,0.15600653,0
validation,6501,0.113232605,0
validation,6502,0.6063351,1
validation,6503,0.039980944,0
validation,6504,0.45994213,0
validation,6505,0.541286,1
validation,6506,0.55668205,1
validation,6507,0.5597099,0
validation,6508,0.5075296,0
validation,6509,0.5807848,0
validation,6510,0.51667684,0
validation,6511,0.05122141,0
validation,6512,0.5915988,0
validation,6513,0.8438134,0
validation,6514,0.032071486,0
validation,6515,3.9330098e-05,0
validation,6516,0.00077548117,0
validation,6517,0.19854707,0
validation,6518,0.5102463,0
validation,6519,0.58592415,1
validation,6520,0.0003953584,0
validation,6521,0.00018489386,0
validation,6522,0.0002494396,0
validation,6523,3.191731e-05,0
validation,6524,0.0003424741,0
validation,6525,7.491057e-05,0
validation,6526,2.5663025e-05,0
validation,6527,0.019890282,0
validation,6528,0.0022664818,0
validation,6529,0.9987845,1
validation,6530,0.9982924,1
validation,6531,0.9990108,1
validation,6532,0.67868876,1
validation,6533,0.6964327,1
validation,6534,0.017430326,0
validation,6535,0.00313421,0
validation,6536,0.68683004,1
validation,6537,0.65029824,1
validation,6538,0.012917153,0
validation,6539,0.63288164,1
validation,6540,0.9987156,1
validation,6541,0.9978461,1
validation,6542,0.007017485,0
validation,6543,0.7330756,1
validation,6544,0.0017734176,0
validation,6545,0.9988733,1
validation,6546,0.83392376,1
validation,6547,0.7418591,1
validation,6548,0.6524812,1
validation,6549,0.5112204,1
validation,6550,0.99930745,1
validation,6551,0.99937046,1
validation,6552,0.9994918,1
validation,6553,0.034075394,0
validation,6554,0.5343312,1
validation,6555,0.21056834,0
validation,6556,0.20815183,0
validation,6557,0.1768603,0
validation,6558,0.48392823,0
validation,6559,0.29243442,0
validation,6560,0.50445414,0
validation,6561,0.20564072,0
validation,6562,0.39303648,1
validation,6563,0.4382144,0
validation,6564,0.5365287,0
validation,6565,0.1959249,0
validation,6566,0.18476503,0
validation,6567,0.047628865,0
validation,6568,0.23279414,0
validation,6569,0.14564617,0
validation,6570,0.7028771,0
validation,6571,0.00056404533,0
validation,6572,0.029117342,0
validation,6573,0.009864685,0
validation,6574,0.0008821376,0
validation,6575,0.9200419,1
validation,6576,0.0011819334,0
validation,6577,0.00013420818,0
validation,6578,0.011160005,0
validation,6579,0.5579486,1
validation,6580,0.0009680935,0
validation,6581,0.00046035767,0
validation,6582,0.5818311,1
validation,6583,0.8688311,1
validation,6584,0.00057411403,0
validation,6585,0.8317689,1
validation,6586,0.91735154,1
validation,6587,0.77738214,1
validation,6588,0.0022853152,0
validation,6589,0.89979523,1
validation,6590,0.0042743282,0
validation,6591,0.8940628,1
validation,6592,0.9225572,1
validation,6593,0.0009873356,0
validation,6594,0.007849654,0
validation,6595,0.00028988792,0
validation,6596,0.0005356564,0
validation,6597,0.0009220748,0
validation,6598,0.0024549249,0
validation,6599,0.0017073519,0
validation,6600,0.0003339184,0
validation,6601,0.00024435346,0
validation,6602,0.8276154,1
validation,6603,0.8052102,0
validation,6604,0.8234198,0
validation,6605,0.74268484,0
validation,6606,0.7994687,0
validation,6607,0.31865832,0
validation,6608,0.0018684997,0
validation,6609,0.0017831211,0
validation,6610,0.9988038,1
validation,6611,0.9986843,1
validation,6612,0.9989249,1
validation,6613,0.62466705,1
validation,6614,0.99884975,1
validation,6615,0.99924624,1
validation,6616,0.99942094,1
validation,6617,0.6140009,0
validation,6618,0.99875206,1
validation,6619,0.768486,1
validation,6620,0.6731427,1
validation,6621,0.33425623,0
validation,6622,0.995451,1
validation,6623,0.98966587,1
validation,6624,0.0018925105,0
validation,6625,0.99688965,1
validation,6626,0.7755619,0
validation,6627,0.034717567,0
validation,6628,0.9850678,1
validation,6629,0.99119204,1
validation,6630,0.5701833,0
validation,6631,0.99874073,1
validation,6632,0.003747291,0
validation,6633,0.36421907,1
validation,6634,0.0023276205,0
validation,6635,0.0058688433,0
validation,6636,0.0022183843,0
validation,6637,0.49522614,1
validation,6638,0.03641116,0
validation,6639,0.035046183,0
validation,6640,0.3054949,1
validation,6641,0.12367805,0
validation,6642,0.010765797,0
validation,6643,0.5218118,1
validation,6644,0.52720535,1
validation,6645,0.377596,0
validation,6646,0.09548395,0
validation,6647,0.1334039,0
validation,6648,0.0039377427,0
validation,6649,0.00059979735,0
validation,6650,0.5936906,0
validation,6651,0.08529606,0
validation,6652,0.28121585,0
validation,6653,0.5028875,0
validation,6654,0.6700522,0
validation,6655,0.60154456,0
validation,6656,0.5202863,0
validation,6657,0.74713564,1
validation,6658,0.0010364377,0
validation,6659,0.04780003,0
validation,6660,0.044444304,0
validation,6661,0.27419743,0
validation,6662,0.0030489478,0
validation,6663,0.0011684507,0
validation,6664,0.02941043,0
validation,6665,0.123764865,0
validation,6666,0.6958406,1
validation,6667,0.0003962149,0
validation,6668,0.027062917,0
validation,6669,0.66889083,0
validation,6670,0.7696673,1
validation,6671,0.000762043,0
validation,6672,0.5358087,0
validation,6673,0.0009792574,0
validation,6674,0.005956121,0
validation,6675,0.99914557,1
validation,6676,0.99954915,1
validation,6677,0.9992415,1
validation,6678,0.9993256,1
validation,6679,0.21995106,1
validation,6680,0.19905144,0
validation,6681,0.01040995,0
validation,6682,0.003079693,0
validation,6683,0.0083043855,0
validation,6684,0.78105044,1
validation,6685,0.726125,1
validation,6686,0.80001515,1
validation,6687,0.99925655,1
validation,6688,0.99942666,1
validation,6689,0.2018032,0
validation,6690,0.39351347,1
validation,6691,0.0011347595,0
validation,6692,0.4172303,0
validation,6693,0.31343526,0
validation,6694,0.25781605,0
validation,6695,0.040467147,0
validation,6696,0.09958842,0
validation,6697,0.067500584,0
validation,6698,0.36538804,0
validation,6699,0.9989592,1
validation,6700,0.016626995,0
validation,6701,0.063069075,0
validation,6702,0.0008329425,0
validation,6703,0.00052033743,0
validation,6704,0.0002161855,0
validation,6705,0.37235418,1
validation,6706,0.19709316,0
validation,6707,0.62013227,0
validation,6708,0.16903633,1
validation,6709,0.16502981,0
validation,6710,0.13326214,0
validation,6711,0.18931386,0
validation,6712,0.0658531,0
validation,6713,0.10803079,0
validation,6714,0.0044077374,0
validation,6715,0.8021843,1
validation,6716,0.3884201,1
validation,6717,0.003870185,0
validation,6718,0.44072753,0
validation,6719,0.43374756,0
validation,6720,0.7953379,0
validation,6721,0.20845445,1
validation,6722,0.8654746,1
validation,6723,0.3974173,1
validation,6724,0.5618434,0
validation,6725,0.5515313,1
validation,6726,0.27212313,0
validation,6727,0.5176358,0
validation,6728,0.49110332,1
validation,6729,0.15522432,1
validation,6730,0.61801183,1
validation,6731,0.31142864,1
validation,6732,0.02585948,0
validation,6733,0.39816114,0
validation,6734,0.52178675,1
validation,6735,0.47762784,1
validation,6736,0.0018597266,0
validation,6737,0.26716596,1
validation,6738,0.17271747,1
validation,6739,0.0015381807,0
validation,6740,0.76177096,1
validation,6741,0.7032248,1
validation,6742,0.6768191,1
validation,6743,0.112796105,0
validation,6744,0.72841674,1
validation,6745,0.74988043,1
validation,6746,0.34454277,0
validation,6747,0.4647327,0
validation,6748,0.25618458,0
validation,6749,0.012307896,1
validation,6750,0.8642123,1
validation,6751,0.45936477,0
validation,6752,0.6573103,1
validation,6753,0.694922,1
validation,6754,0.7025659,1
validation,6755,0.28259212,0
validation,6756,0.14880398,1
validation,6757,0.84856087,1
validation,6758,0.6134113,0
validation,6759,0.0009807746,0
validation,6760,0.83274394,1
validation,6761,0.041920006,1
validation,6762,0.034354985,1
validation,6763,0.7002783,1
validation,6764,0.72344613,1
validation,6765,0.00047697304,0
validation,6766,0.43322524,1
validation,6767,0.0013560324,0
validation,6768,0.8809024,1
validation,6769,0.8028743,1
validation,6770,0.5085256,1
validation,6771,0.47959194,1
validation,6772,0.57802534,0
validation,6773,0.7662704,1
validation,6774,0.7715536,0
validation,6775,0.3412124,1
validation,6776,0.0013865022,0
validation,6777,0.0059807952,0
validation,6778,0.002274604,0
validation,6779,0.3322541,1
validation,6780,0.35632634,1
validation,6781,0.8074964,1
validation,6782,0.0010058072,0
validation,6783,0.5459081,0
validation,6784,0.01021807,0
validation,6785,0.28370947,0
validation,6786,0.0001291196,0
validation,6787,0.15930796,0
validation,6788,0.5749552,0
validation,6789,0.63139176,1
validation,6790,0.00022147846,0
validation,6791,0.5066669,0
validation,6792,0.83446324,1
validation,6793,0.4501701,1
validation,6794,0.8538848,0
validation,6795,0.0023044639,0
validation,6796,0.53941035,1
validation,6797,0.7832801,1
validation,6798,0.45267886,1
validation,6799,0.7831088,1
validation,6800,0.50158465,1
validation,6801,0.7052071,1
validation,6802,0.82250166,1
validation,6803,0.81295216,1
validation,6804,0.8122849,1
validation,6805,0.47967646,1
validation,6806,0.45813936,0
validation,6807,0.7972939,1
validation,6808,0.20723337,1
validation,6809,0.4086499,1
validation,6810,0.7526389,1
validation,6811,0.42347473,0
validation,6812,0.07343018,1
validation,6813,0.7632816,1
validation,6814,0.32902637,0
validation,6815,0.8652453,1
validation,6816,0.21827278,1
validation,6817,0.53409237,1
validation,6818,0.4517159,1
validation,6819,0.35513532,1
validation,6820,0.7045085,1
validation,6821,0.5879296,1
validation,6822,0.9995692,1
validation,6823,0.99946856,1
validation,6824,0.99900454,1
validation,6825,0.99912566,1
validation,6826,0.999259,1
validation,6827,0.99922836,1
validation,6828,0.9987947,1
validation,6829,0.99934727,1
validation,6830,0.99948853,1
validation,6831,0.99929535,1
validation,6832,0.9993213,1
validation,6833,0.9993595,1
validation,6834,0.99928486,1
validation,6835,0.63735163,1
validation,6836,0.0069191875,0
validation,6837,0.17687128,1
validation,6838,0.882437,1
validation,6839,0.44410178,0
validation,6840,0.42177543,1
validation,6841,0.9182333,1
validation,6842,0.8121905,1
validation,6843,0.21914634,0
validation,6844,0.1946259,1
validation,6845,0.43696734,1
validation,6846,0.7859894,1
validation,6847,0.2263852,0
validation,6848,0.92626226,0
validation,6849,0.3813696,0
validation,6850,0.42739975,1
validation,6851,0.0014327803,0
validation,6852,0.8628211,0
validation,6853,0.99965835,1
validation,6854,0.99967486,1
validation,6855,0.9996218,1
validation,6856,0.99972063,1
validation,6857,0.49198827,1
validation,6858,0.5259226,1
validation,6859,0.81442535,1
validation,6860,0.42231074,1
validation,6861,0.40508017,1
validation,6862,0.386279,1
validation,6863,0.5142267,1
validation,6864,0.46627626,1
validation,6865,0.6172231,1
validation,6866,0.76597697,0
validation,6867,0.00071549736,0
validation,6868,0.6907876,1
validation,6869,0.58293045,1
validation,6870,0.900239,1
validation,6871,0.87177914,1
validation,6872,0.82761925,1
validation,6873,0.831125,1
validation,6874,0.82714635,1
validation,6875,0.88733053,1
validation,6876,0.83265114,1
validation,6877,0.59481084,1
validation,6878,0.82278776,1
validation,6879,0.8491532,1
validation,6880,0.90746415,1
validation,6881,0.67016304,1
validation,6882,0.6525895,1
validation,6883,0.8313345,1
validation,6884,0.834549,1
validation,6885,0.56962836,1
validation,6886,0.5212999,1
validation,6887,0.8913798,1
validation,6888,0.872519,1
validation,6889,0.6946663,1
validation,6890,0.52813697,1
validation,6891,0.6817287,1
validation,6892,0.5493263,1
validation,6893,0.63473606,1
validation,6894,0.5797514,1
validation,6895,0.6191541,1
validation,6896,0.45749217,0
validation,6897,0.14419705,1
validation,6898,0.29993525,1
validation,6899,0.440148,1
validation,6900,0.62482285,1
validation,6901,0.5869804,1
validation,6902,0.80585873,1
validation,6903,0.7859847,1
validation,6904,0.7515607,1
validation,6905,0.7223781,1
validation,6906,0.26340875,1
validation,6907,0.22115842,1
validation,6908,0.22130121,1
validation,6909,0.6946353,1
validation,6910,0.86505485,1
validation,6911,0.9012816,1
validation,6912,0.47093338,1
validation,6913,0.8163311,1
validation,6914,0.013192927,0
validation,6915,0.46240216,1
validation,6916,0.0065197833,0
validation,6917,0.7707508,1
validation,6918,0.72197795,1
validation,6919,0.7915633,0
validation,6920,0.37240824,1
validation,6921,0.8058777,1
validation,6922,0.24045965,0
validation,6923,0.8261783,1
validation,6924,0.24612045,1
validation,6925,0.56402993,1
validation,6926,0.90165615,1
validation,6927,0.33553365,1
validation,6928,0.7588506,1
validation,6929,0.5355764,1
validation,6930,0.77919936,1
validation,6931,0.7862011,0
validation,6932,0.5245015,1
validation,6933,0.52665484,1
validation,6934,0.0023225965,0
validation,6935,0.0734548,0
validation,6936,0.8425127,1
validation,6937,0.09210614,0
validation,6938,0.00058834994,0
validation,6939,0.74418736,1
validation,6940,0.82089853,1
validation,6941,0.5246616,0
validation,6942,0.035201624,0
validation,6943,0.43536502,1
validation,6944,0.7393992,1
validation,6945,0.38445482,1
validation,6946,0.44573295,1
validation,6947,0.81411135,1
validation,6948,0.021747358,0
validation,6949,0.13565502,0
validation,6950,0.005954565,0
validation,6951,0.7188133,1
validation,6952,0.7781732,1
validation,6953,0.47913644,1
validation,6954,0.4455226,1
validation,6955,0.31708905,0
validation,6956,0.022245485,0
validation,6957,0.8521817,1
validation,6958,0.63580036,1
validation,6959,0.029682472,0
validation,6960,0.53442806,1
validation,6961,0.0066992124,0
validation,6962,0.8253298,1
validation,6963,0.814168,1
validation,6964,0.8746772,1
validation,6965,0.33412367,1
validation,6966,0.9992498,1
validation,6967,0.76080626,1
validation,6968,0.8892975,1
validation,6969,0.9991632,1
validation,6970,0.9990194,1
validation,6971,0.44708872,0
validation,6972,0.999473,1
validation,6973,0.99950314,1
validation,6974,0.99974656,1
validation,6975,0.4197294,0
validation,6976,0.8241877,1
validation,6977,0.0028660248,0
validation,6978,0.847654,0
validation,6979,0.0031736647,0
validation,6980,0.86883616,0
validation,6981,0.9997656,1
validation,6982,0.16010119,1
validation,6983,0.9996422,1
validation,6984,0.9962781,1
validation,6985,0.9996265,1
validation,6986,0.99971133,1
validation,6987,0.87997913,1
validation,6988,0.37588823,1
validation,6989,0.51580447,1
validation,6990,0.9992528,1
validation,6991,0.99922395,1
validation,6992,0.0007825155,0
validation,6993,0.99906117,1
validation,6994,0.99927235,1
validation,6995,0.87676483,1
validation,6996,0.29996875,0
validation,6997,0.7750011,1
validation,6998,0.42760104,1
validation,6999,0.27519488,1
validation,7000,3.029383e-05,0
validation,7001,0.03860757,1
validation,7002,0.7297801,0
validation,7003,0.8290353,0
validation,7004,0.8030437,0
validation,7005,0.2500821,1
validation,7006,0.40823215,1
validation,7007,0.99988997,1
validation,7008,0.9999131,1
validation,7009,0.99990726,1
validation,7010,0.7212361,1
validation,7011,0.7525976,1
validation,7012,0.36175236,1
validation,7013,0.46801925,1
validation,7014,0.6645193,0
validation,7015,0.4594291,1
validation,7016,0.8461789,1
validation,7017,0.7820338,1
validation,7018,0.8563417,1
validation,7019,0.34026986,1
validation,7020,0.90544724,1
validation,7021,0.0016241403,0
validation,7022,0.0037304705,0
validation,7023,0.11453276,1
validation,7024,0.00036716633,0
validation,7025,0.8293876,0
validation,7026,0.5576468,1
validation,7027,0.997111,1
validation,7028,0.9978849,1
validation,7029,0.54404104,1
validation,7030,0.14522667,1
validation,7031,0.8546204,1
validation,7032,0.99783987,1
validation,7033,0.65108323,1
validation,7034,0.9980149,1
validation,7035,0.998382,1
validation,7036,0.9993511,1
validation,7037,0.99703586,1
validation,7038,0.56441927,1
validation,7039,0.7986631,1
validation,7040,0.3735423,1
validation,7041,0.99808687,1
validation,7042,0.99711615,1
validation,7043,0.5859419,1
validation,7044,0.97785974,1
validation,7045,0.98868334,1
validation,7046,0.8840045,1
validation,7047,0.9986747,1
validation,7048,0.99907225,1
validation,7049,0.99789387,1
validation,7050,0.6083033,1
validation,7051,0.9271767,1
validation,7052,0.71654856,1
validation,7053,0.7674597,1
validation,7054,0.31631857,0
validation,7055,0.90320086,1
validation,7056,0.7497037,1
validation,7057,0.77764624,1
validation,7058,0.57581055,1
validation,7059,0.5260066,1
validation,7060,0.09332132,0
validation,7061,0.2052527,0
validation,7062,0.81416804,1
validation,7063,0.5660052,1
validation,7064,0.9990863,1
validation,7065,0.65162104,1
validation,7066,0.5406593,1
validation,7067,0.8863877,1
validation,7068,0.7481812,1
validation,7069,0.68994975,1
validation,7070,0.41527689,1
validation,7071,0.99961984,1
validation,7072,0.9992587,1
validation,7073,0.9994951,1
validation,7074,0.9995865,1
validation,7075,0.050699256,1
validation,7076,0.999328,1
validation,7077,0.99962574,1
validation,7078,0.99926686,1
validation,7079,0.9996189,1
validation,7080,0.73152596,1
validation,7081,0.04968937,0
validation,7082,0.04669929,0
validation,7083,0.30845264,1
validation,7084,0.37619123,1
validation,7085,0.843435,1
validation,7086,0.21965054,1
validation,7087,0.87493825,1
validation,7088,0.039120305,1
validation,7089,0.5285203,0
validation,7090,0.5776503,1
validation,7091,0.6045172,1
validation,7092,0.42366368,1
validation,7093,0.6503107,1
validation,7094,0.16212428,0
validation,7095,0.87357247,1
validation,7096,0.29926166,1
validation,7097,0.8187647,1
validation,7098,0.51462007,1
validation,7099,0.15127125,1
validation,7100,0.8470075,1
validation,7101,0.8599565,1
validation,7102,0.55509233,0
validation,7103,0.8682059,1
validation,7104,0.9990131,1
validation,7105,0.99899036,1
validation,7106,0.99803853,1
validation,7107,0.998005,1
validation,7108,0.9976813,1
validation,7109,0.8334644,1
validation,7110,0.9986759,1
validation,7111,0.9983497,1
validation,7112,0.8676677,1
validation,7113,0.99581367,1
validation,7114,0.9976452,1
validation,7115,0.99677485,1
validation,7116,0.9977827,1
validation,7117,0.995026,1
validation,7118,0.9956889,1
validation,7119,0.99753255,1
validation,7120,0.9965951,1
validation,7121,0.7872296,1
validation,7122,0.8962409,1
validation,7123,0.79834276,1
validation,7124,0.74846756,1
validation,7125,0.47853383,0
validation,7126,0.810946,1
validation,7127,0.9997119,1
validation,7128,0.9994818,1
validation,7129,0.8362681,1
validation,7130,0.75573957,1
validation,7131,0.8195926,1
validation,7132,0.85809934,1
validation,7133,0.8820226,1
validation,7134,0.83631146,1
validation,7135,0.058382075,0
validation,7136,0.6570541,0
validation,7137,0.83088875,1
validation,7138,0.31216985,0
validation,7139,0.48155317,1
validation,7140,0.9225627,1
validation,7141,0.39329347,1
validation,7142,0.09721128,0
validation,7143,0.983644,1
validation,7144,0.79340124,1
validation,7145,0.9290941,1
validation,7146,0.57526326,0
validation,7147,0.8898023,0
validation,7148,0.7415472,0
validation,7149,0.8569835,1
validation,7150,0.8704013,0
validation,7151,0.3599476,0
validation,7152,0.00082427904,0
validation,7153,0.77114797,1
validation,7154,0.006938142,0
validation,7155,0.30468863,1
validation,7156,0.7341713,1
validation,7157,0.68695086,1
validation,7158,0.44749808,0
validation,7159,0.8046992,1
validation,7160,0.77955806,1
validation,7161,0.49347517,1
validation,7162,0.8203501,1
validation,7163,0.7568971,1
validation,7164,0.79655963,1
validation,7165,0.8437809,1
validation,7166,0.8283804,1
validation,7167,0.0206407,0
validation,7168,0.7706826,1
validation,7169,0.47541526,0
validation,7170,0.015677726,0
validation,7171,0.75695145,1
validation,7172,0.9759258,1
validation,7173,0.7979974,1
validation,7174,0.8119987,1
validation,7175,0.99949235,1
validation,7176,0.30666187,1
validation,7177,0.9995346,1
validation,7178,0.99977046,1
validation,7179,0.9993646,1
validation,7180,0.999658,1
validation,7181,0.99947125,1
validation,7182,0.9995855,1
validation,7183,0.99956316,1
validation,7184,0.99963135,1
validation,7185,0.99949574,1
validation,7186,0.56030613,0
validation,7187,0.9994245,1
validation,7188,0.9996398,1
validation,7189,0.9995246,1
validation,7190,0.99936557,1
validation,7191,0.8270746,1
validation,7192,0.71462905,1
validation,7193,0.99920166,1
validation,7194,0.99979067,1
validation,7195,0.9995077,1
validation,7196,0.99969715,1
validation,7197,0.8893359,1
validation,7198,0.7297824,1
validation,7199,0.4824044,1
validation,7200,0.57702076,1
validation,7201,0.66435885,1
validation,7202,0.51307833,1
validation,7203,0.6500935,1
validation,7204,0.77756417,1
validation,7205,0.47304755,1
validation,7206,0.9363065,1
validation,7207,0.62506354,1
validation,7208,0.6050464,1
validation,7209,0.792377,1
validation,7210,0.54094756,1
validation,7211,0.75244576,1
validation,7212,0.55708206,1
validation,7213,0.826332,0
validation,7214,0.81271064,0
validation,7215,0.0025480108,0
validation,7216,0.33665046,0
validation,7217,0.8077871,1
validation,7218,0.9946052,1
validation,7219,0.7344292,1
validation,7220,0.9961655,1
validation,7221,0.996377,1
validation,7222,0.9965941,1
validation,7223,0.99674404,1
validation,7224,0.9965922,1
validation,7225,0.8603343,1
validation,7226,0.99713176,1
validation,7227,0.9955108,1
validation,7228,0.99750036,1
validation,7229,0.83236474,1
validation,7230,0.8296138,1
validation,7231,0.44503766,0
validation,7232,0.2256687,1
validation,7233,0.010487004,0
validation,7234,0.559522,1
validation,7235,0.76724046,1
validation,7236,0.7378905,1
validation,7237,0.7611741,1
validation,7238,0.85333276,1
validation,7239,0.7065343,1
validation,7240,0.9986446,1
validation,7241,0.99882585,1
validation,7242,0.99829763,1
validation,7243,0.99889934,1
validation,7244,0.99835193,1
validation,7245,0.9990709,1
validation,7246,0.9986732,1
validation,7247,0.99897146,1
validation,7248,0.9981768,1
validation,7249,0.22908507,1
validation,7250,0.99892825,1
validation,7251,0.091617115,0
validation,7252,0.99982023,1
validation,7253,0.00058120297,0
validation,7254,0.536337,1
validation,7255,1.629742e-05,0
validation,7256,0.999714,1
validation,7257,0.8439001,1
validation,7258,0.9995149,1
validation,7259,9.30208e-06,0
validation,7260,0.9783982,1
validation,7261,0.9540261,1
validation,7262,0.41339767,1
validation,7263,0.37563545,1
validation,7264,0.9995409,1
validation,7265,2.0129926e-05,0
validation,7266,0.9994947,1
validation,7267,0.96212393,0
validation,7268,0.9507387,1
validation,7269,0.00130089,0
validation,7270,6.3710075e-05,0
validation,7271,0.00018402148,0
validation,7272,0.96634233,1
validation,7273,0.99952453,1
validation,7274,0.81055605,1
validation,7275,0.99965495,1
validation,7276,0.99966514,1
validation,7277,0.99965936,1
validation,7278,0.99959093,1
validation,7279,0.7735089,1
validation,7280,0.9997261,1
validation,7281,0.99940485,1
validation,7282,0.8773383,1
validation,7283,0.28448215,1
validation,7284,0.7557161,1
validation,7285,0.99895054,1
validation,7286,0.99916226,1
validation,7287,0.99904454,1
validation,7288,0.99894804,1
validation,7289,0.99899894,1
validation,7290,0.99855775,1
validation,7291,0.55683696,1
validation,7292,0.9989725,1
validation,7293,0.9980029,1
validation,7294,0.7828874,1
validation,7295,0.6829356,1
validation,7296,0.89223766,1
validation,7297,0.67558587,1
validation,7298,0.71006215,1
validation,7299,0.9855598,1
validation,7300,0.98462474,1
validation,7301,0.99012953,1
validation,7302,0.9886586,1
validation,7303,0.9902054,1
validation,7304,0.97440106,1
validation,7305,0.9907921,1
validation,7306,0.9971788,1
validation,7307,0.9984214,1
validation,7308,0.3039696,1
validation,7309,0.9976229,1
validation,7310,0.34812745,1
validation,7311,0.99703693,1
validation,7312,0.9974469,1
validation,7313,0.35466602,1
validation,7314,0.9969927,1
validation,7315,0.7660077,1
validation,7316,0.9301874,1
validation,7317,0.74539614,1
validation,7318,0.54788136,1
validation,7319,0.8111204,1
validation,7320,0.5868856,1
validation,7321,0.8450396,1
validation,7322,0.8740557,1
validation,7323,0.89896035,1
validation,7324,0.0017084071,0
validation,7325,0.41696426,1
validation,7326,0.812642,1
validation,7327,0.7587981,1
validation,7328,0.8471477,1
validation,7329,0.86258817,1
validation,7330,0.8320064,1
validation,7331,0.4404406,1
validation,7332,0.8277637,1
validation,7333,0.36233675,1
validation,7334,0.998949,1
validation,7335,0.7737894,1
validation,7336,0.99970114,1
validation,7337,0.99965876,1
validation,7338,0.9992886,1
validation,7339,0.3045923,1
validation,7340,0.7893094,1
validation,7341,0.83523244,1
validation,7342,0.7891612,1
validation,7343,0.90687674,1
validation,7344,0.87102216,0
validation,7345,0.9975894,1
validation,7346,0.9975169,1
validation,7347,0.9978626,1
validation,7348,0.9966511,1
validation,7349,0.78651404,1
validation,7350,0.74854434,1
validation,7351,0.8621483,1
validation,7352,0.5496982,1
validation,7353,0.80839527,1
validation,7354,0.88110816,1
validation,7355,0.48096126,0
validation,7356,0.04096603,0
validation,7357,0.90643805,1
validation,7358,0.41468284,1
validation,7359,0.764948,1
validation,7360,0.0027598024,0
validation,7361,0.7032633,1
validation,7362,0.3432578,1
validation,7363,0.3280727,0
validation,7364,0.51634526,0
validation,7365,0.8427516,1
validation,7366,0.7864935,1
validation,7367,0.7801635,1
validation,7368,0.9997201,1
validation,7369,0.9997303,1
validation,7370,0.99973154,1
validation,7371,0.9996501,1
validation,7372,0.9997248,1
validation,7373,0.99948734,1
validation,7374,0.99971294,1
validation,7375,0.8535453,1
validation,7376,0.83848405,1
validation,7377,0.72716606,1
validation,7378,0.23813473,0
validation,7379,0.71566725,1
validation,7380,0.6042059,1
validation,7381,0.1892274,1
validation,7382,0.8474778,1
validation,7383,0.18120584,0
validation,7384,0.7522439,1
validation,7385,0.6734543,1
validation,7386,0.999748,1
validation,7387,0.9997789,1
validation,7388,0.8325331,1
validation,7389,0.84677947,1
validation,7390,0.9989144,1
validation,7391,0.99863446,1
validation,7392,0.59604084,0
validation,7393,0.2944604,0
validation,7394,0.26407185,0
validation,7395,0.97113657,0
validation,7396,0.003089263,0
validation,7397,0.017295433,0
validation,7398,0.99967664,1
validation,7399,0.999511,1
validation,7400,0.99956226,1
validation,7401,0.999052,1
validation,7402,0.99960375,1
validation,7403,0.99977076,1
validation,7404,0.9997165,1
validation,7405,0.999472,1
validation,7406,0.99976224,1
validation,7407,0.82440245,1
validation,7408,0.8277655,1
validation,7409,0.7939789,1
validation,7410,0.8030127,1
validation,7411,0.91384304,1
validation,7412,0.71131265,1
validation,7413,0.9378022,1
validation,7414,0.002663479,0
validation,7415,0.7641527,1
validation,7416,0.89079845,1
validation,7417,0.77748126,1
validation,7418,0.5760807,0
validation,7419,0.20878468,0
validation,7420,0.7634389,1
validation,7421,0.818708,1
validation,7422,0.83729243,1
validation,7423,0.93179965,1
validation,7424,0.72476494,1
validation,7425,0.7319307,1
validation,7426,0.69122446,1
validation,7427,0.80781907,1
validation,7428,0.7992773,1
validation,7429,0.8539329,1
validation,7430,0.69338787,1
validation,7431,0.005619008,0
validation,7432,0.026654681,0
validation,7433,0.54493546,1
validation,7434,5.2958643e-05,0
validation,7435,0.00013548911,0
validation,7436,0.84565395,1
validation,7437,0.48797283,1
validation,7438,0.7551922,1
validation,7439,0.88096553,1
validation,7440,0.96773225,1
validation,7441,0.8308482,1
validation,7442,0.8227153,1
validation,7443,0.9691078,1
validation,7444,0.72639656,1
validation,7445,0.3233154,1
validation,7446,0.8613732,1
validation,7447,0.83675075,1
validation,7448,0.5002549,1
validation,7449,0.9995421,1
validation,7450,0.99949765,1
validation,7451,0.9993533,1
validation,7452,0.9997298,1
validation,7453,0.8221971,1
validation,7454,0.99947405,1
validation,7455,0.8145356,1
validation,7456,0.8367642,1
validation,7457,0.8799671,1
validation,7458,0.7098875,1
validation,7459,0.564032,1
validation,7460,0.8612917,1
validation,7461,0.99864066,1
validation,7462,0.9991,1
validation,7463,0.9988194,1
validation,7464,0.89073324,1
validation,7465,0.31840014,1
validation,7466,0.43182445,0
validation,7467,0.9979961,1
validation,7468,0.0022431272,0
validation,7469,0.9039189,1
validation,7470,0.9987802,1
validation,7471,0.99868476,1
validation,7472,0.99909174,1
validation,7473,0.99888194,1
validation,7474,0.99905825,1
validation,7475,0.998683,1
validation,7476,0.9990186,1
validation,7477,0.20094366,1
validation,7478,0.88429844,1
validation,7479,0.9987303,1
validation,7480,0.83695173,1
validation,7481,0.8794154,1
validation,7482,0.9989016,1
validation,7483,0.999866,1
validation,7484,0.9998619,1
validation,7485,0.9997799,1
validation,7486,0.77175796,1
validation,7487,0.9998924,1
validation,7488,0.02693717,0
validation,7489,0.025069524,0
validation,7490,0.044750247,0
validation,7491,0.019300098,0
validation,7492,0.9510659,0
validation,7493,0.9985786,1
validation,7494,0.9968565,1
validation,7495,0.8341803,0
validation,7496,0.5130795,1
validation,7497,0.8057287,1
validation,7498,0.47115052,0
validation,7499,0.4276964,1
validation,7500,0.60863745,1
validation,7501,0.19420289,1
validation,7502,0.87770206,1
validation,7503,0.9996878,1
validation,7504,0.9998134,1
validation,7505,0.9996533,1
validation,7506,0.99971116,1
validation,7507,0.9996004,1
validation,7508,0.8627847,1
validation,7509,0.9997136,1
validation,7510,0.9996536,1
validation,7511,0.99978447,1
validation,7512,0.9997111,1
validation,7513,0.9997203,1
validation,7514,0.7769949,1
validation,7515,0.6962133,1
validation,7516,0.72993743,1
validation,7517,0.25673953,0
validation,7518,0.77996755,1
validation,7519,0.10422619,0
validation,7520,0.7913346,1
validation,7521,0.28981292,0
validation,7522,0.3028539,0
validation,7523,0.7365561,1
validation,7524,0.84507906,1
validation,7525,0.9996614,1
validation,7526,0.47748876,1
validation,7527,0.99965644,1
validation,7528,0.99948055,1
validation,7529,0.99946976,1
validation,7530,0.56452274,1
validation,7531,0.99942386,1
validation,7532,0.99955547,1
validation,7533,0.9998503,1
validation,7534,0.9998453,1
validation,7535,0.9997636,1
validation,7536,0.999758,1
validation,7537,0.99981797,1
validation,7538,0.84536767,1
validation,7539,0.5408336,1
validation,7540,0.99941033,1
validation,7541,0.99902296,1
validation,7542,0.99946105,1
validation,7543,0.9995427,1
validation,7544,0.99954987,1
validation,7545,0.999305,1
validation,7546,0.039141145,0
validation,7547,0.90377486,1
validation,7548,0.5270987,1
validation,7549,0.028426299,1
validation,7550,0.5987386,1
validation,7551,0.6277128,1
validation,7552,0.43499875,1
validation,7553,0.5838277,1
validation,7554,0.9171963,1
validation,7555,0.8398099,1
validation,7556,0.7996604,1
validation,7557,0.82337105,1
validation,7558,0.6493671,1
validation,7559,0.62017095,1
validation,7560,0.67133737,1
validation,7561,0.7698853,1
validation,7562,0.9444006,1
validation,7563,0.9270925,1
validation,7564,0.50802374,1
validation,7565,0.32337412,1
validation,7566,0.35017776,1
validation,7567,0.40328738,1
validation,7568,0.7893934,1
validation,7569,0.858353,1
validation,7570,0.3824482,1
validation,7571,0.99968934,1
validation,7572,0.99977934,1
validation,7573,0.9995431,1
validation,7574,0.9998473,1
validation,7575,0.9996537,1
validation,7576,0.99982214,1
validation,7577,0.9997343,1
validation,7578,0.99978876,1
validation,7579,0.9995437,1
validation,7580,0.9998681,1
validation,7581,0.9997382,1
validation,7582,0.9996947,1
validation,7583,0.9997353,1
validation,7584,0.9997986,1
validation,7585,0.999726,1
validation,7586,0.99986094,1
validation,7587,0.9997228,1
validation,7588,0.9997828,1
validation,7589,0.69464767,1
validation,7590,0.5520998,1
validation,7591,0.1400063,0
validation,7592,0.33680934,1
validation,7593,0.9994055,1
validation,7594,0.9996362,1
validation,7595,0.9990849,1
validation,7596,0.00073179556,0
validation,7597,0.00037648878,0
validation,7598,2.6844287e-05,0
validation,7599,0.00029472634,0
validation,7600,0.000315708,0
validation,7601,0.0011609913,0
validation,7602,0.0007258101,0
validation,7603,0.48058185,0
validation,7604,0.41423714,1
validation,7605,0.67113173,0
validation,7606,6.802944e-05,0
validation,7607,0.82592607,0
validation,7608,0.00056885526,0
validation,7609,0.8457658,0
validation,7610,0.00015861294,0
validation,7611,0.0025752615,0
validation,7612,0.00034121878,0
validation,7613,0.0008912489,0
validation,7614,0.0007373429,0
validation,7615,0.7546647,0
validation,7616,0.00028796904,0
validation,7617,0.8114741,1
validation,7618,0.8527899,1
validation,7619,0.8691341,1
validation,7620,0.78959584,1
validation,7621,0.8525296,1
validation,7622,0.99605095,1
validation,7623,0.86312854,1
validation,7624,0.99802434,1
validation,7625,0.88075036,1
validation,7626,0.7736738,1
validation,7627,0.89386487,1
validation,7628,0.99729913,1
validation,7629,0.8284383,1
validation,7630,0.80401635,1
validation,7631,0.15168698,1
validation,7632,0.8670145,1
validation,7633,0.032706458,0
validation,7634,0.41902104,1
validation,7635,0.85121006,1
validation,7636,0.47169048,1
validation,7637,0.764325,1
validation,7638,0.8940707,1
validation,7639,0.8847671,1
validation,7640,0.8782164,1
validation,7641,0.99756086,1
validation,7642,0.99706644,1
validation,7643,0.99785346,1
validation,7644,0.9964725,1
validation,7645,0.99597925,1
validation,7646,0.99814945,1
validation,7647,0.9973303,1
validation,7648,0.60941756,1
validation,7649,0.99655956,1
validation,7650,0.54673624,1
validation,7651,0.28787702,1
validation,7652,0.63390756,1
validation,7653,0.7800975,1
validation,7654,0.78031886,1
validation,7655,0.8616986,1
validation,7656,0.9992544,1
validation,7657,0.690317,0
validation,7658,0.895971,1
validation,7659,0.6800528,1
validation,7660,0.65653527,1
validation,7661,0.99951315,1
validation,7662,0.9995525,1
validation,7663,0.99971455,1
validation,7664,0.99942917,1
validation,7665,0.99933183,1
validation,7666,0.99959636,1
validation,7667,0.9994101,1
validation,7668,0.99921805,1
validation,7669,0.99968195,1
validation,7670,0.99919915,1
validation,7671,0.99956864,1
validation,7672,0.9995436,1
validation,7673,0.9993749,1
validation,7674,0.9995468,1
validation,7675,0.9993325,1
validation,7676,0.9995944,1
validation,7677,0.99901026,1
validation,7678,0.19946761,1
validation,7679,0.46019754,1
validation,7680,0.79614544,1
validation,7681,0.80760825,1
validation,7682,0.7580278,1
validation,7683,0.18198001,0
validation,7684,0.822978,1
validation,7685,0.7832303,1
validation,7686,0.6223874,1
validation,7687,0.8613796,1
validation,7688,0.6739454,1
validation,7689,0.6824243,1
validation,7690,0.67429626,1
validation,7691,0.8027152,1
validation,7692,0.8491229,1
validation,7693,0.85235983,1
validation,7694,0.91952944,1
validation,7695,0.77179956,1
validation,7696,0.8143367,1
validation,7697,0.9990726,1
validation,7698,0.99878436,1
validation,7699,0.9992071,1
validation,7700,0.99906194,1
validation,7701,0.42158297,0
validation,7702,0.55558825,0
validation,7703,0.6284539,1
validation,7704,0.9982943,1
validation,7705,0.9977308,1
validation,7706,0.99843985,1
validation,7707,0.492591,1
validation,7708,0.4475718,1
validation,7709,0.42795774,1
validation,7710,0.4503766,1
validation,7711,0.9995263,1
validation,7712,0.99954885,1
validation,7713,0.999492,1
validation,7714,0.9994678,1
validation,7715,0.99959666,1
validation,7716,0.9996292,1
validation,7717,0.9995186,1
validation,7718,0.9407093,1
validation,7719,0.94856393,1
validation,7720,0.8725023,1
validation,7721,0.9477238,1
validation,7722,0.9504696,1
validation,7723,0.9489187,1
validation,7724,0.9381393,1
validation,7725,0.9458557,1
validation,7726,0.9014314,1
validation,7727,0.9643463,1
validation,7728,0.9422206,1
validation,7729,0.9684685,1
validation,7730,0.9855845,1
validation,7731,0.72105193,1
validation,7732,0.78233016,1
validation,7733,0.7202024,1
validation,7734,0.80179876,1
validation,7735,0.0016110697,0
validation,7736,0.5830387,1
validation,7737,0.2601946,1
validation,7738,0.7949863,1
validation,7739,0.79728454,1
validation,7740,0.9995407,1
validation,7741,0.893917,1
validation,7742,0.9994574,1
validation,7743,0.9996255,1
validation,7744,0.9995922,1
validation,7745,0.99975485,1
validation,7746,0.7935891,1
validation,7747,0.999506,1
validation,7748,0.99953914,1
validation,7749,0.99947447,1
validation,7750,0.4745646,1
validation,7751,0.00051605044,0
validation,7752,0.8805017,1
validation,7753,0.50208414,1
validation,7754,0.54715973,1
validation,7755,0.18156642,1
validation,7756,0.45139432,1
validation,7757,0.56745315,1
validation,7758,0.79320747,1
validation,7759,0.048830405,0
validation,7760,0.82850814,1
validation,7761,0.78201234,1
validation,7762,0.9997111,1
validation,7763,0.9997932,1
validation,7764,0.99953246,1
validation,7765,0.99971926,1
validation,7766,0.99973625,1
validation,7767,0.9997125,1
validation,7768,0.99962276,1
validation,7769,0.99962795,1
validation,7770,0.99977076,1
validation,7771,0.9997686,1
validation,7772,0.85853696,1
validation,7773,0.832055,1
validation,7774,0.7666405,1
validation,7775,0.73753417,1
validation,7776,0.22220977,1
validation,7777,0.79185766,1
validation,7778,0.24018145,1
validation,7779,0.7477968,1
validation,7780,0.84896404,1
validation,7781,0.99949694,1
validation,7782,0.9995248,1
validation,7783,0.9994627,1
validation,7784,0.9995838,1
validation,7785,0.9997682,1
validation,7786,0.85232806,1
validation,7787,0.9996902,1
validation,7788,0.9996826,1
validation,7789,0.9996532,1
validation,7790,0.98936343,1
validation,7791,0.9994986,1
validation,7792,0.9995629,1
validation,7793,0.7897027,1
validation,7794,0.9997342,1
validation,7795,0.9900946,1
validation,7796,0.99960893,1
validation,7797,0.99967706,1
validation,7798,0.4899625,1
validation,7799,0.40838906,1
validation,7800,0.99876046,1
validation,7801,0.9992659,1
validation,7802,0.9995491,1
validation,7803,0.746083,1
validation,7804,0.995984,1
validation,7805,0.99927896,1
validation,7806,0.9994091,1
validation,7807,0.0033334452,1
validation,7808,0.999363,1
validation,7809,0.9992156,1
validation,7810,0.9964564,1
validation,7811,0.99928063,1
validation,7812,0.9992194,1
validation,7813,0.9994379,1
validation,7814,0.9992229,1
validation,7815,0.99914336,1
validation,7816,0.99917835,1
validation,7817,0.9993858,1
validation,7818,0.99939376,1
validation,7819,0.997185,1
validation,7820,0.9995704,1
validation,7821,0.9990488,1
validation,7822,0.9993,1
validation,7823,0.99943906,1
validation,7824,0.99925095,1
validation,7825,0.99940884,1
validation,7826,0.99945706,1
validation,7827,0.99674463,1
validation,7828,0.99771065,1
validation,7829,0.10968058,1
validation,7830,0.10565589,0
validation,7831,0.9994124,1
validation,7832,0.9994986,1
validation,7833,0.999456,1
validation,7834,0.9995705,1
validation,7835,0.99955565,1
validation,7836,0.99933165,1
validation,7837,0.9995214,1
validation,7838,0.9097059,1
validation,7839,0.72394717,1
validation,7840,0.8726057,1
validation,7841,0.9152859,1
validation,7842,0.99734527,1
validation,7843,0.99872047,1
validation,7844,0.99983364,1
validation,7845,0.9980915,1
validation,7846,0.99905175,1
validation,7847,0.9982779,1
validation,7848,0.9980332,1
validation,7849,0.9997614,1
validation,7850,0.9997586,1
validation,7851,0.9997538,1
validation,7852,0.99796456,1
validation,7853,0.99976957,1
validation,7854,0.99967045,1
validation,7855,0.7138022,1
validation,7856,0.9997489,1
validation,7857,0.99977064,1
validation,7858,0.998465,1
validation,7859,0.99783003,1
validation,7860,0.9997795,1
validation,7861,0.9997701,1
validation,7862,0.99972785,1
validation,7863,0.9997695,1
validation,7864,0.9997275,1
validation,7865,0.9998689,1
validation,7866,0.999072,1
validation,7867,0.99984145,1
validation,7868,0.99980044,1
validation,7869,0.9998701,1
validation,7870,0.886075,1
validation,7871,0.89245623,1
validation,7872,0.90666,0
validation,7873,0.5215253,1
validation,7874,0.5499605,1
validation,7875,0.9079639,1
validation,7876,0.99811023,1
validation,7877,0.9989157,1
validation,7878,0.27659026,1
validation,7879,0.8588928,1
validation,7880,0.0010912737,0
validation,7881,0.00059399457,0
validation,7882,0.86149526,1
validation,7883,0.9396533,1
validation,7884,0.54328585,1
validation,7885,0.99937403,1
validation,7886,0.999343,1
validation,7887,0.9992749,1
validation,7888,0.9994822,1
validation,7889,0.99959415,1
validation,7890,0.891531,1
validation,7891,0.851724,1
validation,7892,0.82181466,1
validation,7893,0.79215044,1
validation,7894,0.8358755,1
validation,7895,0.74712324,1
validation,7896,0.4814049,1
validation,7897,0.01570808,0
validation,7898,0.9119026,1
validation,7899,0.846012,1
validation,7900,0.47601667,1
validation,7901,0.82056814,1
validation,7902,0.46404073,1
validation,7903,0.88651013,1
validation,7904,0.79308337,1
validation,7905,0.48042044,1
validation,7906,0.9997787,1
validation,7907,0.99956816,1
validation,7908,0.99955213,1
validation,7909,0.99938893,1
validation,7910,0.9994341,1
validation,7911,0.62622666,1
validation,7912,0.54570264,1
validation,7913,0.7582569,1
validation,7914,0.662441,1
validation,7915,0.6276666,1
validation,7916,0.686235,1
validation,7917,0.6740111,1
validation,7918,0.52978003,1
validation,7919,0.7111202,1
validation,7920,0.32159898,1
validation,7921,0.98454535,1
validation,7922,0.9982852,1
validation,7923,0.99911577,1
validation,7924,0.9985271,1
validation,7925,0.99815315,1
validation,7926,0.82842433,1
validation,7927,0.7300712,1
validation,7928,0.8563487,1
validation,7929,0.7753561,1
validation,7930,0.45659745,1
validation,7931,0.8092932,1
validation,7932,0.5071757,1
validation,7933,0.99817693,1
validation,7934,0.45264515,1
validation,7935,0.99769706,1
validation,7936,0.8780557,1
validation,7937,0.83644915,1
validation,7938,0.8311534,1
validation,7939,0.8425198,1
validation,7940,0.9531865,1
validation,7941,0.81112814,1
validation,7942,0.9995509,1
validation,7943,0.7893681,1
validation,7944,0.88920504,1
validation,7945,0.76529646,1
validation,7946,0.82299095,1
validation,7947,0.873265,1
validation,7948,0.8883375,1
validation,7949,0.43757227,1
validation,7950,0.7625849,1
validation,7951,0.5701447,1
validation,7952,0.5017103,1
validation,7953,0.9995208,1
validation,7954,0.9997327,1
validation,7955,0.99923617,1
validation,7956,0.9997027,1
validation,7957,0.99966985,1
validation,7958,0.99927485,1
validation,7959,0.9992899,1
validation,7960,0.5818866,1
validation,7961,0.8015213,1
validation,7962,0.99901664,1
validation,7963,0.013628268,0
validation,7964,0.97146106,1
validation,7965,0.9996143,1
validation,7966,0.9994657,1
validation,7967,0.457975,1
validation,7968,0.9995207,1
validation,7969,0.7933368,1
validation,7970,0.26461744,0
validation,7971,0.63236845,1
validation,7972,0.9991043,1
validation,7973,0.998387,1
validation,7974,0.99899936,1
validation,7975,0.99882346,1
validation,7976,0.85814214,1
validation,7977,0.5906669,1
validation,7978,0.00061867066,0
validation,7979,0.88219404,1
validation,7980,0.8558525,1
validation,7981,0.84892315,1
validation,7982,0.82492346,1
validation,7983,0.4886056,1
validation,7984,0.8570503,1
validation,7985,0.7601731,1
validation,7986,0.73402506,1
validation,7987,0.91286725,1
validation,7988,0.886567,1
validation,7989,0.84724,1
validation,7990,0.80526453,1
validation,7991,0.27741736,1
validation,7992,0.93372005,1
validation,7993,0.9994741,1
validation,7994,0.9992317,1
validation,7995,0.9992867,1
validation,7996,0.99956787,1
validation,7997,0.999465,1
validation,7998,0.99939215,1
validation,7999,0.90102303,1
validation,8000,0.99871725,1
validation,8001,0.9993338,1
validation,8002,0.59834516,1
validation,8003,0.9991219,1
validation,8004,0.8506724,1
validation,8005,0.99962616,1
validation,8006,0.99958354,1
validation,8007,0.99960726,1
validation,8008,0.67647815,1
validation,8009,0.65548205,1
validation,8010,0.83424115,1
validation,8011,0.14911568,1
validation,8012,0.6367954,1
validation,8013,0.9172524,1
validation,8014,0.5322875,1
validation,8015,0.49574777,1
validation,8016,0.87236756,1
validation,8017,0.76638776,1
validation,8018,0.92006266,1
validation,8019,0.93658686,1
validation,8020,0.79881513,1
validation,8021,0.8571578,1
validation,8022,0.76848626,1
validation,8023,0.83688647,1
validation,8024,0.8409425,1
validation,8025,0.83686924,1
validation,8026,0.9205941,1
validation,8027,0.49617216,1
validation,8028,0.80369157,1
validation,8029,0.9174062,1
validation,8030,0.3237675,1
validation,8031,0.7802677,1
validation,8032,0.4093193,1
validation,8033,0.91579884,1
validation,8034,0.82723033,1
validation,8035,0.87217176,1
validation,8036,0.84852004,1
validation,8037,0.8661622,1
validation,8038,0.8089906,1
validation,8039,0.9995394,1
validation,8040,0.999695,1
validation,8041,0.9995587,1
validation,8042,0.99950236,1
validation,8043,0.99946904,1
validation,8044,0.9996394,1
validation,8045,0.7920301,1
validation,8046,0.83056825,1
validation,8047,0.8183645,1
validation,8048,0.8347294,1
validation,8049,0.8846941,1
validation,8050,0.3868875,1
validation,8051,0.42300856,0
validation,8052,0.035803154,0
validation,8053,0.106399454,0
validation,8054,0.50150657,0
validation,8055,0.2628591,1
validation,8056,0.999289,1
validation,8057,0.99891114,1
validation,8058,0.99923503,1
validation,8059,0.7669718,1
validation,8060,0.83889025,1
validation,8061,0.7537104,1
validation,8062,0.8924211,1
validation,8063,0.62967014,1
validation,8064,0.67459583,1
validation,8065,0.80669445,1
validation,8066,0.14751321,1
validation,8067,0.6084398,1
validation,8068,0.5216105,1
validation,8069,0.9010735,1
validation,8070,0.91696924,1
validation,8071,0.4472297,1
validation,8072,0.7319291,1
validation,8073,0.77310383,1
validation,8074,0.73533654,1
validation,8075,0.91896343,1
validation,8076,0.599964,1
validation,8077,0.8353859,1
validation,8078,0.7683707,1
validation,8079,0.99958384,1
validation,8080,0.9992626,1
validation,8081,0.99949193,1
validation,8082,0.99944973,1
validation,8083,0.9996166,1
validation,8084,0.99955,1
validation,8085,0.53467613,1
validation,8086,0.99943006,1
validation,8087,0.71304446,1
validation,8088,0.21409029,0
validation,8089,0.8153323,0
validation,8090,0.8764906,1
validation,8091,0.20206279,0
validation,8092,0.9993427,1
validation,8093,0.58041453,1
validation,8094,0.7787926,1
validation,8095,0.9995418,1
validation,8096,0.9995911,1
validation,8097,0.99961007,1
validation,8098,0.9256439,0
validation,8099,0.99925774,1
validation,8100,0.99946696,1
validation,8101,0.99949014,1
validation,8102,0.9996753,1
validation,8103,0.99932164,1
validation,8104,0.75533766,1
validation,8105,0.99935156,1
validation,8106,0.8487125,1
validation,8107,0.6276666,1
validation,8108,0.98769206,1
validation,8109,0.75765264,1
validation,8110,0.81725895,1
validation,8111,0.6319777,1
validation,8112,0.89454424,1
validation,8113,0.8140961,1
validation,8114,0.6924485,1
validation,8115,0.9144868,1
validation,8116,0.56069446,1
validation,8117,0.8908316,1
validation,8118,0.89604497,1
validation,8119,0.7805254,1
validation,8120,0.84817755,1
validation,8121,0.55581766,0
validation,8122,0.82554716,1
validation,8123,0.84255564,1
validation,8124,0.8575174,1
validation,8125,0.8311603,1
validation,8126,0.87879354,1
validation,8127,0.8672962,1
validation,8128,0.51463616,1
validation,8129,0.99964345,1
validation,8130,0.9994564,1
validation,8131,0.999455,1
validation,8132,0.53090715,1
validation,8133,0.9994936,1
validation,8134,0.9994848,1
validation,8135,0.99966586,1
validation,8136,0.87045,1
validation,8137,0.99930286,1
validation,8138,0.51677525,1
validation,8139,0.99951875,1
validation,8140,0.9993522,1
validation,8141,0.93416333,1
validation,8142,0.44719645,1
validation,8143,0.7870525,1
validation,8144,0.8865315,1
validation,8145,0.62134266,1
validation,8146,0.7892009,1
validation,8147,0.93407935,1
validation,8148,0.88491386,1
validation,8149,0.17688097,1
validation,8150,0.3663981,1
validation,8151,0.7624861,1
validation,8152,0.65667415,0
validation,8153,0.77623564,0
validation,8154,0.8628087,1
validation,8155,0.8326213,1
validation,8156,0.6304318,1
validation,8157,0.9196278,1
validation,8158,0.82691294,1
validation,8159,0.9403273,1
validation,8160,0.9118194,1
validation,8161,0.99880075,1
validation,8162,0.9996648,1
validation,8163,0.9995465,1
validation,8164,0.9285822,1
validation,8165,0.5514726,1
validation,8166,0.88663185,1
validation,8167,0.7621225,1
validation,8168,0.0978365,1
validation,8169,0.8451984,1
validation,8170,0.95538855,1
validation,8171,0.96042305,1
validation,8172,0.7737068,1
validation,8173,0.6689745,1
validation,8174,0.13268639,0
validation,8175,0.67504334,1
validation,8176,0.8273651,1
validation,8177,0.8870199,1
validation,8178,0.91956526,1
validation,8179,0.15953116,1
validation,8180,0.80566084,1
validation,8181,0.07146956,1
validation,8182,0.67384493,1
validation,8183,0.87259555,1
validation,8184,0.89899695,1
validation,8185,0.03765036,0
validation,8186,0.9019694,1
validation,8187,0.45198262,1
validation,8188,0.23859341,1
validation,8189,0.4466031,1
validation,8190,0.9084294,1
validation,8191,0.86990416,1
validation,8192,0.9528713,1
validation,8193,0.83649147,1
validation,8194,0.7646865,1
validation,8195,0.72665477,1
validation,8196,0.74514914,1
validation,8197,0.44387034,1
validation,8198,0.8921775,1
validation,8199,0.6540702,1
validation,8200,0.9996443,1
validation,8201,0.99956614,1
validation,8202,0.88077056,1
validation,8203,0.9994087,1
validation,8204,0.7943741,1
validation,8205,0.8794046,1
validation,8206,0.8577751,1
validation,8207,0.60820436,1
validation,8208,0.99963915,1
validation,8209,0.3404674,1
validation,8210,0.99934965,1
validation,8211,0.9997591,1
validation,8212,0.9994423,1
validation,8213,0.9995455,1
validation,8214,0.7756702,1
validation,8215,0.66263235,1
validation,8216,0.85901135,1
validation,8217,0.806329,1
validation,8218,0.13871978,0
validation,8219,0.2226003,1
validation,8220,0.8158765,1
validation,8221,0.11971718,0
validation,8222,0.818577,1
validation,8223,0.57157075,1
validation,8224,0.70749694,1
validation,8225,0.6682921,1
validation,8226,0.66449904,1
validation,8227,0.9298884,1
validation,8228,0.99863845,1
validation,8229,0.9984697,1
validation,8230,0.9187221,1
validation,8231,0.0044945157,1
validation,8232,0.76047546,1
validation,8233,0.6272881,1
validation,8234,0.9131638,1
validation,8235,0.7736242,1
validation,8236,0.7072253,1
validation,8237,0.871748,1
validation,8238,0.46267024,1
validation,8239,0.779129,1
validation,8240,0.38303378,1
validation,8241,0.5339123,1
validation,8242,0.8490937,1
validation,8243,0.8388394,1
validation,8244,0.9537621,1
validation,8245,0.8432636,1
validation,8246,0.30173588,1
validation,8247,0.098946325,1
validation,8248,0.8185941,1
validation,8249,0.8188302,1
validation,8250,0.9285906,1
validation,8251,0.81387466,1
validation,8252,0.17499724,1
validation,8253,0.35942426,1
validation,8254,0.29608992,1
validation,8255,0.78700614,1
validation,8256,0.7966093,1
validation,8257,0.8524859,1
validation,8258,0.999374,1
validation,8259,0.99955565,1
validation,8260,0.6835327,1
validation,8261,0.99960124,1
validation,8262,0.67493093,1
validation,8263,0.9995847,1
validation,8264,0.6579996,1
validation,8265,0.50707424,1
validation,8266,0.9906437,1
validation,8267,0.995309,1
validation,8268,0.8807636,1
validation,8269,0.9890685,1
validation,8270,0.9929255,1
validation,8271,0.9861811,1
validation,8272,0.9960119,1
validation,8273,0.99375457,1
validation,8274,0.2834276,1
validation,8275,0.8963534,1
validation,8276,0.8650648,1
validation,8277,0.91608506,1
validation,8278,0.94537747,1
validation,8279,0.8877327,1
validation,8280,0.9018736,1
validation,8281,0.4465061,1
validation,8282,0.96219957,1
validation,8283,0.89881986,1
validation,8284,0.85543925,1
validation,8285,0.8742188,1
validation,8286,0.9668659,1
validation,8287,0.91423774,1
validation,8288,0.7620379,1
validation,8289,0.39836982,1
validation,8290,0.018828444,0
validation,8291,0.9253693,1
validation,8292,0.74727607,1
validation,8293,0.3385602,1
validation,8294,0.8656502,1
validation,8295,0.8428454,1
validation,8296,0.7273899,1
validation,8297,0.9434173,1
validation,8298,0.78781337,1
validation,8299,0.9018563,1
validation,8300,0.44520003,1
validation,8301,0.8546088,1
validation,8302,0.82346183,1
validation,8303,0.48382545,1
validation,8304,0.9996923,1
validation,8305,0.99969155,1
validation,8306,0.9317443,1
validation,8307,0.87940776,1
validation,8308,0.7691115,1
validation,8309,0.8202068,1
validation,8310,0.84476995,1
validation,8311,0.86186004,1
validation,8312,0.83246,1
validation,8313,0.84733737,1
validation,8314,0.9848455,1
validation,8315,0.72109616,1
validation,8316,0.9987024,1
validation,8317,0.99808973,1
validation,8318,0.9283732,1
validation,8319,0.47380966,1
validation,8320,0.8839849,1
validation,8321,0.1602229,1
validation,8322,0.6488903,1
validation,8323,0.5494619,1
validation,8324,0.8286283,1
validation,8325,0.46917272,1
validation,8326,0.69004524,1
validation,8327,0.9433739,1
validation,8328,0.9174924,1
validation,8329,0.78471804,1
validation,8330,0.87490857,1
validation,8331,0.46077725,1
validation,8332,0.8834449,1
validation,8333,0.5600604,1
validation,8334,0.8988545,1
validation,8335,0.41642138,1
validation,8336,0.90763503,1
validation,8337,0.79000455,1
validation,8338,0.86974967,1
validation,8339,0.9996063,1
validation,8340,0.999629,1
validation,8341,0.9994788,1
validation,8342,0.9994922,1
validation,8343,0.9992724,1
validation,8344,0.88227856,1
validation,8345,0.27208975,1
validation,8346,0.89409757,1
validation,8347,0.56590295,1
validation,8348,0.88012964,1
validation,8349,0.9998018,1
validation,8350,0.48580915,1
validation,8351,0.8381345,1
validation,8352,0.8793623,1
validation,8353,0.5662198,1
validation,8354,0.47418445,1
validation,8355,0.5232452,1
validation,8356,0.7734891,0
validation,8357,0.99979985,1
validation,8358,0.9998274,1
validation,8359,0.9997682,1
validation,8360,0.8131186,1
validation,8361,0.8462565,1
validation,8362,0.024905823,1
validation,8363,0.111882694,1
validation,8364,0.5827818,1
validation,8365,0.87536687,1
validation,8366,0.85963845,1
validation,8367,0.8020508,1
validation,8368,0.8548562,1
validation,8369,0.30520335,1
validation,8370,0.48601994,1
validation,8371,0.75487244,1
validation,8372,0.23302531,1
validation,8373,0.5306425,1
validation,8374,0.8625896,1
validation,8375,0.9424454,1
validation,8376,0.90871304,1
validation,8377,0.8090384,1
validation,8378,0.70513403,1
validation,8379,0.8733767,1
validation,8380,0.99936116,1
validation,8381,0.99921507,1
validation,8382,0.9994591,1
validation,8383,0.9993325,1
validation,8384,0.9994597,1
validation,8385,0.99957377,1
validation,8386,0.9995472,1
validation,8387,0.99976265,1
validation,8388,0.99957424,1
validation,8389,0.9996885,1
validation,8390,0.9996122,1
validation,8391,0.9995483,1
validation,8392,0.99886817,1
validation,8393,0.62838984,1
validation,8394,0.8116003,1
validation,8395,0.0055571273,0
validation,8396,0.74496675,1
validation,8397,0.8301259,1
validation,8398,0.9982726,1
validation,8399,0.18842418,1
validation,8400,0.53918946,1
validation,8401,0.86174256,1
validation,8402,0.57436043,1
validation,8403,0.4147056,1
validation,8404,0.99981517,1
validation,8405,0.99984705,1
validation,8406,0.99973875,1
validation,8407,0.9994967,1
validation,8408,0.761274,1
validation,8409,0.7931805,1
validation,8410,0.99976766,1
validation,8411,0.99880713,1
validation,8412,0.9985986,1
validation,8413,0.99822676,1
validation,8414,0.9996357,1
validation,8415,0.9997372,1
validation,8416,0.9987362,1
validation,8417,0.9010269,1
validation,8418,0.9996086,1
validation,8419,0.9996553,1
validation,8420,0.19231787,1
validation,8421,0.39702678,1
validation,8422,0.3241883,1
validation,8423,0.7679398,1
validation,8424,0.92867583,1
validation,8425,0.019525176,1
validation,8426,0.52114356,1
validation,8427,0.8169828,1
validation,8428,0.5189567,1
validation,8429,0.6093514,1
validation,8430,0.658322,1
validation,8431,0.9187026,0
validation,8432,0.39480102,0
validation,8433,0.52992773,1
validation,8434,0.45411655,1
validation,8435,0.8671054,1
validation,8436,0.77178466,1
validation,8437,0.71251214,1
validation,8438,0.9604956,1
validation,8439,0.9992115,1
validation,8440,0.99954647,1
validation,8441,0.99832463,1
validation,8442,0.9991092,1
validation,8443,0.19860202,1
validation,8444,0.9987449,1
validation,8445,0.99887747,1
validation,8446,0.99884784,1
validation,8447,0.9996143,1
validation,8448,0.9991434,1
validation,8449,0.9996027,1
validation,8450,0.9988654,1
validation,8451,0.9986588,1
validation,8452,0.99884313,1
validation,8453,0.9984547,1
validation,8454,0.9260738,1
validation,8455,0.99945605,1
validation,8456,0.9991666,1
validation,8457,0.99827534,1
validation,8458,0.8758308,1
validation,8459,0.9992969,1
validation,8460,0.9994851,1
validation,8461,0.91029245,1
validation,8462,0.565081,1
validation,8463,0.8991601,1
validation,8464,0.8444166,1
validation,8465,0.00042575464,0
validation,8466,0.6792177,1
validation,8467,0.9998049,1
validation,8468,0.99973214,1
validation,8469,0.9108193,1
validation,8470,0.7873947,1
validation,8471,0.99732316,1
validation,8472,0.5954447,1
validation,8473,0.43154854,1
validation,8474,0.8741793,1
validation,8475,0.873881,1
validation,8476,0.99921227,1
validation,8477,0.9983507,1
validation,8478,0.99884677,1
validation,8479,0.998136,1
validation,8480,0.99831206,1
validation,8481,0.9989313,1
validation,8482,0.9988011,1
validation,8483,0.99853677,1
validation,8484,0.99794567,1
validation,8485,0.99847794,1
validation,8486,0.84200287,1
validation,8487,0.46630207,1
validation,8488,0.44637814,1
validation,8489,0.18996324,1
validation,8490,0.28440258,1
validation,8491,0.8473495,1
validation,8492,0.80103374,1
validation,8493,0.7455137,1
validation,8494,0.5460996,1
validation,8495,0.52138424,1
validation,8496,0.903067,1
validation,8497,0.40894264,1
validation,8498,0.58628535,1
validation,8499,0.52306926,1
validation,8500,0.9996556,1
validation,8501,0.9991925,1
validation,8502,0.99962217,1
validation,8503,0.99951,1
validation,8504,0.5648701,1
validation,8505,0.9992178,1
validation,8506,0.999691,1
validation,8507,0.43166462,1
validation,8508,0.42078748,1
validation,8509,0.4412796,1
validation,8510,0.624878,1
validation,8511,0.77301425,1
validation,8512,0.003834543,0
validation,8513,0.022920705,0
validation,8514,0.89186865,1
validation,8515,0.9989153,1
validation,8516,0.998106,1
validation,8517,0.9981662,1
validation,8518,0.75523794,1
validation,8519,0.7768821,1
validation,8520,0.59782493,1
validation,8521,0.8762301,1
validation,8522,0.82066214,1
validation,8523,0.3961377,1
validation,8524,0.99977547,1
validation,8525,2.1501897e-05,0
validation,8526,2.8811994e-05,0
validation,8527,0.8415038,0
validation,8528,0.8496375,1
validation,8529,0.97499216,1
validation,8530,0.97321916,1
validation,8531,0.53369296,1
validation,8532,0.8249388,0
validation,8533,4.0553336e-05,0
validation,8534,0.9998026,1
validation,8535,1.3228511e-05,0
validation,8536,0.97729564,1
validation,8537,0.9830164,1
validation,8538,0.9987019,1
validation,8539,0.9992235,1
validation,8540,0.99879104,1
validation,8541,0.99901664,1
validation,8542,0.9986205,1
validation,8543,0.42127877,1
validation,8544,0.69782317,1
validation,8545,0.39917308,1
validation,8546,0.7134847,1
validation,8547,0.43246332,1
validation,8548,0.75681996,1
validation,8549,0.52614295,1
validation,8550,0.72100395,1
validation,8551,0.9994164,1
validation,8552,0.99942005,1
validation,8553,0.9992489,1
validation,8554,0.9996095,1
validation,8555,0.999496,1
validation,8556,0.9991959,1
validation,8557,0.9995038,1
validation,8558,0.9994065,1
validation,8559,0.93224394,1
validation,8560,0.69154245,1
validation,8561,0.80923873,1
validation,8562,0.99971503,1
validation,8563,0.99971944,1
validation,8564,0.845105,1
validation,8565,0.99911255,1
validation,8566,0.13882571,0
validation,8567,0.99977684,1
validation,8568,0.9990358,1
validation,8569,0.998109,1
validation,8570,0.9996752,1
validation,8571,0.999566,1
validation,8572,0.99918085,1
validation,8573,0.9997929,1
validation,8574,0.80733764,1
validation,8575,0.95605636,1
validation,8576,0.14332949,1
validation,8577,0.63948894,1
validation,8578,0.33824763,1
validation,8579,0.6961845,1
validation,8580,0.9003775,1
validation,8581,0.49743444,1
validation,8582,0.5260577,1
validation,8583,0.88015187,1
validation,8584,0.9251162,1
validation,8585,0.88473046,1
validation,8586,0.4573549,1
validation,8587,0.8447427,1
validation,8588,0.9295247,1
validation,8589,0.9140441,1
validation,8590,0.49719566,1
validation,8591,0.68998504,1
validation,8592,0.9031465,1
validation,8593,0.55201215,1
validation,8594,0.5907203,1
validation,8595,0.94756395,1
validation,8596,0.45395264,1
validation,8597,0.90621644,1
validation,8598,0.8798684,1
validation,8599,0.8907663,1
validation,8600,0.99955815,1
validation,8601,0.8873907,1
validation,8602,0.6049163,1
validation,8603,0.7824835,1
validation,8604,0.4477978,1
validation,8605,0.7299132,1
validation,8606,0.9219337,1
validation,8607,0.9762169,1
validation,8608,0.98346615,1
validation,8609,0.985553,1
validation,8610,0.9128446,1
validation,8611,0.99987435,1
validation,8612,0.67576253,1
validation,8613,0.99981856,1
validation,8614,0.99976087,1
validation,8615,0.9997628,1
validation,8616,0.5920385,1
validation,8617,0.9997618,1
validation,8618,0.999768,1
validation,8619,0.99652255,1
validation,8620,0.7986945,1
validation,8621,0.62388897,1
validation,8622,0.99949914,1
validation,8623,0.9992844,1
validation,8624,0.59353185,1
validation,8625,0.8162549,1
validation,8626,0.865144,1
validation,8627,0.9999481,1
validation,8628,0.35981718,1
validation,8629,0.9999731,1
validation,8630,0.5344554,1
validation,8631,0.8695744,1
validation,8632,0.8682776,1
validation,8633,0.32904962,1
validation,8634,0.9038919,1
validation,8635,0.68892264,1
validation,8636,0.50205004,1
validation,8637,0.885653,1
validation,8638,0.5132201,1
validation,8639,0.5123396,1
validation,8640,0.8912459,1
validation,8641,0.9061096,1
validation,8642,0.8417965,1
validation,8643,0.7927982,1
validation,8644,0.7052556,1
validation,8645,0.73430866,1
validation,8646,0.95333165,1
validation,8647,0.5060091,1
validation,8648,0.9188123,1
validation,8649,0.8463999,1
validation,8650,0.59830976,1
validation,8651,0.9067197,1
validation,8652,0.88010347,1
validation,8653,0.87919116,1
validation,8654,0.7122034,1
validation,8655,0.8225988,1
validation,8656,0.6989557,1
validation,8657,0.8054633,1
validation,8658,0.83734065,1
validation,8659,0.87576383,1
validation,8660,0.678304,1
validation,8661,0.46310335,1
validation,8662,0.8871941,1
validation,8663,0.99941164,1
validation,8664,0.9989411,1
validation,8665,0.9987242,1
validation,8666,0.99897784,1
validation,8667,0.99887246,1
validation,8668,0.5447029,1
validation,8669,0.10811074,1
validation,8670,0.84674287,1
validation,8671,0.79423034,1
validation,8672,0.8016657,1
validation,8673,0.99965435,1
validation,8674,0.87297416,1
validation,8675,0.8495748,1
validation,8676,0.830248,1
validation,8677,0.85181606,1
validation,8678,0.2771609,1
validation,8679,0.8736377,1
validation,8680,0.795169,1
validation,8681,0.39128783,1
validation,8682,0.8225218,1
validation,8683,0.7741964,1
validation,8684,0.80505645,1
validation,8685,0.36656713,1
validation,8686,0.87310654,1
validation,8687,0.8465814,1
validation,8688,0.85789955,1
validation,8689,0.70447665,1
validation,8690,0.9986201,1
validation,8691,0.9991536,1
validation,8692,0.9992069,1
validation,8693,0.99860895,1
validation,8694,0.3384986,1
validation,8695,0.8779968,1
validation,8696,0.9984094,1
validation,8697,0.9990776,1
validation,8698,0.9986746,1
validation,8699,0.9987844,1
validation,8700,0.46743226,1
validation,8701,0.99890924,1
validation,8702,0.9989309,1
validation,8703,0.35637733,1
validation,8704,0.9987725,1
validation,8705,0.8158477,1
validation,8706,0.99693793,1
validation,8707,0.99822325,1
validation,8708,0.9971799,1
validation,8709,0.9977052,1
validation,8710,0.99800164,1
validation,8711,0.99814093,1
validation,8712,0.99802625,1
validation,8713,0.4849571,1
validation,8714,0.9687399,1
validation,8715,0.41357252,1
validation,8716,0.876804,1
validation,8717,0.6807145,1
validation,8718,0.42985538,1
validation,8719,0.590949,1
validation,8720,0.113524325,1
validation,8721,0.9997446,1
validation,8722,0.9997406,1
validation,8723,0.77442354,1
validation,8724,0.5381029,1
validation,8725,0.9996622,1
validation,8726,0.99975365,1
validation,8727,0.42906824,1
validation,8728,0.8240752,1
validation,8729,0.38888586,1
validation,8730,0.51821554,1
validation,8731,0.73699486,1
validation,8732,0.7464292,1
validation,8733,0.8731282,1
validation,8734,0.8705652,1
validation,8735,0.8843562,1
validation,8736,0.6422939,1
validation,8737,0.899201,1
validation,8738,0.8978887,1
validation,8739,0.7436946,0
validation,8740,0.4763079,1
validation,8741,0.5395374,1
validation,8742,0.9995759,1
validation,8743,0.99927294,1
validation,8744,0.5257488,1
validation,8745,0.5029843,1
validation,8746,0.57959604,0
validation,8747,0.49707112,0
validation,8748,0.9986406,1
validation,8749,0.9996343,1
validation,8750,0.9987131,1
validation,8751,0.87527394,1
validation,8752,0.5937022,1
validation,8753,0.9999686,1
validation,8754,0.99996334,1
validation,8755,0.99949217,1
validation,8756,0.9999505,1
validation,8757,0.99998343,1
validation,8758,0.9994958,1
validation,8759,0.99901116,1
validation,8760,0.9999765,1
validation,8761,0.9996637,1
validation,8762,0.46412045,1
validation,8763,0.8124722,1
validation,8764,0.8728504,1
validation,8765,0.8932258,1
validation,8766,0.99988055,1
validation,8767,0.99975455,1
validation,8768,0.99969167,1
validation,8769,0.6250558,1
validation,8770,0.5124055,1
validation,8771,0.9991448,1
validation,8772,0.93741953,1
validation,8773,0.92127603,1
validation,8774,0.9360993,1
validation,8775,0.8880028,1
validation,8776,0.8461809,1
validation,8777,0.85742986,1
validation,8778,0.9503562,1
validation,8779,0.95632595,1
validation,8780,0.50945413,1
validation,8781,0.35188776,1
validation,8782,0.42064413,1
validation,8783,0.8387854,1
validation,8784,0.25540045,1
validation,8785,0.8080915,1
validation,8786,0.7399659,1
validation,8787,0.92307717,1
validation,8788,0.5484667,1
validation,8789,0.5370226,1
validation,8790,0.9991629,1
validation,8791,0.9996568,1
validation,8792,0.9997293,1
validation,8793,0.99960417,1
validation,8794,0.8348378,1
validation,8795,0.86123383,1
validation,8796,0.86020434,1
validation,8797,0.8127752,1
validation,8798,0.4856337,1
validation,8799,0.3129047,1
validation,8800,0.99965394,1
validation,8801,0.89418983,1
validation,8802,0.9993948,1
validation,8803,0.9999829,1
validation,8804,0.9999728,1
validation,8805,0.9993778,1
validation,8806,0.9996758,1
validation,8807,0.99974895,1
validation,8808,0.49919876,1
validation,8809,0.9996063,1
validation,8810,0.94452983,1
validation,8811,0.9306003,1
validation,8812,0.8556284,1
validation,8813,0.9997183,1
validation,8814,0.92316604,1
validation,8815,0.9997479,1
validation,8816,0.9996345,1
validation,8817,0.9996064,1
validation,8818,0.9997877,1
validation,8819,0.55469036,1
validation,8820,0.90818125,1
validation,8821,0.9995903,1
validation,8822,0.9996419,1
validation,8823,0.80616933,1
validation,8824,0.71847284,1
validation,8825,0.51043564,1
validation,8826,0.5809755,1
validation,8827,0.49350643,1
validation,8828,0.7508172,1
validation,8829,0.8632498,1
validation,8830,0.54057515,1
validation,8831,0.9556458,1
validation,8832,0.42829797,1
validation,8833,0.5532057,1
validation,8834,0.8415386,1
validation,8835,0.99117166,1
validation,8836,0.5279716,1
validation,8837,0.99582183,1
validation,8838,0.88173866,1
validation,8839,0.99609226,1
validation,8840,0.7310201,1
validation,8841,0.99496907,1
validation,8842,0.5775181,1
validation,8843,0.16546336,1
validation,8844,0.9975478,1
validation,8845,0.080087356,1
validation,8846,0.9977736,1
validation,8847,0.48540437,1
validation,8848,0.7549106,1
validation,8849,0.9382771,1
validation,8850,0.43359935,1
validation,8851,0.46315166,1
validation,8852,0.99897313,1
validation,8853,0.9993748,1
validation,8854,0.99925345,1
validation,8855,0.9986852,1
validation,8856,0.99928653,1
validation,8857,0.99911,1
validation,8858,0.73919183,1
validation,8859,0.99926496,1
validation,8860,0.99904674,1
validation,8861,0.9989581,1
validation,8862,0.9989815,1
validation,8863,0.39654258,1
validation,8864,0.81028014,1
validation,8865,0.43525505,1
validation,8866,0.9995281,1
validation,8867,0.9993997,1
validation,8868,0.42022654,1
validation,8869,0.9996792,1
validation,8870,0.5980107,1
validation,8871,0.9995611,1
validation,8872,0.99902046,1
validation,8873,0.99877495,1
validation,8874,0.99842876,1
validation,8875,0.99884164,1
validation,8876,0.9986616,1
validation,8877,0.49590537,1
validation,8878,0.9990633,1
validation,8879,0.99869555,1
validation,8880,0.9989803,1
validation,8881,0.998842,1
validation,8882,0.9991868,1
validation,8883,0.9987438,1
validation,8884,0.9990988,1
validation,8885,0.65648913,1
validation,8886,0.57520556,1
validation,8887,0.829334,1
validation,8888,0.9990341,1
validation,8889,0.9987767,1
validation,8890,0.9988087,1
validation,8891,0.9990627,1
validation,8892,0.6895448,1
validation,8893,0.9987544,1
validation,8894,0.9986078,1
validation,8895,0.5650048,1
validation,8896,0.998099,1
validation,8897,0.40710497,1
validation,8898,0.5414009,1
validation,8899,0.9989246,1
validation,8900,0.9991922,1
validation,8901,0.9989012,1
validation,8902,0.99861336,1
validation,8903,0.99856603,1
validation,8904,0.99842966,1
validation,8905,0.9991797,1
validation,8906,0.9984864,1
validation,8907,0.827395,1
validation,8908,0.49787983,1
validation,8909,0.60227877,1
validation,8910,0.7922311,1
validation,8911,0.8401327,1
validation,8912,0.87432516,1
validation,8913,0.61684376,1
validation,8914,0.80103165,1
validation,8915,0.8260316,1
validation,8916,0.37578377,1
validation,8917,0.53792,1
validation,8918,0.9144775,1
validation,8919,0.8685081,1
validation,8920,0.3483168,1
validation,8921,0.99927515,1
validation,8922,0.2595674,1
validation,8923,0.9990399,1
validation,8924,0.999632,1
validation,8925,0.99933714,1
validation,8926,0.99901253,1
validation,8927,0.9994646,1
validation,8928,0.9996471,1
validation,8929,0.9994262,1
validation,8930,0.9992013,1
validation,8931,0.9988736,1
validation,8932,0.99953884,1
validation,8933,0.999732,1
validation,8934,0.99964267,1
validation,8935,0.9992761,1
validation,8936,0.999513,1
validation,8937,0.9994594,1
validation,8938,0.9990229,1
validation,8939,0.99922454,1
validation,8940,0.999751,1
validation,8941,0.99970895,1
validation,8942,0.99936026,1
validation,8943,0.99910194,1
validation,8944,0.9993728,1
validation,8945,0.99951404,1
validation,8946,0.9994077,1
validation,8947,0.99904597,1
validation,8948,0.9991839,1
validation,8949,0.99932694,1
validation,8950,0.99937713,1
validation,8951,0.99949837,1
validation,8952,0.9994809,1
validation,8953,0.9996522,1
validation,8954,0.99921805,1
validation,8955,0.99927926,1
validation,8956,0.99976975,1
validation,8957,0.99968547,1
validation,8958,0.8770027,1
validation,8959,0.83194256,1
validation,8960,0.6281953,1
validation,8961,0.90758085,1
validation,8962,0.73536706,1
validation,8963,0.8373827,1
validation,8964,0.99931365,1
validation,8965,0.99964786,1
validation,8966,0.99931043,1
validation,8967,0.999593,1
validation,8968,0.13105145,1
validation,8969,0.99947613,1
validation,8970,0.99943805,1
validation,8971,0.37333912,1
validation,8972,0.99963176,1
validation,8973,0.78152376,1
validation,8974,0.99967533,1
validation,8975,0.82587355,1
validation,8976,0.6539894,1
validation,8977,0.6891939,1
validation,8978,0.008244491,1
validation,8979,0.3574734,1
validation,8980,0.6994542,1
validation,8981,0.3836564,1
validation,8982,0.50918555,1
validation,8983,0.8410523,1
validation,8984,0.93122697,1
validation,8985,0.9917742,1
validation,8986,0.90443885,1
validation,8987,0.8679383,1
validation,8988,0.47623512,1
validation,8989,0.49608687,1
validation,8990,0.9142278,1
validation,8991,0.586011,1
validation,8992,0.8036216,1
validation,8993,0.523864,1
validation,8994,0.5779946,1
validation,8995,0.78913695,1
validation,8996,0.837233,1
validation,8997,0.8850535,1
validation,8998,0.8606467,1
validation,8999,0.19667982,1
validation,9000,0.9995409,1
validation,9001,0.99966353,1
validation,9002,0.27222934,1
validation,9003,0.8534778,1
validation,9004,0.998174,1
validation,9005,0.47459483,1
validation,9006,0.99838907,1
validation,9007,0.99875045,1
validation,9008,0.9982568,1
validation,9009,0.8775472,1
validation,9010,0.9987531,1
validation,9011,0.9981857,1
validation,9012,0.35821068,1
validation,9013,0.62476295,1
validation,9014,0.7661958,1
validation,9015,0.27270097,1
validation,9016,0.8666049,1
validation,9017,0.39480817,1
validation,9018,0.6791913,1
validation,9019,0.7081814,1
validation,9020,0.49224678,1
validation,9021,0.5686681,1
validation,9022,0.31526187,1
validation,9023,0.7435932,1
validation,9024,0.9190873,1
validation,9025,0.7711055,1
validation,9026,0.48409897,1
validation,9027,0.54502165,1
validation,9028,0.9993421,1
validation,9029,0.39667377,1
validation,9030,0.99960506,1
validation,9031,0.9993792,1
validation,9032,0.99951273,1
validation,9033,0.9992606,1
validation,9034,0.54867506,1
validation,9035,0.8763419,0
validation,9036,0.9557195,1
validation,9037,0.7267269,1
validation,9038,0.9974208,1
validation,9039,0.99748605,1
validation,9040,0.63590837,1
validation,9041,0.6175169,1
validation,9042,0.9978871,1
validation,9043,0.99845856,1
validation,9044,0.3457654,1
validation,9045,0.7018853,1
validation,9046,0.7828674,1
validation,9047,0.88944894,1
validation,9048,0.4044739,1
validation,9049,0.87159014,1
validation,9050,0.5074534,1
validation,9051,0.6237408,1
validation,9052,0.8702907,1
validation,9053,0.80621296,1
validation,9054,0.58403766,1
validation,9055,0.55527073,1
validation,9056,0.9988193,1
validation,9057,0.99792635,1
validation,9058,0.6805515,1
validation,9059,0.4311386,1
validation,9060,0.6768087,1
validation,9061,0.99882114,1
validation,9062,0.9996136,1
validation,9063,0.25560883,1
validation,9064,0.9683745,1
validation,9065,0.5275142,1
validation,9066,0.8288035,1
validation,9067,0.97205925,1
validation,9068,0.95577514,1
validation,9069,0.96328825,1
validation,9070,0.74614656,1
validation,9071,0.7592563,1
validation,9072,0.0057893167,1
validation,9073,0.9984573,1
validation,9074,0.99792355,1
validation,9075,0.5923749,1
validation,9076,0.9975444,1
validation,9077,0.6009273,1
validation,9078,0.9987329,1
validation,9079,0.8813254,1
validation,9080,0.58126616,1
validation,9081,0.52931994,1
validation,9082,0.70683765,1
validation,9083,0.48305327,1
validation,9084,0.41600814,1
validation,9085,0.25001183,1
validation,9086,0.8740726,1
validation,9087,0.5370765,1
validation,9088,0.5582502,1
validation,9089,0.73029804,1
validation,9090,0.80559087,1
validation,9091,0.5117226,1
validation,9092,0.52655804,1
validation,9093,0.38027063,1
validation,9094,0.54243517,1
validation,9095,0.76353115,1
validation,9096,0.71288127,1
validation,9097,0.6398735,1
validation,9098,0.84041244,1
validation,9099,0.62136984,1
validation,9100,0.86213934,1
validation,9101,0.38909128,1
validation,9102,0.8379309,1
validation,9103,0.92388904,1
validation,9104,0.5636642,1
validation,9105,0.83724153,1
validation,9106,0.84732354,1
validation,9107,0.8393558,1
validation,9108,0.61855286,1
validation,9109,0.44822007,1
validation,9110,0.86093915,1
validation,9111,0.8542615,1
validation,9112,0.415282,1
validation,9113,0.9994838,1
validation,9114,0.5170938,1
validation,9115,0.9994989,1
validation,9116,0.9995327,1
validation,9117,0.99957055,1
validation,9118,0.716627,1
validation,9119,0.83838904,1
validation,9120,0.6881968,1
validation,9121,0.75792515,1
validation,9122,0.66991544,1
validation,9123,0.5833845,1
validation,9124,0.8393918,1
validation,9125,0.47584143,1
validation,9126,0.81026614,1
validation,9127,0.9979137,1
validation,9128,0.7453804,1
validation,9129,0.17180295,1
validation,9130,0.6207112,1
validation,9131,0.5035648,1
validation,9132,0.7656796,1
validation,9133,0.8749063,1
validation,9134,0.4371006,1
validation,9135,0.11908128,1
validation,9136,0.9564367,1
validation,9137,0.99980265,1
validation,9138,0.1331662,1
validation,9139,0.16321284,1
validation,9140,0.9816488,1
validation,9141,0.9995962,1
validation,9142,0.9994025,1
validation,9143,0.7051922,1
validation,9144,0.4646484,1
validation,9145,0.4995152,1
validation,9146,0.87812805,1
validation,9147,0.6570399,1
validation,9148,0.7525151,1
validation,9149,0.8849795,1
validation,9150,0.5156312,1
validation,9151,0.9368368,1
validation,9152,0.8818727,1
validation,9153,0.9007498,1
validation,9154,0.6456537,1
validation,9155,0.6047058,1
validation,9156,0.5927069,1
validation,9157,0.6197344,1
validation,9158,0.85145956,1
validation,9159,0.31419086,1
validation,9160,0.42123878,1
validation,9161,0.8162886,1
validation,9162,0.8309833,1
validation,9163,0.89541644,1
validation,9164,0.82107645,1
validation,9165,0.35526946,1
validation,9166,0.54060256,1
validation,9167,0.5273517,1
validation,9168,0.84042674,1
validation,9169,0.7946637,1
validation,9170,0.8969482,1
validation,9171,0.8921219,1
validation,9172,0.8552202,1
validation,9173,0.81430596,1
validation,9174,0.38157374,1
validation,9175,0.39323676,1
validation,9176,0.9198646,1
validation,9177,0.37096715,1
validation,9178,0.8730177,1
validation,9179,0.9124138,1
validation,9180,0.4353329,1
validation,9181,0.64309466,1
validation,9182,0.95809627,1
validation,9183,0.72564125,1
validation,9184,0.90105,1
validation,9185,0.49400654,1
validation,9186,0.8007022,1
validation,9187,0.8429771,1
validation,9188,0.82461745,1
validation,9189,0.8469467,1
validation,9190,0.7478342,1
validation,9191,0.6789096,1
validation,9192,0.8008091,1
validation,9193,0.83575726,1
validation,9194,0.6204559,1
validation,9195,0.8979735,1
validation,9196,0.9116424,1
validation,9197,0.94426894,1
validation,9198,0.9046356,1
validation,9199,0.95644027,1
validation,9200,0.9503504,1
validation,9201,0.46859995,1
validation,9202,0.8067186,1
validation,9203,0.4407034,1
validation,9204,0.9996175,1
validation,9205,0.82186127,1
validation,9206,0.99961394,1
validation,9207,0.9352478,1
validation,9208,0.60195434,1
validation,9209,0.36194363,1
validation,9210,0.6583657,1
validation,9211,0.45851675,1
validation,9212,0.940405,1
validation,9213,0.6528893,1
validation,9214,0.55421835,1
validation,9215,0.9155213,1
validation,9216,0.52829385,1
validation,9217,0.5513582,1
validation,9218,0.69671786,1
validation,9219,0.0015655139,1
validation,9220,0.94200426,1
validation,9221,0.3268653,1
validation,9222,0.4722625,1
validation,9223,0.730888,1
validation,9224,0.8079944,1
validation,9225,0.6055069,1
validation,9226,0.51682967,1
validation,9227,0.89197296,1
validation,9228,0.85238427,1
validation,9229,0.64050114,1
validation,9230,0.68967974,1
validation,9231,0.9479225,1
validation,9232,0.53032744,1
validation,9233,0.57359564,1
validation,9234,0.45908332,1
validation,9235,0.6226618,1
validation,9236,0.85312325,1
validation,9237,0.61753833,1
validation,9238,0.49531847,1
validation,9239,0.7043233,1
validation,9240,0.49533632,1
validation,9241,0.9166741,1
validation,9242,0.4320325,1
validation,9243,0.5347959,1
validation,9244,0.51984334,1
validation,9245,0.9746082,1
validation,9246,0.5648083,1
validation,9247,0.84163475,1
validation,9248,0.6359918,1
validation,9249,0.6496633,1
validation,9250,0.8098991,1
validation,9251,0.9372396,1
validation,9252,0.66952604,1
validation,9253,0.99946064,1
validation,9254,0.9993209,1
validation,9255,0.99946165,1
validation,9256,0.99970895,1
validation,9257,0.9994626,1
validation,9258,0.7918972,1
validation,9259,0.82147074,1
validation,9260,0.37046188,1
validation,9261,0.38805327,1
validation,9262,0.5828816,1
validation,9263,0.4989234,1
validation,9264,0.94035816,1
validation,9265,0.93520045,1
validation,9266,0.47820133,1
validation,9267,0.30758318,1
validation,9268,0.99905914,1
validation,9269,0.9992081,1
validation,9270,0.99936795,1
validation,9271,0.79918444,1
validation,9272,0.99950427,1
validation,9273,0.99864256,1
validation,9274,0.99901325,1
validation,9275,0.9994518,1
validation,9276,0.47723627,1
validation,9277,0.9464941,1
validation,9278,0.94123745,1
validation,9279,0.41850677,1
validation,9280,0.9410246,1
validation,9281,0.84089047,1
validation,9282,0.43740487,1
validation,9283,0.9994217,1
validation,9284,0.48476535,1
validation,9285,0.8449801,1
validation,9286,0.4463939,1
validation,9287,0.90038896,1
validation,9288,0.61010796,1
validation,9289,0.45508844,1
validation,9290,0.9655039,1
validation,9291,0.9914538,1
validation,9292,0.9900456,1
validation,9293,0.99322075,1
validation,9294,0.9925109,1
validation,9295,0.9906604,1
validation,9296,0.5102651,1
validation,9297,0.99362296,1
validation,9298,0.99327856,1
validation,9299,0.9946446,1
validation,9300,0.990056,1
validation,9301,0.98987585,1
validation,9302,0.9920733,1
validation,9303,0.9921125,1
validation,9304,0.9950498,1
validation,9305,0.5351924,1
validation,9306,0.99595195,1
validation,9307,0.98826087,1
validation,9308,0.99333876,1
validation,9309,0.9886525,1
validation,9310,0.9936187,1
validation,9311,0.4641505,1
validation,9312,0.8788714,1
validation,9313,0.14485322,1
validation,9314,0.5917189,1
validation,9315,0.31958857,1
validation,9316,0.11063442,1
validation,9317,0.87666017,1
validation,9318,0.82614326,1
validation,9319,0.99963975,1
validation,9320,0.99965334,1
validation,9321,0.9996954,1
validation,9322,0.9989504,1
validation,9323,0.9991703,1
validation,9324,0.70455056,1
validation,9325,0.99848944,1
validation,9326,0.99891573,1
validation,9327,0.99872047,1
validation,9328,0.99836546,1
validation,9329,0.5971861,1
validation,9330,0.9989046,1
validation,9331,0.9982335,1
validation,9332,0.99864936,1
validation,9333,0.47612616,1
validation,9334,0.8703985,1
validation,9335,0.9994228,1
validation,9336,0.9992507,1
validation,9337,0.9997119,1
validation,9338,0.5960492,1
validation,9339,0.18979165,1
validation,9340,0.8600584,1
validation,9341,0.4983546,1
validation,9342,0.4680318,1
validation,9343,0.8702167,1
validation,9344,0.7174219,1
validation,9345,0.6154578,1
validation,9346,0.9801477,1
validation,9347,0.89162284,1
validation,9348,0.7888449,1
validation,9349,0.94350314,1
validation,9350,0.6448126,1
validation,9351,0.9269214,1
validation,9352,0.79963434,1
validation,9353,0.999697,1
validation,9354,0.9997831,1
validation,9355,0.9996875,1
validation,9356,0.99958813,1
validation,9357,0.9996709,1
validation,9358,0.99972355,1
validation,9359,0.99966216,1
validation,9360,0.9997736,1
validation,9361,0.9997683,1
validation,9362,0.8120464,1
validation,9363,0.99975795,1
validation,9364,0.99978304,1
validation,9365,0.99960965,1
validation,9366,0.9997834,1
validation,9367,0.99967176,1
validation,9368,0.61944413,1
validation,9369,0.74604404,1
validation,9370,0.9997005,1
validation,9371,0.9998551,1
validation,9372,0.9996957,1
validation,9373,0.99977666,1
validation,9374,0.9998462,1
validation,9375,0.9997848,1
validation,9376,0.69593686,1
validation,9377,0.9997352,1
validation,9378,0.99985313,1
validation,9379,0.99971277,1
validation,9380,0.9998278,1
validation,9381,0.9997842,1
validation,9382,0.8294213,1
validation,9383,0.999773,1
validation,9384,0.99983966,1
validation,9385,0.99986744,1
validation,9386,0.9998262,1
validation,9387,0.9997364,1
validation,9388,0.9998575,1
validation,9389,0.9998145,1
validation,9390,0.55066967,1
validation,9391,0.9994633,1
validation,9392,0.9996006,1
validation,9393,0.9996364,1
validation,9394,0.8942741,1
validation,9395,0.39167577,1
validation,9396,0.6362107,1
validation,9397,0.764325,1
validation,9398,0.17335416,1
validation,9399,0.5197575,1
validation,9400,0.78235376,1
validation,9401,0.65048647,1
validation,9402,0.4802928,1
validation,9403,0.8835491,1
validation,9404,0.89738077,1
validation,9405,0.92264056,1
validation,9406,0.9997146,1
validation,9407,0.9997904,1
validation,9408,0.9998538,1
validation,9409,0.9998407,1
validation,9410,0.9997859,1
validation,9411,0.9998512,1
validation,9412,0.99977666,1
validation,9413,0.99985766,1
validation,9414,0.9996658,1
validation,9415,0.94238156,1
validation,9416,0.99974114,1
validation,9417,0.9998539,1
validation,9418,0.9998683,1
validation,9419,0.99977183,1
validation,9420,0.27016357,1
validation,9421,0.9995001,1
validation,9422,0.99959815,1
validation,9423,0.9995649,1
validation,9424,0.9997679,1
validation,9425,0.99959695,1
validation,9426,0.9994055,1
validation,9427,0.9997963,1
validation,9428,0.5003755,1
validation,9429,0.27480778,1
validation,9430,0.5524584,1
validation,9431,0.2584822,1
validation,9432,0.87813485,1
validation,9433,0.90540296,1
validation,9434,0.55151856,1
validation,9435,0.3415027,1
validation,9436,0.92873,1
validation,9437,0.63963616,1
validation,9438,0.7375826,1
validation,9439,0.26839697,1
validation,9440,0.85971135,1
validation,9441,0.3668668,1
validation,9442,0.8133023,1
validation,9443,0.571218,1
validation,9444,0.92198175,1
validation,9445,0.3666147,1
validation,9446,0.9995073,1
validation,9447,0.9995172,1
validation,9448,0.99937713,1
validation,9449,0.9997143,1
validation,9450,0.12237448,1
validation,9451,0.89822054,1
validation,9452,0.43932313,1
validation,9453,0.48715782,1
validation,9454,0.6910021,1
validation,9455,0.5106559,1
validation,9456,0.7284775,1
validation,9457,0.7190072,1
validation,9458,0.4086018,1
validation,9459,0.31632692,1
validation,9460,0.7805028,1
validation,9461,0.85376525,1
validation,9462,0.9996961,1
validation,9463,0.99946105,1
validation,9464,0.99958146,1
validation,9465,0.9994741,1
validation,9466,0.9994046,1
validation,9467,0.99943405,1
validation,9468,0.99939847,1
validation,9469,0.9993288,1
validation,9470,0.9993621,1
validation,9471,0.99952847,1
validation,9472,0.999437,1
validation,9473,0.99935657,1
validation,9474,0.99950206,1
validation,9475,0.76773095,1
validation,9476,0.5247196,1
validation,9477,0.4911681,1
validation,9478,0.9178852,1
validation,9479,0.8856179,1
validation,9480,0.51821107,1
validation,9481,0.76238316,1
validation,9482,0.65726703,1
validation,9483,0.5729148,1
validation,9484,0.8026029,1
validation,9485,0.6167854,1
validation,9486,0.77269673,1
validation,9487,0.67961586,1
validation,9488,0.7334782,1
validation,9489,0.47030035,1
validation,9490,0.99952924,1
validation,9491,0.99971527,1
validation,9492,0.46876442,1
validation,9493,0.99799836,1
validation,9494,0.9971245,1
validation,9495,0.9988185,1
validation,9496,0.9976944,1
validation,9497,0.5252936,1
validation,9498,0.99783427,1
validation,9499,0.99875516,1
validation,9500,0.8015702,1
validation,9501,0.5168997,1
validation,9502,0.54601336,1
validation,9503,0.9989377,1
validation,9504,0.5507111,1
validation,9505,0.5328002,1
validation,9506,0.48485726,1
validation,9507,0.8246215,1
validation,9508,0.44907764,1
validation,9509,0.65231025,1
validation,9510,0.7252495,1
validation,9511,0.4874988,1
validation,9512,0.5441892,1
validation,9513,0.8542174,1
validation,9514,0.77284634,1
validation,9515,0.7285452,1
validation,9516,0.9363883,1
validation,9517,0.8835435,1
validation,9518,0.6494703,1
validation,9519,0.9994878,1
validation,9520,0.8601301,1
validation,9521,0.6635651,1
validation,9522,0.9235199,1
validation,9523,0.42227352,1
validation,9524,0.44542107,1
validation,9525,0.23962319,1
validation,9526,0.4686528,1
validation,9527,0.708153,1
validation,9528,0.6215069,1
validation,9529,0.7645938,1
validation,9530,0.39996773,1
validation,9531,0.75070673,1
validation,9532,0.9994386,1
validation,9533,0.99955165,1
validation,9534,0.40849575,1
validation,9535,0.99901456,1
validation,9536,0.9991779,1
validation,9537,0.7595045,1
validation,9538,0.7821064,1
validation,9539,0.70262957,1
validation,9540,0.8174232,1
validation,9541,0.66898274,1
validation,9542,0.5677286,1
validation,9543,0.7279289,1
validation,9544,0.59383357,1
validation,9545,0.72133744,1
validation,9546,0.7752568,1
validation,9547,0.7952522,1
validation,9548,0.84804,1
validation,9549,0.7690587,1
validation,9550,0.67592573,1
validation,9551,0.7825538,1
validation,9552,0.5312685,1
validation,9553,0.7740933,1
validation,9554,0.68604016,1
validation,9555,0.8859159,1
validation,9556,0.8278861,1
validation,9557,0.88555604,1
validation,9558,0.876451,1
validation,9559,0.499366,1
validation,9560,0.8412214,1
validation,9561,0.46239635,1
validation,9562,0.8711978,1
validation,9563,0.7982154,1
validation,9564,0.4530216,1
validation,9565,0.47074285,1
validation,9566,0.71761703,1
validation,9567,0.39425644,1
validation,9568,0.85583985,1
validation,9569,0.83496344,1
validation,9570,0.49785817,1
validation,9571,0.7318749,1
validation,9572,0.61461174,1
validation,9573,0.74944973,1
validation,9574,0.9995931,1
validation,9575,0.99954224,1
validation,9576,0.7326132,1
validation,9577,0.999499,1
validation,9578,0.9995989,1
validation,9579,0.9995168,1
validation,9580,0.9988569,1
validation,9581,0.9986676,1
validation,9582,0.99901307,1
validation,9583,0.9987051,1
validation,9584,0.9987215,1
validation,9585,0.9994355,1
validation,9586,0.99903417,1
validation,9587,0.999356,1
validation,9588,0.9989555,1
validation,9589,0.9991844,1
validation,9590,0.99913806,1
validation,9591,0.99901736,1
validation,9592,0.9989716,1
validation,9593,0.9988823,1
validation,9594,0.9987091,1
validation,9595,0.8190129,1
validation,9596,0.8093172,1
validation,9597,0.79405046,1
validation,9598,0.6418313,1
validation,9599,0.38069668,1
validation,9600,0.8725802,1
validation,9601,0.76173764,1
validation,9602,0.7301939,1
validation,9603,0.9097479,1
validation,9604,0.9074247,1
validation,9605,0.65371525,1
validation,9606,0.8704618,1
validation,9607,0.12329174,1
validation,9608,0.7994146,1
validation,9609,0.75025296,1
validation,9610,0.7070266,1
validation,9611,0.87071306,1
validation,9612,0.6430246,1
validation,9613,0.59407425,1
validation,9614,0.39766297,1
validation,9615,0.52577543,1
validation,9616,0.5452039,1
validation,9617,0.8255144,1
validation,9618,0.04723986,1
validation,9619,0.5335715,1
validation,9620,0.6252948,1
validation,9621,0.3655966,1
validation,9622,0.8873699,1
validation,9623,0.5488769,1
validation,9624,0.5214288,1
validation,9625,0.41811633,1
validation,9626,0.5469166,1
validation,9627,0.99949396,1
validation,9628,0.99955916,1
validation,9629,0.99942493,1
validation,9630,0.7399651,1
validation,9631,0.9027138,1
validation,9632,0.9140159,1
validation,9633,0.9379843,1
validation,9634,0.91192836,1
validation,9635,0.90642256,1
validation,9636,0.40736985,1
validation,9637,0.7280954,1
validation,9638,0.7737324,1
validation,9639,0.20882724,1
validation,9640,0.79253566,1
validation,9641,0.84650254,1
validation,9642,0.4404949,1
validation,9643,0.99956846,1
validation,9644,0.8145699,1
validation,9645,0.9997538,1
validation,9646,0.8840048,1
validation,9647,0.9162927,1
validation,9648,0.7693721,1
validation,9649,0.7999433,1
validation,9650,0.77932525,1
validation,9651,0.89285946,1
validation,9652,0.90848464,1
validation,9653,0.9980581,1
validation,9654,0.99899316,1
validation,9655,0.9984455,1
validation,9656,0.99917275,1
validation,9657,0.9987464,1
validation,9658,0.99806815,1
validation,9659,0.9982933,1
validation,9660,0.99792415,1
validation,9661,0.99872935,1
validation,9662,0.9984116,1
validation,9663,0.2588692,1
validation,9664,0.89606893,1
validation,9665,0.81844354,1
validation,9666,0.8074507,1
validation,9667,0.9998028,1
validation,9668,0.42771733,1
validation,9669,0.99975485,1
validation,9670,0.9998588,1
validation,9671,0.9988901,1
validation,9672,0.998253,1
validation,9673,0.99905,1
validation,9674,0.99865276,1
validation,9675,0.999481,1
validation,9676,0.99892735,1
validation,9677,0.99800867,1
validation,9678,0.83465517,1
validation,9679,0.9587934,1
validation,9680,0.9996715,1
validation,9681,0.99971527,1
validation,9682,0.33091652,1
validation,9683,0.874058,1
validation,9684,0.6635264,1
validation,9685,0.86991966,1
validation,9686,0.5590326,1
validation,9687,0.95100796,1
validation,9688,0.7134267,1
validation,9689,0.66794884,1
validation,9690,0.57575846,1
validation,9691,0.80961895,1
validation,9692,0.84600145,1
validation,9693,0.8219764,1
validation,9694,0.87335646,1
validation,9695,0.572345,1
validation,9696,0.7537323,1
validation,9697,0.7322846,1
validation,9698,0.8627566,1
validation,9699,0.7391634,1
validation,9700,0.7488401,1
validation,9701,0.9492891,1
validation,9702,0.7817211,1
validation,9703,0.47649896,1
validation,9704,0.8888659,1
validation,9705,0.7467387,1
validation,9706,0.87366253,1
validation,9707,0.6239252,1
validation,9708,0.48670548,1
validation,9709,0.99939334,1
validation,9710,0.9995193,1
validation,9711,0.57930577,1
validation,9712,0.722008,1
validation,9713,0.51083326,1
validation,9714,0.99901927,1
validation,9715,0.99938947,1
validation,9716,0.99936664,1
validation,9717,0.9990175,1
validation,9718,0.99953437,1
validation,9719,0.009225779,1
validation,9720,0.1550177,1
validation,9721,0.5094328,1
validation,9722,0.8154509,1
validation,9723,0.87216824,1
validation,9724,0.9994713,1
validation,9725,0.99969643,1
validation,9726,0.84324706,1
validation,9727,0.8205742,1
validation,9728,0.82545817,1
validation,9729,0.49808192,1
validation,9730,0.43087107,1
validation,9731,0.48750788,1
validation,9732,0.6853144,1
validation,9733,0.48645902,1
validation,9734,0.8847047,1
validation,9735,0.8178385,1
validation,9736,0.83862454,1
validation,9737,0.9978819,1
validation,9738,0.53289044,1
validation,9739,0.58844745,1
validation,9740,0.59767663,1
validation,9741,0.045394037,1
validation,9742,0.7636655,1
validation,9743,0.7750549,1
validation,9744,0.84038216,1
validation,9745,0.9995721,1
validation,9746,0.9995936,1
validation,9747,0.8228134,1
validation,9748,0.99967796,1
validation,9749,0.9995165,1
validation,9750,0.99967855,1
validation,9751,0.6771077,1
validation,9752,0.80273646,1
validation,9753,0.71636945,1
validation,9754,0.99889404,1
validation,9755,0.9993358,1
validation,9756,0.99892384,1
validation,9757,0.9987883,1
validation,9758,0.9994687,1
validation,9759,0.9291816,1
validation,9760,0.5364978,1
validation,9761,0.8122674,1
validation,9762,0.8490329,1
validation,9763,0.5044705,1
validation,9764,0.8829588,1
validation,9765,0.7757856,1
validation,9766,0.7322907,1
validation,9767,0.5935528,1
validation,9768,0.61033535,1
validation,9769,0.9996416,1
validation,9770,0.64835066,1
validation,9771,0.99982834,1
validation,9772,0.815172,1
validation,9773,0.7381264,1
validation,9774,0.7960546,1
validation,9775,0.98927087,1
validation,9776,0.9856997,1
validation,9777,0.9836979,1
validation,9778,0.9861799,1
validation,9779,0.6797063,1
validation,9780,0.51272273,1
validation,9781,0.72979057,1
validation,9782,0.39106673,1
validation,9783,0.6458751,1
validation,9784,0.99950397,1
validation,9785,0.76771784,1
validation,9786,0.81587887,1
validation,9787,0.84634167,1
validation,9788,0.9991514,1
validation,9789,0.9986199,1
validation,9790,0.998279,1
validation,9791,0.99944717,1
validation,9792,0.38263762,1
validation,9793,0.99976623,1
validation,9794,0.9991514,1
validation,9795,0.99898046,1
validation,9796,0.99335057,1
validation,9797,0.99963874,1
validation,9798,0.7637745,1
validation,9799,0.8379026,1
validation,9800,0.9993024,1
validation,9801,0.9998275,1
validation,9802,0.99969316,1
validation,9803,0.9998455,1
validation,9804,0.9991733,1
validation,9805,0.99907273,1
validation,9806,0.99627376,1
validation,9807,0.9315934,1
validation,9808,0.9282688,1
validation,9809,0.82310426,1
validation,9810,0.79907644,1
validation,9811,0.5996932,1
validation,9812,0.69714606,1
validation,9813,0.8532159,1
validation,9814,0.71423465,1
validation,9815,0.904822,1
validation,9816,0.5477478,1
validation,9817,0.409319,1
validation,9818,0.81889725,1
validation,9819,0.9103271,1
validation,9820,0.48482597,1
validation,9821,0.84426236,1
validation,9822,0.7958201,1
validation,9823,0.5130931,1
validation,9824,0.88327324,1
validation,9825,0.8836193,1
validation,9826,0.4477558,1
validation,9827,0.9995397,1
validation,9828,0.9995079,1
validation,9829,0.55843985,1
validation,9830,0.9992693,1
validation,9831,0.9994715,1
validation,9832,0.8871536,1
validation,9833,0.9996021,1
validation,9834,0.6650655,1
validation,9835,0.6563226,1
validation,9836,0.21581653,1
validation,9837,0.55450904,1
validation,9838,0.80469984,1
validation,9839,0.7785538,1
validation,9840,0.41579682,1
validation,9841,0.86517364,1
validation,9842,0.47262412,1
validation,9843,0.58549833,1
validation,9844,0.7641516,1
validation,9845,0.47344965,1
validation,9846,0.9628724,1
validation,9847,0.7886009,1
validation,9848,0.8170665,1
validation,9849,0.5189468,1
validation,9850,0.9347772,1
validation,9851,0.8208066,1
validation,9852,0.8258395,1
validation,9853,0.76611626,1
validation,9854,0.8818814,1
validation,9855,0.7629436,1
validation,9856,0.9629165,1
validation,9857,0.86817235,1
validation,9858,0.999433,1
validation,9859,0.9994063,1
validation,9860,0.90169907,1
validation,9861,0.031831432,1
validation,9862,0.7516775,1
validation,9863,0.5634729,1
validation,9864,0.6551929,1
validation,9865,0.63362944,1
validation,9866,0.6380387,1
validation,9867,0.8209172,1
validation,9868,0.56714505,1
validation,9869,0.74504375,1
validation,9870,0.7101126,1
validation,9871,0.9145544,1
validation,9872,0.90989643,1
validation,9873,0.89023775,1
validation,9874,0.3968326,1
validation,9875,0.8474375,1
validation,9876,0.81430024,1
validation,9877,0.9998554,1
validation,9878,0.9998129,1
validation,9879,0.99984473,1
validation,9880,0.9997998,1
validation,9881,0.99974656,1
validation,9882,0.999772,1
validation,9883,0.99978834,1
validation,9884,0.8354291,1
validation,9885,0.84398246,1
validation,9886,0.8927703,1
validation,9887,0.91421294,1
validation,9888,0.89884824,1
validation,9889,0.88589954,1
validation,9890,0.90543336,1
validation,9891,0.85078627,1
validation,9892,0.99970984,1
validation,9893,0.7535688,1
validation,9894,0.99971646,1
validation,9895,0.99972165,1
validation,9896,0.4028559,1
validation,9897,0.7304315,1
validation,9898,0.8119475,1
validation,9899,0.85246646,1
validation,9900,0.7750895,1
validation,9901,0.84209555,1
validation,9902,0.94361013,1
validation,9903,0.80453175,1
validation,9904,0.7440562,1
validation,9905,0.4518653,1
validation,9906,0.47232056,1
validation,9907,0.48287004,1
validation,9908,0.62614703,1
validation,9909,0.9971081,1
validation,9910,0.58993095,1
validation,9911,0.9985192,1
validation,9912,0.54163563,1
validation,9913,0.6442779,1
validation,9914,0.7251644,1
validation,9915,0.80198395,1
validation,9916,0.79829365,1
validation,9917,0.78889966,1
validation,9918,0.84571785,1
validation,9919,0.9997566,1
validation,9920,0.8652754,1
validation,9921,0.99960893,1
validation,9922,0.99972594,1
validation,9923,0.99967676,1
validation,9924,0.9996636,1
validation,9925,0.59680164,1
validation,9926,0.8879014,1
validation,9927,0.43200418,1
validation,9928,0.9996436,1
validation,9929,0.8804444,1
validation,9930,0.99975353,1
validation,9931,0.9995561,1
validation,9932,0.99977386,1
validation,9933,0.999586,1
validation,9934,0.95297146,1
validation,9935,0.9997428,1
validation,9936,0.9994276,1
validation,9937,0.83615106,1
validation,9938,0.9995044,1
validation,9939,0.86575377,1
validation,9940,0.843059,1
validation,9941,0.81505144,1
validation,9942,0.80098313,1
validation,9943,0.818799,1
validation,9944,0.8493838,1
validation,9945,0.8551065,1
validation,9946,0.3159484,1
validation,9947,0.94073826,1
validation,9948,0.9994424,1
validation,9949,0.99916214,1
validation,9950,0.99921346,1
validation,9951,0.99918544,1
validation,9952,0.7894831,1
validation,9953,0.99924225,1
validation,9954,0.93649054,1
validation,9955,0.9990318,1
validation,9956,0.99864537,1
validation,9957,0.999324,1
validation,9958,0.9991459,1
validation,9959,0.9755219,1
validation,9960,0.9992118,1
validation,9961,0.99938726,1
validation,9962,0.44985777,1
validation,9963,0.8142506,1
validation,9964,0.9679651,1
validation,9965,0.9991549,1
validation,9966,0.99969137,1
validation,9967,0.9995426,1
validation,9968,0.83695173,1
validation,9969,0.781163,1
validation,9970,0.8423239,1
validation,9971,0.92098254,1
validation,9972,0.6198685,1
validation,9973,0.43180293,1
validation,9974,0.77533937,1
validation,9975,0.46818298,1
validation,9976,0.4621702,1
validation,9977,0.7546449,1
validation,9978,0.9987448,1
validation,9979,0.9984445,1
validation,9980,0.9219138,1
validation,9981,0.99984604,1
validation,9982,0.9996541,1
validation,9983,0.99976045,1
validation,9984,0.9996191,1
validation,9985,0.9996732,1
validation,9986,0.9999221,1
validation,9987,0.9997036,1
validation,9988,0.9995646,1
validation,9989,0.9999354,1
validation,9990,0.9998511,1
validation,9991,0.99966264,1
validation,9992,0.9997162,1
validation,9993,0.99970967,1
validation,9994,0.7804054,1
validation,9995,0.99968433,1
validation,9996,0.9995207,1
validation,9997,0.9995779,1
validation,9998,0.99954724,1
validation,9999,0.9996401,1
validation,10000,0.99955803,1
validation,10001,0.99994785,1
validation,10002,0.9997048,1
validation,10003,0.99954426,1
validation,10004,0.99948424,1
validation,10005,0.85784817,1
validation,10006,0.83527803,1
validation,10007,0.87549037,1
validation,10008,0.82925045,1
validation,10009,0.85324746,1
validation,10010,0.8726524,1
validation,10011,0.9108464,1
validation,10012,0.5410107,1
validation,10013,0.50693923,1
validation,10014,0.4894885,1
validation,10015,0.78374606,1
validation,10016,0.91585124,1
validation,10017,0.94032556,1
validation,10018,0.9991367,1
validation,10019,0.9992511,1
validation,10020,0.9992344,1
validation,10021,0.99932355,1
validation,10022,0.9993221,1
validation,10023,0.99937266,1
validation,10024,0.99958324,1
validation,10025,0.91426194,1
validation,10026,0.12575431,1
validation,10027,0.770483,1
validation,10028,0.68319154,1
validation,10029,0.4313352,1
validation,10030,0.6515473,1
validation,10031,0.86476654,1
validation,10032,0.5475945,1
validation,10033,0.18877077,1
validation,10034,0.5142325,1
validation,10035,0.9485769,1
validation,10036,0.43480042,1
validation,10037,0.8443966,1
validation,10038,0.9111709,1
validation,10039,0.3716717,1
validation,10040,0.8259317,1
validation,10041,0.69832397,1
validation,10042,0.6756107,1
validation,10043,0.22050403,1
validation,10044,0.23595725,1
validation,10045,0.6472565,1
validation,10046,0.97339743,1
validation,10047,0.9270751,1
validation,10048,0.53004205,1
validation,10049,0.5494735,1
validation,10050,0.99885017,1
validation,10051,0.9986111,1
validation,10052,0.57623094,1
validation,10053,0.6900588,1
validation,10054,0.9995854,1
validation,10055,0.8642397,1
validation,10056,0.99815655,1
validation,10057,0.99959296,1
validation,10058,0.99815077,1
validation,10059,0.77324903,1
validation,10060,0.9996422,1
validation,10061,0.9995587,1
validation,10062,0.9977723,1
validation,10063,0.542298,1
validation,10064,0.7974818,1
validation,10065,0.21975571,1
validation,10066,0.5766672,1
validation,10067,0.8638102,1
validation,10068,0.5026206,1
validation,10069,0.9208734,1
validation,10070,0.82444215,1
validation,10071,0.48397246,1
validation,10072,0.8900626,1
validation,10073,0.7336452,1
validation,10074,0.05504885,1
validation,10075,0.9997636,1
validation,10076,0.99976754,1
validation,10077,0.99977595,1
validation,10078,0.79462314,1
validation,10079,0.99968517,1
validation,10080,0.9996884,1
validation,10081,0.7665789,1
validation,10082,0.6681053,1
validation,10083,0.6426282,1
validation,10084,0.50153154,1
validation,10085,0.43180314,1
validation,10086,0.9999078,1
validation,10087,0.6622112,1
validation,10088,0.9998933,1
validation,10089,0.9998972,1
validation,10090,0.2420676,1
validation,10091,0.9998927,1
validation,10092,0.9998472,1
validation,10093,0.8726317,1
validation,10094,0.999641,1
validation,10095,0.9997767,1
validation,10096,0.533852,1
validation,10097,0.99977833,1
validation,10098,0.99984795,1
validation,10099,0.9998345,1
validation,10100,0.6177769,1
validation,10101,0.72772926,1
validation,10102,0.6020161,1
validation,10103,0.75784147,1
validation,10104,0.99900746,1
validation,10105,0.99962485,1
validation,10106,0.99978256,1
validation,10107,0.99962234,1
validation,10108,0.9998348,1
validation,10109,0.9996918,1
validation,10110,0.9996301,1
validation,10111,0.99976486,1
validation,10112,0.99971294,1
validation,10113,0.99953425,1
validation,10114,0.9995124,1
validation,10115,0.9998019,1
validation,10116,0.99975646,1
validation,10117,0.9993731,1
validation,10118,0.9994101,1
validation,10119,0.9992278,1
validation,10120,0.86147726,1
validation,10121,0.8099117,1
validation,10122,0.99948967,1
validation,10123,0.9996374,1
validation,10124,0.99982923,1
validation,10125,0.71823883,1
validation,10126,0.99927866,1
validation,10127,0.9992861,1
validation,10128,0.99941075,1
validation,10129,0.99965256,1
validation,10130,0.9994565,1
validation,10131,0.1906721,1
validation,10132,0.80495197,1
validation,10133,0.50882334,1
validation,10134,0.8336617,1
validation,10135,0.54141366,1
validation,10136,0.8533118,1
validation,10137,0.49622557,1
validation,10138,0.9996717,1
validation,10139,0.9992964,1
validation,10140,0.9995057,1
validation,10141,0.99889827,1
validation,10142,0.9996029,1
validation,10143,0.99973494,1
validation,10144,0.9991959,1
validation,10145,0.8485055,1
validation,10146,0.9996799,1
validation,10147,0.9991765,1
validation,10148,0.9993264,1
validation,10149,0.9992763,1
validation,10150,0.99937606,1
validation,10151,0.99952626,1
validation,10152,0.9991079,1
validation,10153,0.7310113,1
validation,10154,0.43381557,1
validation,10155,0.88279927,1
validation,10156,0.8444279,1
validation,10157,0.6288701,1
validation,10158,0.90500003,1
validation,10159,0.7947088,1
validation,10160,0.87712866,1
validation,10161,0.12392692,1
validation,10162,0.6734299,1
validation,10163,0.7204656,1
validation,10164,0.99982005,1
validation,10165,0.6365471,1
validation,10166,0.564551,1
validation,10167,0.99987245,1
validation,10168,0.8791764,1
validation,10169,0.99986196,1
validation,10170,0.8313926,1
validation,10171,0.6425992,1
validation,10172,0.35904276,1
validation,10173,0.92773616,1
validation,10174,0.5247587,1
validation,10175,0.48668078,1
validation,10176,0.9173028,1
validation,10177,0.94558674,1
validation,10178,0.8683393,1
validation,10179,0.99639124,1
validation,10180,0.9963253,1
validation,10181,0.9976462,1
validation,10182,0.9980868,1
validation,10183,0.41860536,1
validation,10184,0.7681148,1
validation,10185,0.94407934,1
validation,10186,0.71883667,1
validation,10187,0.89724034,1
validation,10188,0.88999766,1
validation,10189,0.8400628,1
validation,10190,0.9975479,1
validation,10191,0.4637087,1
validation,10192,0.85432553,1
validation,10193,0.8931636,1
validation,10194,0.83329564,1
validation,10195,0.7354653,1
validation,10196,0.6528543,1
validation,10197,0.625504,1
validation,10198,0.6440698,1
validation,10199,0.8273334,1
validation,10200,0.8128296,1
validation,10201,0.8937921,1
validation,10202,0.7944865,1
validation,10203,0.8136871,1
validation,10204,0.5794628,1
validation,10205,0.41795275,1
validation,10206,0.99969035,1
validation,10207,0.99920005,1
validation,10208,0.99927187,1
validation,10209,0.42143592,1
validation,10210,0.9993531,1
validation,10211,0.6220746,1
validation,10212,0.80021065,1
validation,10213,0.9217441,1
validation,10214,0.48530406,1
validation,10215,0.68731093,1
validation,10216,0.5100243,1
validation,10217,0.9292623,1
validation,10218,0.5549818,1
validation,10219,0.8842107,1
validation,10220,0.5231459,1
validation,10221,0.5363121,1
validation,10222,0.8729478,1
validation,10223,0.5813963,1
validation,10224,0.8245725,1
validation,10225,0.4406119,1
validation,10226,0.998411,1
validation,10227,0.9990671,1
validation,10228,0.9989187,1
validation,10229,0.8476814,1
validation,10230,0.6924465,1
validation,10231,0.6459245,1
validation,10232,0.7882378,1
validation,10233,0.8609148,1
validation,10234,0.48015308,1
validation,10235,0.50864935,1
validation,10236,0.68003035,1
validation,10237,0.69093263,1
validation,10238,0.9997774,1
validation,10239,0.99930614,1
validation,10240,0.99964803,1
validation,10241,0.99965066,1
validation,10242,0.9997684,1
validation,10243,0.99968046,1
validation,10244,0.99971676,1
validation,10245,0.9998188,1
validation,10246,0.9997705,1
validation,10247,0.9994558,1
validation,10248,0.9996993,1
validation,10249,0.9997328,1
validation,10250,0.99921495,1
validation,10251,0.99953234,1
validation,10252,0.99973696,1
validation,10253,0.99960524,1
validation,10254,0.9997078,1
validation,10255,0.99965537,1
validation,10256,0.8653132,1
validation,10257,0.9996258,1
validation,10258,0.99973893,1
validation,10259,0.835685,1
validation,10260,0.9997868,1
validation,10261,0.99941415,1
validation,10262,0.49238396,1
validation,10263,0.8757786,1
validation,10264,0.8708432,1
validation,10265,0.36460716,1
validation,10266,0.9976832,1
validation,10267,0.99835426,1
validation,10268,0.99793977,1
validation,10269,0.9973306,1
validation,10270,0.9980389,1
validation,10271,0.8625476,1
validation,10272,0.073889956,1
validation,10273,0.5882617,1
validation,10274,0.57616675,1
validation,10275,0.9042951,1
validation,10276,0.3730583,1
validation,10277,0.644909,1
validation,10278,0.876136,1
validation,10279,0.3032795,1
validation,10280,0.5613291,1
validation,10281,0.78548384,1
validation,10282,0.590353,1
validation,10283,0.79759526,1
validation,10284,0.84985554,1
validation,10285,0.34932145,1
validation,10286,0.999212,1
validation,10287,0.79491156,1
validation,10288,0.817006,1
validation,10289,0.90704024,1
validation,10290,0.5588496,1
validation,10291,0.6314753,1
validation,10292,0.43554685,1
validation,10293,0.999724,1
validation,10294,0.99961966,1
validation,10295,0.9996116,1
validation,10296,0.99934864,1
validation,10297,0.99963623,1
validation,10298,0.9996613,1
validation,10299,0.99959606,1
validation,10300,0.99940324,1
validation,10301,0.9996749,1
validation,10302,0.14765377,1
validation,10303,0.998649,1
validation,10304,0.8584914,1
validation,10305,0.999129,1
validation,10306,0.9986619,1
validation,10307,0.8452309,1
validation,10308,0.99884313,1
validation,10309,0.67999595,1
validation,10310,0.9005239,1
validation,10311,0.99947107,1
validation,10312,0.99953514,1
validation,10313,0.99967,1
validation,10314,0.9997144,1
validation,10315,0.9997765,1
validation,10316,0.47610652,1
validation,10317,0.99948835,1
validation,10318,0.99963474,1
validation,10319,0.9266033,1
validation,10320,0.56460655,1
validation,10321,0.9998546,1
validation,10322,0.9984335,1
validation,10323,0.9986502,1
validation,10324,0.99977034,1
validation,10325,0.58142585,1
validation,10326,0.9997855,1
validation,10327,0.99864715,1
validation,10328,0.75409687,1
validation,10329,0.9157727,1
validation,10330,0.8682198,1
validation,10331,0.89647293,1
validation,10332,0.9989456,1
validation,10333,0.9516134,1
validation,10334,0.93770635,1
validation,10335,0.6942549,1
validation,10336,0.7217495,1
validation,10337,0.8746835,1
validation,10338,0.8908878,1
validation,10339,0.8965933,1
validation,10340,0.49287277,1
validation,10341,0.29094017,1
validation,10342,0.88165945,1
validation,10343,0.7676475,1
validation,10344,0.8133626,1
validation,10345,0.662104,1
validation,10346,0.6052842,1
validation,10347,0.9990675,1
validation,10348,0.75545967,1
validation,10349,0.9139446,1
validation,10350,0.8313192,1
validation,10351,0.89753187,1
validation,10352,0.5042262,1
validation,10353,0.99965435,1
validation,10354,0.33065748,1
validation,10355,0.9214944,1
validation,10356,0.20801395,1
validation,10357,0.6196538,1
validation,10358,0.6325787,1
validation,10359,0.73596096,1
validation,10360,0.6607665,1
validation,10361,0.94539887,1
validation,10362,0.7141602,1
validation,10363,0.78463155,1
validation,10364,0.82273895,1
validation,10365,0.7879212,1
validation,10366,0.9454067,1
validation,10367,0.59199584,1
validation,10368,0.70092845,1
validation,10369,0.5379133,1
validation,10370,0.88692385,1
validation,10371,0.945407,1
validation,10372,0.88836294,1
validation,10373,0.73617184,1
validation,10374,0.8795328,1
validation,10375,0.20688592,1
validation,10376,0.999337,1
validation,10377,0.99921286,1
validation,10378,0.99865264,1
validation,10379,0.55276066,1
validation,10380,0.53962207,1
validation,10381,0.57386434,1
validation,10382,0.6793425,1
validation,10383,0.7756118,1
validation,10384,0.8889876,1
validation,10385,0.46774226,1
validation,10386,0.5430449,1
validation,10387,0.80404633,1
validation,10388,0.8066692,1
validation,10389,0.99901813,1
validation,10390,0.99941623,1
validation,10391,0.9991852,1
validation,10392,0.9995049,1
validation,10393,0.75168836,1
validation,10394,0.99962705,1
validation,10395,0.8328712,1
validation,10396,0.80130166,1
validation,10397,0.53647184,1
validation,10398,0.90303165,1
validation,10399,0.5816374,1
validation,10400,0.84089404,1
validation,10401,0.8481121,1
validation,10402,0.46111014,1
validation,10403,0.99800915,1
validation,10404,0.99971086,1
validation,10405,0.99958676,1
validation,10406,0.92328066,1
validation,10407,0.99966615,1
validation,10408,0.78357416,1
validation,10409,0.88040596,1
validation,10410,0.9997381,1
validation,10411,0.99972516,1
validation,10412,0.9998575,1
validation,10413,0.9996852,1
validation,10414,0.9997464,1
validation,10415,0.99973994,1
validation,10416,0.9997831,1
validation,10417,0.9997436,1
validation,10418,0.99984324,1
validation,10419,0.99974215,1
validation,10420,0.99972117,1
validation,10421,0.99972546,1
validation,10422,0.9997711,1
validation,10423,0.9997975,1
validation,10424,0.9997186,1
validation,10425,0.9997659,1
validation,10426,0.9998227,1
validation,10427,0.9997561,1
validation,10428,0.9997802,1
validation,10429,0.9997785,1
validation,10430,0.79698265,1
validation,10431,0.81154245,1
validation,10432,0.73274887,1
validation,10433,0.5669781,1
validation,10434,0.47378886,1
validation,10435,0.99887705,1
validation,10436,0.9985123,1
validation,10437,0.99838006,1
validation,10438,0.5919366,1
validation,10439,0.5565028,1
validation,10440,0.3574299,1
validation,10441,0.7353002,1
validation,10442,0.75511116,1
validation,10443,0.8232524,1
validation,10444,0.71699584,1
validation,10445,0.7853191,1
validation,10446,0.46391258,1
validation,10447,0.9220315,1
validation,10448,0.99966824,1
validation,10449,0.9996811,1
validation,10450,0.99959695,1
validation,10451,0.99966836,1
validation,10452,0.9998024,1
validation,10453,0.9994606,1
validation,10454,0.9997251,1
validation,10455,0.999736,1
validation,10456,0.20736828,1
validation,10457,0.99975413,1
validation,10458,0.6300343,1
validation,10459,0.8525434,1
validation,10460,0.67838776,1
validation,10461,0.90751666,1
validation,10462,0.84398353,1
validation,10463,0.28201377,1
validation,10464,0.9990919,1
validation,10465,0.999436,1
validation,10466,0.79884017,1
validation,10467,0.99950796,1
validation,10468,0.91252816,1
validation,10469,0.99976605,1
validation,10470,0.6628146,1
validation,10471,0.7852453,1
validation,10472,0.9995581,1
validation,10473,0.83269835,1
validation,10474,0.78200257,1
validation,10475,0.9984047,1
validation,10476,0.99850065,1
validation,10477,0.99908155,1
validation,10478,0.7617985,1
validation,10479,0.5686507,1
validation,10480,0.8729389,1
validation,10481,0.58605355,1
validation,10482,0.68341935,1
validation,10483,0.9997038,1
validation,10484,0.9997265,1
validation,10485,0.99972934,1
validation,10486,0.7359936,1
validation,10487,0.8707932,1
validation,10488,0.99969935,1
validation,10489,0.8359351,1
validation,10490,0.8742596,1
validation,10491,0.72458214,1
validation,10492,0.90719926,1
validation,10493,0.50441945,1
validation,10494,0.6531993,1
validation,10495,0.9979511,1
validation,10496,0.9996107,1
validation,10497,0.999532,1
validation,10498,0.9997291,1
validation,10499,0.58871615,1
validation,10500,0.8159104,1
validation,10501,0.67181057,1
validation,10502,0.7663023,1
validation,10503,0.36338797,1
validation,10504,0.9988919,1
validation,10505,0.9978621,1
validation,10506,0.99843436,1
validation,10507,0.9464831,1
validation,10508,0.9989136,1
validation,10509,0.9983552,1
validation,10510,0.998649,1
validation,10511,0.6785181,1
validation,10512,0.6435248,1
validation,10513,0.83601725,1
validation,10514,0.999128,1
validation,10515,0.999791,1
validation,10516,0.99899316,1
validation,10517,0.9997849,1
validation,10518,0.9997769,1
validation,10519,0.99845874,1
validation,10520,0.99909246,1
validation,10521,0.999162,1
validation,10522,0.9983575,1
validation,10523,0.997876,1
validation,10524,0.99929005,1
validation,10525,0.99910146,1
validation,10526,0.9994475,1
validation,10527,0.99933946,1
validation,10528,0.7764293,1
validation,10529,0.82268614,1
validation,10530,0.99922657,1
validation,10531,0.9994479,1
validation,10532,0.9988459,1
validation,10533,0.84560436,1
validation,10534,0.87615544,1
validation,10535,0.9995305,1
validation,10536,0.9993652,1
validation,10537,0.8078811,1
validation,10538,0.99916214,1
validation,10539,0.90196645,1
validation,10540,0.58223504,1
validation,10541,0.846628,1
validation,10542,0.5514076,1
validation,10543,0.8708655,1
validation,10544,0.99951404,1
validation,10545,0.99978256,1
validation,10546,0.99941766,1
validation,10547,0.99981487,1
validation,10548,0.9992637,1
validation,10549,0.9982228,1
validation,10550,0.9990223,1
validation,10551,0.9990779,1
validation,10552,0.9987778,1
validation,10553,0.99925554,1
validation,10554,0.9986461,1
validation,10555,0.99877936,1
validation,10556,0.40291107,1
validation,10557,0.23938568,1
validation,10558,0.54706097,1
validation,10559,0.57091594,1
validation,10560,0.8904921,1
validation,10561,0.38222173,1
validation,10562,0.5038341,1
validation,10563,0.5824008,1
validation,10564,0.73712325,1
validation,10565,0.90639466,1
validation,10566,0.77522576,1
validation,10567,0.577454,1
validation,10568,0.9995753,1
validation,10569,0.99957097,1
validation,10570,0.99957126,1
validation,10571,0.99784553,1
validation,10572,0.99840206,1
validation,10573,0.99817485,1
validation,10574,0.9977856,1
validation,10575,0.9988833,1
validation,10576,0.99865264,1
validation,10577,0.9973941,1
validation,10578,0.9980482,1
validation,10579,0.9996495,1
validation,10580,0.99940133,1
validation,10581,0.9992315,1
validation,10582,0.9994862,1
validation,10583,0.785892,1
validation,10584,0.999676,1
validation,10585,0.39119747,1
validation,10586,0.6950613,1
validation,10587,0.34604105,1
validation,10588,0.9991356,1
validation,10589,0.8978839,1
validation,10590,0.99946725,1
validation,10591,0.81428397,1
validation,10592,0.6024878,1
validation,10593,0.38903958,1
validation,10594,0.8189507,1
validation,10595,0.55525833,1
validation,10596,0.9991735,1
validation,10597,0.76535743,1
validation,10598,0.9990311,1
validation,10599,0.80746084,1
validation,10600,0.9990139,1
validation,10601,0.912793,1
validation,10602,0.5588877,1
validation,10603,0.99912715,1
validation,10604,0.9977104,1
validation,10605,0.99801683,1
validation,10606,0.9987791,1
validation,10607,0.9980751,1
validation,10608,0.99875695,1
validation,10609,0.99884003,1
validation,10610,0.99799925,1
validation,10611,0.9984614,1
validation,10612,0.9987756,1
validation,10613,0.997877,1
validation,10614,0.82881147,1
validation,10615,0.83132434,1
validation,10616,0.86022854,1
validation,10617,0.61349463,1
validation,10618,0.48629877,1
validation,10619,0.95357054,1
validation,10620,0.9624465,1
validation,10621,0.47400993,1
validation,10622,0.8136237,1
validation,10623,0.3875755,1
validation,10624,0.30450335,1
validation,10625,0.99941486,1
validation,10626,0.8384788,1
validation,10627,0.9989901,1
validation,10628,0.99921143,1
validation,10629,0.8119501,1
validation,10630,0.70183104,1
validation,10631,0.9996118,1
validation,10632,0.99966586,1
validation,10633,0.99921393,1
validation,10634,0.59814346,1
validation,10635,0.8195527,1
validation,10636,0.84655416,1
validation,10637,0.8981402,1
validation,10638,0.85955906,1
validation,10639,0.7287267,1
validation,10640,0.46174917,1
validation,10641,0.8778155,1
validation,10642,0.9940991,1
validation,10643,0.9926104,1
validation,10644,0.9970187,1
validation,10645,0.9969654,1
validation,10646,0.9962899,1
validation,10647,0.86309326,1
validation,10648,0.7297938,1
validation,10649,0.9944036,1
validation,10650,0.12928186,1
validation,10651,0.23857427,1
validation,10652,0.5960239,1
validation,10653,0.6648352,1
validation,10654,0.79417765,1
validation,10655,0.8228613,1
validation,10656,0.99979556,1
validation,10657,0.99982566,1
validation,10658,0.9998059,1
validation,10659,0.83560604,1
validation,10660,0.80622977,1
validation,10661,0.82413644,1
validation,10662,0.99983436,1
validation,10663,0.9998334,1
validation,10664,0.46582666,1
validation,10665,0.79018325,1
validation,10666,0.5461117,1
validation,10667,0.76883405,1
validation,10668,0.705161,1
validation,10669,0.8196997,1
validation,10670,0.8478464,1
validation,10671,0.86046153,1
validation,10672,0.76654583,1
validation,10673,0.99963135,1
validation,10674,0.8103237,1
validation,10675,0.9997821,1
validation,10676,0.65158916,1
validation,10677,0.77701056,1
validation,10678,0.3837648,1
validation,10679,0.7066796,1
validation,10680,0.9715152,1
validation,10681,0.9997825,1
validation,10682,0.99980736,1
validation,10683,0.99979097,1
validation,10684,0.9998099,1
validation,10685,0.99961525,1
validation,10686,0.99967426,1
validation,10687,0.99972874,1
validation,10688,0.79467463,1
validation,10689,0.53059757,1
validation,10690,0.860676,1
validation,10691,0.24200885,1
validation,10692,0.88711226,1
validation,10693,0.7711901,1
validation,10694,0.8274162,1
validation,10695,0.5171473,1
validation,10696,0.9230237,1
validation,10697,0.3646877,1
validation,10698,0.9995983,1
validation,10699,0.9995915,1
validation,10700,0.9996343,1
validation,10701,0.99937737,1
validation,10702,0.9995395,1
validation,10703,0.9993887,1
validation,10704,0.84224576,1
validation,10705,0.99963546,1
validation,10706,0.9996859,1
validation,10707,0.9996489,1
validation,10708,0.99978817,1
validation,10709,0.99952483,1
validation,10710,0.99953383,1
validation,10711,0.9993724,1
validation,10712,0.9992629,1
validation,10713,0.9993327,1
validation,10714,0.7865243,1
validation,10715,0.99958414,1
validation,10716,0.88521457,1
validation,10717,0.6061201,1
validation,10718,0.8569337,1
validation,10719,0.008417243,1
validation,10720,0.93458736,1
validation,10721,0.83882695,1
validation,10722,0.85694444,1
validation,10723,0.99936485,1
validation,10724,0.99970603,1
validation,10725,0.9992877,1
validation,10726,0.89719373,1
validation,10727,0.84941596,1
validation,10728,0.52458555,1
validation,10729,0.688051,1
validation,10730,0.55454016,1
validation,10731,0.71773374,1
validation,10732,0.92829627,1
validation,10733,0.9338097,1
validation,10734,0.3481291,1
validation,10735,0.90617144,1
validation,10736,0.58467865,1
validation,10737,0.81368715,1
validation,10738,0.5791855,1
validation,10739,0.51512337,1
validation,10740,0.4308653,1
validation,10741,0.52238166,1
validation,10742,0.86343396,1
validation,10743,0.653484,1
validation,10744,0.93581516,1
validation,10745,0.7872255,1
validation,10746,0.6681608,1
validation,10747,0.8436443,1
validation,10748,0.52427554,1
validation,10749,0.5629103,1
validation,10750,0.9502494,1
validation,10751,0.9978568,1
validation,10752,0.81965446,1
validation,10753,0.83344585,1
validation,10754,0.8212467,1
validation,10755,0.47514242,1
validation,10756,0.8108211,1
validation,10757,0.59661585,1
validation,10758,0.75966156,1
validation,10759,0.89463764,1
validation,10760,0.6652348,1
validation,10761,0.63450485,1
validation,10762,0.63507247,1
validation,10763,0.6534921,1
validation,10764,0.7352977,1
validation,10765,0.6477108,1
validation,10766,0.6116474,1
validation,10767,0.9612809,1
validation,10768,0.8540483,1
validation,10769,0.5539396,1
validation,10770,0.8651039,1
validation,10771,0.6818069,1
validation,10772,0.782088,1
validation,10773,0.88575095,1
validation,10774,0.67053306,1
validation,10775,0.9012375,1
validation,10776,0.85510457,1
validation,10777,0.8009031,1
validation,10778,0.8479544,1
validation,10779,0.5418758,1
validation,10780,0.6475103,1
validation,10781,0.7939552,1
validation,10782,0.85248977,1
validation,10783,0.8370375,1
validation,10784,0.82304245,1
validation,10785,0.7915299,1
validation,10786,0.5879299,1
validation,10787,0.8567798,1
validation,10788,0.6892426,1
validation,10789,0.66144836,1
validation,10790,0.9994293,1
validation,10791,0.9995222,1
validation,10792,0.99942935,1
validation,10793,0.9995476,1
validation,10794,0.5433066,1
validation,10795,0.99950653,1
validation,10796,0.999577,1
validation,10797,0.99943644,1
validation,10798,0.57538724,1
validation,10799,0.46899724,1
validation,10800,0.8009593,1
validation,10801,0.8150413,1
validation,10802,0.8798782,1
validation,10803,0.804881,1
validation,10804,0.9761809,1
validation,10805,0.63552785,1
validation,10806,0.3308131,1
validation,10807,0.76323575,1
validation,10808,0.82835835,1
validation,10809,0.80911106,1
validation,10810,0.9197481,1
validation,10811,0.9994675,1
validation,10812,0.9995924,1
validation,10813,0.9995554,1
validation,10814,0.99963605,1
validation,10815,0.9996024,1
validation,10816,0.5547273,1
validation,10817,0.8133073,1
validation,10818,0.88148785,1
validation,10819,0.7542562,1
validation,10820,0.75556886,1
validation,10821,0.8601324,1
validation,10822,0.87163407,1
validation,10823,0.9992282,1
validation,10824,0.9989252,1
validation,10825,0.57927465,1
validation,10826,0.54989773,1
validation,10827,0.6350452,1
validation,10828,0.6895937,1
validation,10829,0.46891502,1
validation,10830,0.9206082,1
validation,10831,0.95642674,1
validation,10832,0.7275511,1
validation,10833,0.94708043,1
validation,10834,0.95169073,1
validation,10835,0.24129663,1
validation,10836,0.95961344,1
validation,10837,0.90011156,1
validation,10838,0.31062376,1
validation,10839,0.43373075,1
validation,10840,0.623931,1
validation,10841,0.9490136,1
validation,10842,0.5919992,1
validation,10843,0.9326041,1
validation,10844,0.8180264,1
validation,10845,0.9317857,1
validation,10846,0.85628897,1
validation,10847,0.84940803,1
validation,10848,0.84436876,1
validation,10849,0.43730977,1
validation,10850,0.9373384,1
validation,10851,0.87930226,1
validation,10852,0.6754477,1
validation,10853,0.8868551,1
validation,10854,0.78972393,1
validation,10855,0.92805815,1
validation,10856,0.9239321,1
validation,10857,0.71008325,1
validation,10858,0.09585341,1
validation,10859,0.53692865,1
validation,10860,0.5011629,1
validation,10861,0.5937089,1
validation,10862,0.5703076,1
validation,10863,0.4172545,1
validation,10864,0.80927694,1
validation,10865,0.54470867,1
validation,10866,0.99970186,1
validation,10867,0.9997356,1
validation,10868,0.5168114,1
validation,10869,0.8148608,1
validation,10870,0.95734423,1
validation,10871,0.91298574,1
validation,10872,0.80423784,1
validation,10873,0.21541652,1
validation,10874,0.8185774,1
validation,10875,0.48268226,1
validation,10876,0.5133035,1
validation,10877,0.47081602,1
validation,10878,0.5013068,1
validation,10879,0.5920774,1
validation,10880,0.17275894,1
validation,10881,0.85390955,1
validation,10882,0.9200276,1
validation,10883,0.7967465,1
validation,10884,0.7895112,1
validation,10885,0.99955916,1
validation,10886,0.999554,1
validation,10887,0.8857565,1
validation,10888,0.99939746,1
validation,10889,0.8396203,1
validation,10890,0.86719024,1
validation,10891,0.57655627,1
validation,10892,0.707343,1
validation,10893,0.9117242,1
validation,10894,0.8501728,1
validation,10895,0.91537327,1
validation,10896,0.87196213,1
validation,10897,0.7642386,1
validation,10898,0.49905065,1
validation,10899,0.65040565,1
validation,10900,0.999382,1
validation,10901,0.99965,1
validation,10902,0.99899024,1
validation,10903,0.9990753,1
validation,10904,0.87472224,1
validation,10905,0.9361903,1
validation,10906,0.8420268,1
validation,10907,0.67686796,1
validation,10908,0.8426258,1
validation,10909,0.5637765,1
validation,10910,0.8889578,1
validation,10911,0.9982758,1
validation,10912,0.5192117,1
validation,10913,0.95975703,1
validation,10914,0.8947041,1
validation,10915,0.287154,1
validation,10916,0.84874,1
validation,10917,0.5687106,1
validation,10918,0.16163062,1
validation,10919,0.99909645,1
validation,10920,0.6350878,1
validation,10921,0.5466803,1
validation,10922,0.99932605,1
validation,10923,0.9988036,1
validation,10924,0.9526216,1
validation,10925,0.8227701,1
validation,10926,0.9627873,1
validation,10927,0.93012303,1
validation,10928,0.746853,1
validation,10929,0.34597334,1
validation,10930,0.58761454,1
validation,10931,0.8673898,1
validation,10932,0.65710056,1
validation,10933,0.87516737,1
validation,10934,0.9993881,1
validation,10935,0.9996847,1
validation,10936,0.96101004,1
validation,10937,0.7896036,1
validation,10938,0.33284202,1
validation,10939,0.73922354,1
validation,10940,0.5487964,1
validation,10941,0.616596,1
validation,10942,0.4309177,1
validation,10943,0.7827238,1
validation,10944,0.8163513,1
validation,10945,0.4544428,1
validation,10946,0.49809387,1
validation,10947,0.932386,1
validation,10948,0.830913,1
validation,10949,0.9049525,1
validation,10950,0.5189931,1
validation,10951,0.8293917,1
validation,10952,0.92896414,1
validation,10953,0.8685993,1
validation,10954,0.3007044,1
validation,10955,0.9173218,1
validation,10956,0.43788138,1
validation,10957,0.5473254,1
validation,10958,0.8140676,1
validation,10959,0.85208404,1
validation,10960,0.8538231,1
validation,10961,0.4192321,1
validation,10962,0.86960596,1
validation,10963,0.89349234,1
validation,10964,0.6114011,1
validation,10965,0.99817,1
validation,10966,0.99825096,1
validation,10967,0.6630621,1
validation,10968,0.7334074,1
validation,10969,0.6821805,1
validation,10970,0.92285514,1
validation,10971,0.7824831,1
validation,10972,0.4215821,1
validation,10973,0.42178774,1
validation,10974,0.3472483,1
validation,10975,0.4368189,1
validation,10976,0.36645326,1
validation,10977,0.8391275,1
validation,10978,0.47021973,1
validation,10979,0.74443024,1
validation,10980,0.8778288,1
validation,10981,0.8236774,1
validation,10982,0.6977097,1
validation,10983,0.28816295,1
validation,10984,0.95268303,1
validation,10985,0.48212293,1
validation,10986,0.8519822,1
validation,10987,0.5997826,1
validation,10988,0.7195096,1
validation,10989,0.84486926,1
validation,10990,0.9053071,1
validation,10991,0.57017213,1
validation,10992,0.89672756,1
validation,10993,0.39769778,1
validation,10994,0.7953712,1
validation,10995,0.48152754,1
validation,10996,0.95449406,1
validation,10997,0.5727333,1
validation,10998,0.71557045,1
validation,10999,0.46248174,1
validation,11000,0.636973,1
validation,11001,0.5300951,1
validation,11002,0.5607321,1
validation,11003,0.5381243,1
validation,11004,0.8716503,1
validation,11005,0.53523827,1
validation,11006,0.93703437,1
validation,11007,0.77108896,1
validation,11008,0.50230443,1
validation,11009,0.5963995,1
validation,11010,0.82816076,1
validation,11011,0.63040984,1
validation,11012,0.89326143,1
validation,11013,0.8470231,1
validation,11014,0.67543066,1
validation,11015,0.7007586,1
validation,11016,0.8089288,1
validation,11017,0.7981768,1
validation,11018,0.59649944,1
validation,11019,0.85343564,1
validation,11020,0.7361413,1
validation,11021,0.8369731,1
validation,11022,0.9259392,1
validation,11023,0.72781914,1
validation,11024,0.90129495,1
validation,11025,0.8786202,1
validation,11026,0.8599999,1
validation,11027,0.8017125,1
validation,11028,0.58207405,1
validation,11029,0.7449212,1
validation,11030,0.794295,1
validation,11031,0.5684236,1
validation,11032,0.611622,1
validation,11033,0.46871555,1
validation,11034,0.31525174,1
validation,11035,0.22298643,1
validation,11036,0.9434904,1
validation,11037,0.8402579,1
validation,11038,0.4625861,1
validation,11039,0.9060337,1
validation,11040,0.8272505,1
validation,11041,0.85414773,1
validation,11042,0.22247364,1
validation,11043,0.83821696,1
validation,11044,0.74847484,1
validation,11045,0.5777353,1
validation,11046,0.84925467,1
validation,11047,0.30148923,1
validation,11048,0.93434197,1
validation,11049,0.9996121,1
validation,11050,0.48911488,1
validation,11051,0.9991804,1
validation,11052,0.93069017,1
validation,11053,0.81349957,1
validation,11054,0.8672097,1
validation,11055,0.80274534,1
validation,11056,0.8881717,1
validation,11057,0.3665032,1
validation,11058,0.6680989,1
validation,11059,0.81357205,1
validation,11060,0.702798,1
validation,11061,0.45662737,1
validation,11062,0.5950851,1
validation,11063,0.5818715,1
validation,11064,0.8833766,1
validation,11065,0.5134982,1
validation,11066,0.27385676,1
validation,11067,0.54336536,1
validation,11068,0.76167625,1
validation,11069,0.85813975,1
validation,11070,0.845205,1
validation,11071,0.96783143,1
validation,11072,0.6925331,1
validation,11073,0.19579308,1
validation,11074,0.8501671,1
validation,11075,0.8934089,1
validation,11076,0.7829148,1
validation,11077,0.9588882,1
validation,11078,0.55271804,1
validation,11079,0.5088576,1
validation,11080,0.9562601,1
validation,11081,0.89187366,1
validation,11082,0.8594075,1
validation,11083,0.34416258,1
validation,11084,0.934923,1
validation,11085,0.8073703,1
validation,11086,0.570251,1
validation,11087,0.93098456,1
validation,11088,0.8919044,1
validation,11089,0.5325464,1
validation,11090,0.63311297,1
validation,11091,0.6722751,1
validation,11092,0.895867,1
validation,11093,0.998483,1
validation,11094,0.99770665,1
validation,11095,0.99832475,1
validation,11096,0.51305133,1
validation,11097,0.72224593,1
validation,11098,0.713459,1
validation,11099,0.9011917,1
validation,11100,0.53549486,1
validation,11101,0.6656428,1
validation,11102,0.9251609,1
validation,11103,0.99999976,1
validation,11104,0.9949653,1
validation,11105,0.99465823,1
validation,11106,0.995404,1
validation,11107,0.9947006,1
validation,11108,0.99485594,1
validation,11109,0.99540174,1
validation,11110,0.99451375,1
validation,11111,0.9950923,1
validation,11112,0.99544567,1
validation,11113,0.996122,1
validation,11114,0.9948271,1
validation,11115,0.99550265,1
validation,11116,0.9942246,1
validation,11117,0.9935358,1
validation,11118,0.9963436,1
validation,11119,0.9964205,1
validation,11120,0.9953565,1
validation,11121,0.9961514,1
validation,11122,0.995831,1
validation,11123,0.9964684,1
validation,11124,0.99694705,1
validation,11125,0.99603647,1
validation,11126,0.99629605,1
validation,11127,0.9991493,1
validation,11128,0.99882025,1
validation,11129,0.9991029,1
validation,11130,0.9989281,1
validation,11131,0.9990854,1
validation,11132,0.99890006,1
validation,11133,0.99927753,1
validation,11134,0.99944276,1
validation,11135,0.999276,1
validation,11136,0.99913317,1
validation,11137,0.99927944,1
validation,11138,0.99915147,1
validation,11139,0.99918115,1
validation,11140,0.99930555,1
validation,11141,0.9993675,1
validation,11142,0.9999942,1
validation,11143,0.9999962,1
validation,11144,0.9999945,1
validation,11145,0.9999935,1
validation,11146,0.9999936,1
validation,11147,0.9999935,1
validation,11148,0.99999523,1
validation,11149,0.99999434,1
validation,11150,0.9999961,1
validation,11151,0.9999919,1
validation,11152,0.9999944,1
validation,11153,0.9999948,1
validation,11154,0.9999963,1
validation,11155,0.9999951,1
validation,11156,0.99999326,1
validation,11157,0.99999017,1
validation,11158,0.99999225,1
validation,11159,0.99999285,1
validation,11160,0.9999894,1
validation,11161,0.9999943,1
validation,11162,0.99999255,1
validation,11163,0.9999931,1
validation,11164,0.999991,1
validation,11165,0.99998844,1
validation,11166,0.9999936,1
validation,11167,0.99999493,1
validation,11168,0.99999243,1
validation,11169,0.99999434,1
validation,11170,0.9999947,1
validation,11171,0.9999929,1
validation,11172,0.999995,1
validation,11173,0.99999076,1
validation,11174,0.9999945,1
validation,11175,0.9999922,1
validation,11176,0.9999936,1
validation,11177,0.9999949,1
validation,11178,0.9999936,1
validation,11179,0.9999914,1
validation,11180,0.99999243,1
validation,11181,0.9999947,1
validation,11182,0.9999932,1
validation,11183,0.9999946,1
validation,11184,0.9999939,1
validation,11185,0.9999935,1
validation,11186,0.99999356,1
validation,11187,0.9999945,1
validation,11188,0.9993481,1
validation,11189,0.99920535,1
validation,11190,0.9988617,1
validation,11191,0.9989196,1
validation,11192,0.999317,1
validation,11193,0.999401,1
validation,11194,0.99999547,1
validation,11195,0.9950455,1
validation,11196,0.9931102,1
validation,11197,0.99584657,1
validation,11198,0.99208266,1
validation,11199,0.99656653,1
validation,11200,0.9970315,1
validation,11201,0.99558735,1
validation,11202,0.9947262,1
validation,11203,0.99453646,1
validation,11204,0.9959383,1
validation,11205,0.9990454,1
validation,11206,0.99908245,1
validation,11207,0.9989914,1
validation,11208,0.9991913,1
validation,11209,0.99924636,1
validation,11210,0.99951094,1
validation,11211,0.9999898,1
validation,11212,0.99998957,1
validation,11213,0.9999893,1
validation,11214,0.9999954,1
validation,11215,0.999995,1
validation,11216,0.99999374,1
validation,11217,0.9999927,1
validation,11218,0.99999183,1
validation,11219,0.99999595,1
validation,11220,0.9999947,1
validation,11221,0.99999404,1
validation,11222,0.9999899,1
validation,11223,0.999994,1
validation,11224,0.99999243,1
validation,11225,0.99999356,1
validation,11226,0.9999948,1
validation,11227,0.9999927,1
validation,11228,0.999994,1
validation,11229,0.99999493,1
validation,11230,0.999996,1
validation,11231,0.99999005,1
validation,11232,0.9999944,1
validation,11233,0.9999943,1
validation,11234,0.9999955,1
validation,11235,0.9999943,1
validation,11236,0.9999935,1
validation,11237,0.9999951,1
validation,11238,0.99999404,1
validation,11239,0.99999106,1
validation,11240,0.9999877,1
validation,11241,0.9999899,1
validation,11242,0.9999933,1
validation,11243,0.99999374,1
validation,11244,0.9999936,1
validation,11245,0.99999225,1
validation,11246,0.9999904,1
validation,11247,0.99999225,1
validation,11248,0.9999914,1
validation,11249,0.9999953,1
validation,11250,0.9999906,1
validation,11251,0.9999902,1
validation,11252,0.9999942,1
validation,11253,0.99999374,1
validation,11254,0.99999315,1
validation,11255,0.9999949,1
validation,11256,0.99999523,1
validation,11257,0.93657297,1
validation,11258,0.9999788,1
validation,11259,0.99998486,1
validation,11260,0.99997884,1
validation,11261,0.99996406,1
validation,11262,0.999973,1
validation,11263,0.9999811,1
validation,11264,0.9999715,1
validation,11265,0.99998647,1
validation,11266,0.037678484,0
validation,11267,0.027343642,0
validation,11268,0.055678327,0
validation,11269,0.041536298,0
validation,11270,0.0180244,0
validation,11271,0.036463402,0
validation,11272,0.022043021,0
validation,11273,0.0114438655,0
validation,11274,0.006337972,0
validation,11275,0.8319645,1
validation,11276,0.99988776,1
validation,11277,0.9999066,1
validation,11278,0.0030757908,0
validation,11279,0.0010531181,0
validation,11280,0.99998957,1
validation,11281,0.9990953,1
validation,11282,0.99870044,1
validation,11283,0.99895227,1
validation,11284,0.9801156,1
validation,11285,0.9412994,1
validation,11286,0.8705032,1
validation,11287,0.94346327,1
validation,11288,0.9997421,1
validation,11289,0.9997759,1
validation,11290,0.9997413,1
validation,11291,0.99975604,1
validation,11292,0.94193494,1
validation,11293,0.9999594,1
validation,11294,0.9999421,1
validation,11295,0.99997824,1
validation,11296,0.99996203,1
validation,11297,0.99997205,1
validation,11298,0.9999457,1
validation,11299,0.985706,1
validation,11300,0.9999784,1
validation,11301,0.9999709,1
validation,11302,0.9973861,1
validation,11303,0.99495614,1
validation,11304,0.99590695,1
validation,11305,0.9966344,1
validation,11306,0.9959271,1
validation,11307,0.9949048,1
validation,11308,0.9309037,1
validation,11309,0.9120521,1
validation,11310,0.99997693,1
validation,11311,0.9999672,1
validation,11312,0.99997914,1
validation,11313,0.986502,1
validation,11314,0.96793723,1
validation,11315,0.9999126,1
validation,11316,0.99988055,1
validation,11317,0.9999122,1
validation,11318,0.6505191,1
validation,11319,0.99100995,1
validation,11320,0.9879671,1
validation,11321,0.9913799,1
validation,11322,0.99155366,1
validation,11323,0.9903008,1
validation,11324,0.99980867,1
validation,11325,0.9998444,1
validation,11326,0.99982935,1
validation,11327,0.99981046,1
validation,11328,0.99979424,1
validation,11329,0.99975425,1
validation,11330,0.9996459,1
validation,11331,0.9996898,1
validation,11332,0.9997217,1
validation,11333,0.9997575,1
validation,11334,0.9780489,1
validation,11335,0.9999798,1
validation,11336,0.9999883,1
validation,11337,0.98429286,1
validation,11338,0.9998232,1
validation,11339,0.99977237,1
validation,11340,0.99976397,1
validation,11341,0.9996857,1
validation,11342,0.99977314,1
validation,11343,0.9997567,1
validation,11344,0.9996792,1
validation,11345,0.99974126,1
validation,11346,0.999757,1
validation,11347,0.9997409,1
validation,11348,0.99977344,1
validation,11349,0.9998163,1
validation,11350,0.9998047,1
validation,11351,0.99975866,1
validation,11352,0.99979895,1
validation,11353,0.99973404,1
validation,11354,0.99973106,1
validation,11355,0.999746,1
validation,11356,0.9995742,1
validation,11357,0.99972653,1
validation,11358,0.9998025,1
validation,11359,0.9998146,1
validation,11360,0.9996257,1
validation,11361,0.99980116,1
validation,11362,0.9998346,1
validation,11363,0.99969447,1
validation,11364,0.9997241,1
validation,11365,0.999767,1
validation,11366,0.9996529,1
validation,11367,0.9998197,1
validation,11368,0.9997007,1
validation,11369,0.9998009,1
validation,11370,0.99978757,1
validation,11371,0.9997898,1
validation,11372,0.99970514,1
validation,11373,0.99960965,1
validation,11374,0.99979186,1
validation,11375,0.99979466,1
validation,11376,0.9997728,1
validation,11377,0.9998291,1
validation,11378,0.9996625,1
validation,11379,0.9997955,1
validation,11380,0.9998111,1
validation,11381,0.99982,1
validation,11382,0.99969697,1
validation,11383,0.99985766,1
validation,11384,0.9997819,1
validation,11385,0.9997407,1
validation,11386,0.999813,1
validation,11387,0.9997482,1
validation,11388,0.99974895,1
validation,11389,0.9996936,1
validation,11390,0.99956334,1
validation,11391,0.99974346,1
validation,11392,0.9997876,1
validation,11393,0.9998014,1
validation,11394,0.99975467,1
validation,11395,0.9998084,1
validation,11396,0.99960524,1
validation,11397,0.99976563,1
validation,11398,0.99965304,1
validation,11399,0.9997004,1
validation,11400,0.99981284,1
validation,11401,0.9996665,1
validation,11402,0.9998251,1
validation,11403,0.99975204,1
validation,11404,0.9996388,1
validation,11405,0.99983525,1
validation,11406,0.9997584,1
validation,11407,0.9997798,1
validation,11408,0.99974585,1
validation,11409,0.9997986,1
validation,11410,0.9998571,1
validation,11411,0.9998264,1
validation,11412,0.99983954,1
validation,11413,0.99976563,1
validation,11414,0.99976873,1
validation,11415,0.99975824,1
validation,11416,0.9998724,1
validation,11417,0.48213753,0
validation,11418,0.52053297,0
validation,11419,0.4987091,0
validation,11420,0.46820495,0
validation,11421,0.646085,0
validation,11422,0.4861211,0
validation,11423,0.58372355,0
validation,11424,0.9954633,1
validation,11425,0.9966086,1
validation,11426,0.9961515,1
validation,11427,0.9930541,1
validation,11428,0.99334794,1
validation,11429,0.99424094,1
validation,11430,0.9957242,1
validation,11431,0.99633795,1
validation,11432,0.99325013,1
validation,11433,0.9925395,1
validation,11434,0.9942328,1
validation,11435,0.9957226,1
validation,11436,0.996662,1
validation,11437,0.9965205,1
validation,11438,0.99436957,1
validation,11439,0.99433655,1
validation,11440,0.99680996,1
validation,11441,0.9957192,1
validation,11442,0.99317265,1
validation,11443,0.994164,1
validation,11444,0.9958661,1
validation,11445,0.99539,1
validation,11446,0.9909131,1
validation,11447,0.99342734,1
validation,11448,0.9913867,1
validation,11449,0.9894823,1
validation,11450,0.99305093,1
validation,11451,0.99371326,1
validation,11452,0.9900239,1
validation,11453,0.9913504,1
validation,11454,0.99254173,1
validation,11455,0.99216384,1
validation,11456,0.990589,1
validation,11457,0.9909547,1
validation,11458,0.9964576,1
validation,11459,0.99547505,1
validation,11460,0.99493027,1
validation,11461,0.99457884,1
validation,11462,0.99606127,1
validation,11463,0.99552035,1
validation,11464,0.99520993,1
validation,11465,0.9957744,1
validation,11466,0.99726707,1
validation,11467,0.99630225,1
validation,11468,0.99559724,1
validation,11469,0.99702185,1
validation,11470,0.9958566,1
validation,11471,0.99617475,1
validation,11472,0.9961609,1
validation,11473,0.99599576,1
validation,11474,0.99500936,1
validation,11475,0.99608743,1
validation,11476,0.9942095,1
validation,11477,0.9972196,1
validation,11478,0.9959796,1
validation,11479,0.9957359,1
validation,11480,0.9964488,1
validation,11481,0.99673223,1
validation,11482,0.9970137,1
validation,11483,0.9951339,1
validation,11484,0.99585664,1
validation,11485,0.9962781,1
validation,11486,0.9970195,1
validation,11487,0.9904338,1
validation,11488,0.99441856,1
validation,11489,0.9939507,1
validation,11490,0.99416363,1
validation,11491,0.9970449,1
validation,11492,0.9951947,1
validation,11493,0.99504286,1
validation,11494,0.92117035,1
validation,11495,0.9990933,1
validation,11496,0.9981904,1
validation,11497,0.9976247,1
validation,11498,0.99802625,1
validation,11499,0.9986589,1
validation,11500,0.99886113,1
validation,11501,0.99869126,1
validation,11502,0.99885166,1
validation,11503,0.99879813,1
validation,11504,0.9987977,1
validation,11505,0.9987704,1
validation,11506,0.9987061,1
validation,11507,0.9983722,1
validation,11508,0.99887073,1
validation,11509,0.99902266,1
validation,11510,0.99860567,1
validation,11511,0.9987055,1
validation,11512,0.9985239,1
validation,11513,0.9988159,1
validation,11514,0.9988114,1
validation,11515,0.99873245,1
validation,11516,0.9989972,1
validation,11517,0.9985338,1
validation,11518,0.9987886,1
validation,11519,0.99880666,1
validation,11520,0.9984892,1
validation,11521,0.9985468,1
validation,11522,0.9991418,1
validation,11523,0.9986253,1
validation,11524,0.99884135,1
validation,11525,0.9988703,1
validation,11526,0.99879736,1
validation,11527,0.9986712,1
validation,11528,0.99825007,1
validation,11529,0.9989424,1
validation,11530,0.9986054,1
validation,11531,0.9988255,1
validation,11532,0.99099946,1
validation,11533,0.98912716,1
validation,11534,0.9907643,1
validation,11535,0.9858831,1
validation,11536,0.9860793,1
validation,11537,0.9869856,1
validation,11538,0.9786227,1
validation,11539,0.987774,1
validation,11540,0.9660052,1
validation,11541,0.9528503,1
validation,11542,0.9641664,1
validation,11543,0.9643952,1
validation,11544,0.9728602,1
validation,11545,0.94246286,1
validation,11546,0.91026133,0
validation,11547,0.9978777,1
validation,11548,0.9990746,1
validation,11549,0.99730855,1
validation,11550,0.9979611,1
validation,11551,0.99821514,1
validation,11552,0.9980076,1
validation,11553,0.9986965,1
validation,11554,0.8847902,1
validation,11555,0.99935955,1
validation,11556,0.99936205,1
validation,11557,0.99919707,1
validation,11558,0.99910873,1
validation,11559,0.99964696,1
validation,11560,0.9994845,1
validation,11561,0.99957615,1
validation,11562,0.99213046,1
validation,11563,0.99677134,1
validation,11564,0.98307127,1
validation,11565,0.9957453,1
validation,11566,0.99652076,1
validation,11567,0.72239155,0
validation,11568,0.70925516,0
validation,11569,0.56909275,0
validation,11570,0.5503659,0
validation,11571,0.6322156,0
validation,11572,0.42708802,0
validation,11573,0.5177648,0
validation,11574,0.5387033,0
validation,11575,0.3637034,0
validation,11576,0.449344,0
validation,11577,0.4476089,0
validation,11578,0.10408183,0
validation,11579,0.13269563,0
validation,11580,0.12062199,0
validation,11581,0.86667824,1
validation,11582,0.99997026,1
validation,11583,0.9999865,1
validation,11584,0.9999854,1
validation,11585,0.9999872,1
validation,11586,0.99998575,1
validation,11587,0.99998224,1
validation,11588,0.99998754,1
validation,11589,0.9999844,1
validation,11590,0.999982,1
validation,11591,0.99997807,1
validation,11592,0.9999848,1
validation,11593,0.99998707,1
validation,11594,0.9999913,1
validation,11595,0.9813539,1
validation,11596,0.99025726,1
validation,11597,0.9894444,1
validation,11598,0.9882311,1
validation,11599,0.98999643,1
validation,11600,0.9895562,1
validation,11601,0.9882949,1
validation,11602,0.9999723,1
validation,11603,0.009074546,0
validation,11604,0.47647312,0
validation,11605,0.44841382,0
validation,11606,0.4666494,0
validation,11607,0.16792935,0
validation,11608,0.6113144,0
validation,11609,0.21336149,0
validation,11610,0.08670281,0
validation,11611,0.2392003,0
validation,11612,0.19291201,0
validation,11613,0.0848422,0
validation,11614,0.114557125,0
validation,11615,0.25844374,1
validation,11616,0.1905747,0
validation,11617,0.10689272,0
validation,11618,0.11959724,0
validation,11619,0.1288749,0
validation,11620,0.22255287,0
validation,11621,0.23883373,0
validation,11622,0.57249904,0
validation,11623,0.07569138,0
validation,11624,0.99998504,1
validation,11625,0.999991,1
validation,11626,0.9999707,1
validation,11627,0.99998844,1
validation,11628,0.9999786,1
validation,11629,0.9999905,1
validation,11630,0.9307692,1
validation,11631,0.13901936,0
validation,11632,0.16330226,0
validation,11633,0.28912833,0
validation,11634,0.10765456,0
validation,11635,0.5040792,0
validation,11636,0.0029643972,0
validation,11637,0.18959281,0
validation,11638,0.14201409,0
validation,11639,0.09769761,0
validation,11640,0.99997616,1
validation,11641,0.9999795,1
validation,11642,0.99997693,1
validation,11643,0.99996436,1
validation,11644,0.9999723,1
validation,11645,0.029164813,0
validation,11646,0.14279541,0
validation,11647,0.17060718,0
validation,11648,0.18131265,0
validation,11649,0.42779064,0
validation,11650,0.9999886,1
validation,11651,0.99998903,1
validation,11652,0.9999921,1
validation,11653,0.9999847,1
validation,11654,0.99997985,1
validation,11655,0.99999356,1
validation,11656,0.9999816,1
validation,11657,0.9999813,1
validation,11658,0.9999827,1
validation,11659,0.99998873,1
validation,11660,0.99998647,1
validation,11661,0.0013473475,0
validation,11662,0.1467697,0
validation,11663,0.32300398,0
validation,11664,0.0096397465,0
validation,11665,0.42868572,0
validation,11666,0.9999846,1
validation,11667,0.9999776,1
validation,11668,0.99998736,1
validation,11669,0.99996936,1
validation,11670,0.999983,1
validation,11671,0.09507934,0
validation,11672,0.00046917592,0
validation,11673,0.063454725,0
validation,11674,0.30769438,0
validation,11675,0.010255001,0
validation,11676,0.007702015,0
validation,11677,0.016015885,0
validation,11678,0.00958204,0
validation,11679,0.0027306865,0
validation,11680,0.0020790442,0
validation,11681,0.0045281844,0
validation,11682,0.20875157,0
validation,11683,0.0027051226,0
validation,11684,0.2708988,0
validation,11685,0.08972271,0
validation,11686,0.1651635,0
validation,11687,0.9998619,1
validation,11688,0.04642855,0
validation,11689,0.99991775,1
validation,11690,0.96637183,1
validation,11691,0.16248961,0
validation,11692,0.16999227,0
validation,11693,0.008580526,0
validation,11694,0.54210305,0
validation,11695,0.67635405,0
validation,11696,0.456733,0
validation,11697,0.5146339,0
validation,11698,0.42945382,0
validation,11699,0.785091,1
validation,11700,0.99879843,1
validation,11701,0.99935746,1
validation,11702,0.9984389,1
validation,11703,0.9977103,1
validation,11704,0.9990744,1
validation,11705,0.9990449,1
validation,11706,0.9990061,1
validation,11707,0.99821776,1
validation,11708,0.97173697,1
validation,11709,0.8328781,1
validation,11710,0.6227654,0
validation,11711,0.2527855,0
validation,11712,0.0038954883,0
validation,11713,0.36784518,0
validation,11714,0.98021144,1
validation,11715,0.55566794,0
validation,11716,0.04895467,0
validation,11717,0.9697393,1
validation,11718,0.9817951,1
validation,11719,0.36555257,1
validation,11720,0.9999283,1
validation,11721,0.99963754,1
validation,11722,0.99954736,1
validation,11723,0.9994808,1
validation,11724,0.9995075,1
validation,11725,0.9997813,1
validation,11726,0.9996633,1
validation,11727,0.99964225,1
validation,11728,0.99955106,1
validation,11729,0.9996522,1
validation,11730,0.9997271,1
validation,11731,0.5655811,0
validation,11732,0.6163404,0
validation,11733,0.16801529,0
validation,11734,0.0025290826,0
validation,11735,0.1107586,0
validation,11736,0.18542051,0
validation,11737,0.0017844797,0
validation,11738,0.0017175666,0
validation,11739,0.6423465,0
validation,11740,0.9698473,1
validation,11741,0.9796968,1
validation,11742,0.3563068,0
validation,11743,0.3073571,0
validation,11744,0.028091254,0
validation,11745,0.05752737,0
validation,11746,0.28027537,0
validation,11747,0.49400795,0
validation,11748,0.16478977,0
validation,11749,0.66733515,1
validation,11750,0.20662838,0
validation,11751,0.014038373,0
validation,11752,0.008334981,0
validation,11753,0.9998914,1
validation,11754,0.0004127009,0
validation,11755,0.48771092,0
validation,11756,0.048956674,0
validation,11757,0.27772686,0
validation,11758,0.7558271,1
validation,11759,0.35812828,0
validation,11760,0.05300504,0
validation,11761,0.0009378501,0
validation,11762,0.0029106175,0
validation,11763,0.0010040964,0
validation,11764,0.2808287,0
validation,11765,0.12479958,0
validation,11766,0.025289597,0
validation,11767,0.46980146,1
validation,11768,0.00030222823,0
validation,11769,0.9373926,1
validation,11770,0.12832674,0
validation,11771,0.037288558,0
validation,11772,0.999967,1
validation,11773,0.27619994,0
validation,11774,0.19665924,0
validation,11775,0.012722683,0
validation,11776,0.9465291,1
validation,11777,6.569904e-05,0
validation,11778,0.009561779,0
validation,11779,0.0449246,0
validation,11780,0.9776047,1
validation,11781,0.06834644,0
validation,11782,0.1737175,0
validation,11783,0.01039912,0
validation,11784,0.97536117,1
validation,11785,0.7088803,0
validation,11786,0.00092722604,0
validation,11787,0.4848235,1
validation,11788,0.21723433,0
validation,11789,0.008043405,0
validation,11790,0.0281482,0
validation,11791,0.00064997294,0
validation,11792,0.00167072,0
validation,11793,0.004019121,0
validation,11794,0.23893172,0
validation,11795,0.12122546,0
validation,11796,0.97103184,1
validation,11797,0.97027916,1
validation,11798,0.24060157,0
validation,11799,0.013896104,0
validation,11800,0.018606992,0
validation,11801,0.012482385,0
validation,11802,0.0046205726,0
validation,11803,0.0016889207,0
validation,11804,0.0051119737,0
validation,11805,0.0016662235,0
validation,11806,0.00083925825,0
validation,11807,0.9366163,1
validation,11808,0.00014321628,0
validation,11809,9.869117e-05,0
validation,11810,0.17615563,0
validation,11811,0.941922,1
validation,11812,0.7051928,1
validation,11813,0.09717111,0
validation,11814,0.0045367945,0
validation,11815,0.0050022183,0
validation,11816,0.29430673,0
validation,11817,0.005856726,0
validation,11818,0.0026683514,0
validation,11819,0.0030507268,0
validation,11820,0.9998676,1
validation,11821,0.9998957,1
validation,11822,0.9999044,1
validation,11823,0.99437666,1
validation,11824,0.29051214,1
validation,11825,0.28625923,1
validation,11826,0.17234252,0
validation,11827,0.008326913,0
validation,11828,0.13847272,0
validation,11829,0.09747312,0
validation,11830,0.94801414,1
validation,11831,0.102560475,0
validation,11832,0.003818972,0
validation,11833,0.58429796,0
validation,11834,0.9506551,1
validation,11835,0.0021046943,0
validation,11836,0.0021034812,0
validation,11837,0.0014766441,0
validation,11838,0.0057543893,0
validation,11839,0.9717095,1
validation,11840,0.024719164,0
validation,11841,0.98172456,1
validation,11842,0.97942996,1
validation,11843,0.01214527,0
validation,11844,0.4682982,0
validation,11845,0.018540619,0
validation,11846,0.9607016,1
validation,11847,0.2954017,0
validation,11848,0.27602458,0
validation,11849,0.425782,0
validation,11850,0.002339281,0
validation,11851,0.003627413,0
validation,11852,0.05949772,0
validation,11853,0.0023169895,0
validation,11854,0.999931,1
validation,11855,0.9999556,1
validation,11856,0.022927765,0
validation,11857,0.56965613,0
validation,11858,0.97101307,1
validation,11859,0.97129315,1
validation,11860,0.96743035,1
validation,11861,0.2507337,0
validation,11862,0.05117832,1
validation,11863,0.2344886,0
validation,11864,0.13532087,0
validation,11865,0.17112428,0
validation,11866,0.24635759,0
validation,11867,0.12493631,0
validation,11868,0.09819998,0
validation,11869,0.00064102776,0
validation,11870,0.0034756511,0
validation,11871,0.18908742,0
validation,11872,0.22019853,0
validation,11873,0.2269923,0
validation,11874,0.11674248,0
validation,11875,0.53080297,0
validation,11876,0.6111484,0
validation,11877,0.014292478,0
validation,11878,0.79087716,0
validation,11879,0.0018188574,0
validation,11880,0.9898806,1
validation,11881,0.21820322,0
validation,11882,0.10856327,0
validation,11883,0.044660963,0
validation,11884,0.08960948,0
validation,11885,0.38719276,0
validation,11886,0.8568681,1
validation,11887,0.00011926159,0
validation,11888,0.9585304,1
validation,11889,0.99994355,1
validation,11890,0.6032935,0
validation,11891,0.0030207483,0
validation,11892,0.0011828932,0
validation,11893,0.17395024,0
validation,11894,0.0013063755,0
validation,11895,0.0034073677,0
validation,11896,0.006417017,0
validation,11897,0.07246781,0
validation,11898,0.111334905,0
validation,11899,0.2911154,0
validation,11900,0.0030120674,0
validation,11901,0.27361014,0
validation,11902,0.0019052796,0
validation,11903,0.00215094,0
validation,11904,0.0116917165,0
validation,11905,0.023613326,0
validation,11906,0.31757078,1
validation,11907,0.023173185,0
validation,11908,0.0008315416,0
validation,11909,0.10429891,0
validation,11910,0.27692032,0
validation,11911,0.0005638757,0
validation,11912,0.0014592475,0
validation,11913,0.3553553,0
validation,11914,0.48937023,0
validation,11915,0.02616228,0
validation,11916,0.07645974,0
validation,11917,0.05506505,0
validation,11918,0.031841993,0
validation,11919,0.10365493,0
validation,11920,0.09670348,0
validation,11921,0.058653288,0
validation,11922,0.09203266,0
validation,11923,0.23079695,0
validation,11924,0.9675579,1
validation,11925,0.98985255,1
validation,11926,0.9776093,1
validation,11927,0.48318377,0
validation,11928,0.15682489,0
validation,11929,0.20297895,0
validation,11930,0.018285537,0
validation,11931,0.143206,0
validation,11932,0.16030751,0
validation,11933,0.9724522,1
validation,11934,0.007756565,0
validation,11935,0.10414088,0
validation,11936,0.09681289,0
validation,11937,0.048980847,0
validation,11938,0.088852696,0
validation,11939,0.512217,1
validation,11940,0.005208271,0
validation,11941,0.4220013,0
validation,11942,0.9771143,1
validation,11943,0.9875772,1
validation,11944,0.00982319,0
validation,11945,0.0028340076,0
validation,11946,0.015518151,0
validation,11947,0.005870758,0
validation,11948,0.20809537,0
validation,11949,0.2320269,0
validation,11950,0.0015089257,0
validation,11951,0.17488332,0
validation,11952,0.011453569,0
validation,11953,0.001184101,0
validation,11954,0.0022696035,0
validation,11955,0.0031481902,0
validation,11956,0.0058738086,0
validation,11957,0.006617038,0
validation,11958,0.0010562943,0
validation,11959,0.00078120345,0
validation,11960,0.00024001136,0
validation,11961,0.973505,1
validation,11962,0.03901426,0
validation,11963,0.0011889627,0
validation,11964,0.95467603,1
validation,11965,0.004043608,0
validation,11966,0.640764,0
validation,11967,0.55801696,0
validation,11968,0.11052088,0
validation,11969,0.001275265,0
validation,11970,0.0009223265,0
validation,11971,0.0011082385,0
validation,11972,0.6222825,0
validation,11973,0.34369096,0
validation,11974,0.7003796,0
validation,11975,0.11653789,0
validation,11976,0.9372798,1
validation,11977,0.981035,1
validation,11978,0.023110302,0
validation,11979,0.09139764,0
validation,11980,0.07303328,0
validation,11981,0.056979604,0
validation,11982,0.9552791,1
validation,11983,0.07027766,0
validation,11984,0.026482308,0
validation,11985,0.97787917,1
validation,11986,0.04045004,0
validation,11987,0.31002352,0
validation,11988,0.3711729,0
validation,11989,0.6800289,1
validation,11990,0.33006752,0
validation,11991,0.75266385,1
validation,11992,0.3665529,0
validation,11993,0.31931219,0
validation,11994,0.088358484,0
validation,11995,0.030434864,0
validation,11996,0.006550327,0
validation,11997,0.9522421,1
validation,11998,0.0018437797,0
validation,11999,0.97875375,1
validation,12000,0.0053398972,0
validation,12001,0.644051,0
validation,12002,0.0017465798,0
validation,12003,0.001278746,0
validation,12004,0.5471817,0
validation,12005,0.23842707,0
validation,12006,0.15171175,0
validation,12007,0.013798711,0
validation,12008,0.40279,0
validation,12009,0.18726887,0
validation,12010,0.005547723,0
validation,12011,0.17850499,0
validation,12012,0.014757226,0
validation,12013,0.19405928,0
validation,12014,0.0010211947,0
validation,12015,0.078609176,0
validation,12016,0.4325332,0
validation,12017,1.1928003e-05,0
validation,12018,0.0085275825,0
validation,12019,0.001331948,0
validation,12020,0.65697765,0
validation,12021,0.07397704,0
validation,12022,0.0038920154,0
validation,12023,0.99992347,1
validation,12024,0.9999197,1
validation,12025,0.9998937,1
validation,12026,0.99994636,1
validation,12027,0.99993736,1
validation,12028,0.9999411,1
validation,12029,0.077532604,0
validation,12030,1.919549e-05,0
validation,12031,0.98144287,1
validation,12032,0.013075767,0
validation,12033,0.008708868,0
validation,12034,0.12602259,0
validation,12035,0.016554613,0
validation,12036,0.03702387,0
validation,12037,0.599885,0
validation,12038,0.13189922,0
validation,12039,0.0009456132,0
validation,12040,0.0012076268,0
validation,12041,0.0036923934,0
validation,12042,0.030640373,0
validation,12043,0.005613254,0
validation,12044,0.15626547,0
validation,12045,0.96241057,1
validation,12046,0.9670838,1
validation,12047,0.061462164,0
validation,12048,0.42781582,0
validation,12049,0.07702672,0
validation,12050,0.7999461,0
validation,12051,0.7521356,0
validation,12052,0.99998266,1
validation,12053,0.99997526,1
validation,12054,0.9999801,1
validation,12055,0.9999815,1
validation,12056,0.9999863,1
validation,12057,0.9999811,1
validation,12058,0.99997467,1
validation,12059,0.99997723,1
validation,12060,0.9999808,1
validation,12061,0.9999773,1
validation,12062,0.9727518,1
validation,12063,0.26125324,0
validation,12064,0.29114148,0
validation,12065,0.00037555152,0
validation,12066,0.9764306,1
validation,12067,0.16094121,0
validation,12068,0.103937484,1
validation,12069,0.17484938,0
validation,12070,0.15062784,0
validation,12071,0.7380773,0
validation,12072,0.39463952,0
validation,12073,0.43719786,0
validation,12074,0.03467617,0
validation,12075,0.19457678,0
validation,12076,0.0012307287,0
validation,12077,0.82843846,0
validation,12078,0.9222201,1
validation,12079,0.95225775,1
validation,12080,0.9311169,1
validation,12081,0.99876225,1
validation,12082,0.99831367,1
validation,12083,0.9985065,1
validation,12084,0.9991611,1
validation,12085,0.01000825,0
validation,12086,0.0092463475,0
validation,12087,0.0040682442,0
validation,12088,0.0047667497,0
validation,12089,0.0016553102,0
validation,12090,0.0031828783,0
validation,12091,0.02889786,0
validation,12092,0.4868512,0
validation,12093,0.3898295,0
validation,12094,0.002187222,0
validation,12095,0.30501282,1
validation,12096,0.62143743,1
validation,12097,0.0007119733,0
validation,12098,0.00082844414,0
validation,12099,0.001999889,0
validation,12100,0.0014439706,0
validation,12101,0.0029104468,0
validation,12102,0.012982502,0
validation,12103,0.0005437556,0
validation,12104,0.48271427,0
validation,12105,0.06770347,1
validation,12106,0.16624895,0
validation,12107,0.00055653264,0
validation,12108,0.00064820127,0
validation,12109,0.004750199,0
validation,12110,0.0041978066,0
validation,12111,0.012617106,0
validation,12112,0.5319748,0
validation,12113,0.013904581,0
validation,12114,0.00061112357,0
validation,12115,0.4392474,0
validation,12116,0.0014728018,0
validation,12117,0.020767327,0
validation,12118,0.9999227,1
validation,12119,0.9999092,1
validation,12120,0.10796878,0
validation,12121,0.0044902726,0
validation,12122,0.4634266,0
validation,12123,0.00081899774,0
validation,12124,0.0030091316,0
validation,12125,0.027090369,0
validation,12126,0.041478954,0
validation,12127,0.3574292,0
validation,12128,0.039527036,0
validation,12129,0.3210872,0
validation,12130,0.43598858,0
validation,12131,0.00774903,0
validation,12132,0.71261096,0
validation,12133,0.2815536,0
validation,12134,0.982958,1
validation,12135,0.0023866338,0
validation,12136,0.002143655,0
validation,12137,0.248122,0
validation,12138,0.4812324,0
validation,12139,0.9999248,1
validation,12140,0.99991536,1
validation,12141,0.9999325,1
validation,12142,0.999897,1
validation,12143,0.9999019,1
validation,12144,0.98917603,1
validation,12145,0.98521256,1
validation,12146,0.9853886,1
validation,12147,0.9825699,1
validation,12148,0.0027290713,0
validation,12149,0.034279164,0
validation,12150,0.47155616,0
validation,12151,0.9635762,1
validation,12152,0.008888342,0
validation,12153,0.2943594,0
validation,12154,0.008588878,0
validation,12155,0.35151967,0
validation,12156,0.32239795,0
validation,12157,0.5098803,0
validation,12158,0.5105996,0
validation,12159,0.00042991788,0
validation,12160,0.0054931613,0
validation,12161,0.10448473,0
validation,12162,0.9607678,1
validation,12163,0.94698983,1
validation,12164,0.96637905,1
validation,12165,0.50691676,0
validation,12166,0.06746623,0
validation,12167,0.0005505764,0
validation,12168,0.0018879737,0
validation,12169,0.0005331335,0
validation,12170,0.29713216,0
validation,12171,0.9825739,1
validation,12172,0.0060458,0
validation,12173,0.97022694,0
validation,12174,0.1379028,0
validation,12175,0.3479288,0
validation,12176,0.09229488,0
validation,12177,0.039670385,0
validation,12178,0.0007159076,0
validation,12179,0.99995065,1
validation,12180,0.9999373,1
validation,12181,0.9998912,1
validation,12182,0.99994415,1
validation,12183,0.999955,1
validation,12184,5.292552e-05,0
validation,12185,0.37579396,0
validation,12186,0.5102806,0
validation,12187,0.0031069682,0
validation,12188,0.003386429,0
validation,12189,0.93894666,1
validation,12190,0.9824379,1
validation,12191,0.95149595,1
validation,12192,0.16301942,0
validation,12193,0.18560298,0
validation,12194,0.058700603,0
validation,12195,0.058112673,0
validation,12196,0.9893542,1
validation,12197,0.048284054,0
validation,12198,4.5800934e-05,0
validation,12199,0.6778958,0
validation,12200,0.2651753,0
validation,12201,0.0013584587,0
validation,12202,0.15261078,0
validation,12203,0.0074238987,0
validation,12204,0.0024917831,0
validation,12205,0.32177496,0
validation,12206,0.39721826,0
validation,12207,0.3058121,0
validation,12208,0.024015306,0
validation,12209,0.0049990793,0
validation,12210,0.002346298,0
validation,12211,0.03526012,0
validation,12212,0.99991614,1
validation,12213,0.99991673,1
validation,12214,0.99988306,1
validation,12215,0.9998611,1
validation,12216,0.9999516,1
validation,12217,0.99990433,1
validation,12218,0.99994445,1
validation,12219,0.0010419273,0
validation,12220,0.03623399,0
validation,12221,0.10678775,0
validation,12222,0.9904873,1
validation,12223,0.99992007,1
validation,12224,0.99987537,1
validation,12225,0.9998762,1
validation,12226,0.99987465,1
validation,12227,0.9999198,1
validation,12228,0.99989307,1
validation,12229,0.9999325,1
validation,12230,0.9999408,1
validation,12231,0.9998928,1
validation,12232,0.9998958,1
validation,12233,0.99992174,1
validation,12234,0.99993294,1
validation,12235,0.9999119,1
validation,12236,0.99993837,1
validation,12237,0.9999113,1
validation,12238,0.9998171,1
validation,12239,0.9998691,1
validation,12240,0.9998661,1
validation,12241,0.9998866,1
validation,12242,0.9999081,1
validation,12243,0.99988997,1
validation,12244,0.046479728,0
validation,12245,0.008730519,0
validation,12246,0.007583275,0
validation,12247,0.14873643,0
validation,12248,0.17472494,0
validation,12249,0.09702092,0
validation,12250,0.4724166,0
validation,12251,0.0035267298,0
validation,12252,0.0015267944,0
validation,12253,0.98814726,1
validation,12254,0.13890876,0
validation,12255,0.036115646,0
validation,12256,0.46360856,0
validation,12257,0.13519898,1
validation,12258,0.28164092,0
validation,12259,0.005352413,0
validation,12260,0.060677107,0
validation,12261,0.7143005,0
validation,12262,0.97598976,1
validation,12263,0.35443687,0
validation,12264,0.60718405,0
validation,12265,0.27246794,0
validation,12266,0.004807715,0
validation,12267,0.19359495,0
validation,12268,0.98586476,1
validation,12269,0.001542089,0
validation,12270,0.00039634804,0
validation,12271,0.076910354,0
validation,12272,0.009864791,0
validation,12273,0.6019626,0
validation,12274,0.5465646,0
validation,12275,0.68678594,0
validation,12276,0.1739485,0
validation,12277,0.52084446,0
validation,12278,0.13560863,0
validation,12279,0.21819568,0
validation,12280,0.005612623,0
validation,12281,0.5422752,0
validation,12282,0.014825562,0
validation,12283,0.67910445,0
validation,12284,0.5566704,0
validation,12285,0.17732988,0
validation,12286,0.70931065,0
validation,12287,0.95532465,1
validation,12288,0.29329255,0
validation,12289,0.67134976,1
validation,12290,0.92012787,1
validation,12291,0.9995345,1
validation,12292,0.9995453,1
validation,12293,0.99958754,1
validation,12294,0.9996759,1
validation,12295,0.9997039,1
validation,12296,0.91605824,1
validation,12297,0.09117579,0
validation,12298,0.74485445,1
validation,12299,0.088011935,0
validation,12300,0.06725894,1
validation,12301,0.0016645215,0
validation,12302,0.41123387,0
validation,12303,0.9657431,1
validation,12304,0.9382232,1
validation,12305,0.59101814,0
validation,12306,0.96918195,1
validation,12307,0.44547558,0
validation,12308,0.7815031,1
validation,12309,0.97065645,1
validation,12310,0.0009469697,0
validation,12311,0.0117696,0
validation,12312,0.19945723,0
validation,12313,0.0003278252,0
validation,12314,0.8505171,0
validation,12315,0.32287794,0
validation,12316,0.001095897,0
validation,12317,0.07997621,0
validation,12318,0.14955679,1
validation,12319,0.49580255,0
validation,12320,0.19967878,0
validation,12321,0.13421023,0
validation,12322,0.050997797,1
validation,12323,0.06957037,0
validation,12324,0.108349435,0
validation,12325,0.0025444059,0
validation,12326,0.0035337058,0
validation,12327,0.5196178,0
validation,12328,0.8306705,0
validation,12329,0.021254499,0
validation,12330,0.00059405854,0
validation,12331,0.057422586,0
validation,12332,0.9655371,1
validation,12333,0.005422184,0
validation,12334,0.30716452,0
validation,12335,0.14508003,0
validation,12336,0.99998504,1
validation,12337,0.9999908,1
validation,12338,0.9999867,1
validation,12339,0.9999914,1
validation,12340,0.999991,1
validation,12341,0.9999786,1
validation,12342,0.007137005,0
validation,12343,0.13560909,0
validation,12344,0.16704878,0
validation,12345,0.13262483,0
validation,12346,0.37445232,0
validation,12347,0.9999646,1
validation,12348,0.9998711,1
validation,12349,0.7318189,0
validation,12350,0.52251744,0
validation,12351,0.30940524,0
validation,12352,0.95838654,1
validation,12353,0.8291606,1
validation,12354,0.12935413,0
validation,12355,0.0027419182,0
validation,12356,0.99446934,1
validation,12357,0.99570906,1
validation,12358,0.0017314809,0
validation,12359,0.06915383,0
validation,12360,0.00468432,0
validation,12361,0.5529766,0
validation,12362,0.0033381882,0
validation,12363,0.0016146422,0
validation,12364,0.001758529,0
validation,12365,0.016990079,0
validation,12366,0.03685482,0
validation,12367,0.001708953,0
validation,12368,0.0005688463,0
validation,12369,0.0015209175,0
validation,12370,0.019473331,0
validation,12371,0.0008499175,0
validation,12372,0.68075395,0
validation,12373,0.19812295,0
validation,12374,0.0015818584,0
validation,12375,0.0028975292,0
validation,12376,0.0012746773,0
validation,12377,0.21270855,0
validation,12378,0.3033894,0
validation,12379,3.2950546e-05,0
validation,12380,0.5612658,0
validation,12381,0.9086121,1
validation,12382,0.4053221,0
validation,12383,1.7434522e-05,0
validation,12384,0.0026943795,0
validation,12385,0.21727182,0
validation,12386,0.0005361074,0
validation,12387,0.16390932,0
validation,12388,0.87269926,1
validation,12389,0.070983335,0
validation,12390,0.065565646,0
validation,12391,0.08981881,0
validation,12392,0.5743518,0
validation,12393,0.037533727,0
validation,12394,0.37471625,0
validation,12395,0.4079718,0
validation,12396,0.2855859,0
validation,12397,0.027707143,0
validation,12398,0.27981755,0
validation,12399,0.34160745,0
validation,12400,0.28283,1
validation,12401,0.46722743,0
validation,12402,0.010996673,0
validation,12403,0.005975715,0
validation,12404,0.13106251,0
validation,12405,0.21679966,0
validation,12406,0.002717122,0
validation,12407,0.11601963,0
validation,12408,0.12369279,0
validation,12409,0.7189683,1
validation,12410,0.0033691425,0
validation,12411,0.0017840364,0
validation,12412,0.0020569123,0
validation,12413,0.0003398434,0
validation,12414,0.9999419,1
validation,12415,0.9999427,1
validation,12416,0.9999424,1
validation,12417,0.9999336,1
validation,12418,0.99943626,1
validation,12419,0.9993535,1
validation,12420,0.7795938,1
validation,12421,0.999788,1
validation,12422,0.999883,1
validation,12423,0.4488864,0
validation,12424,0.08868154,0
validation,12425,0.99998784,1
validation,12426,0.9999867,1
validation,12427,0.9999845,1
validation,12428,0.99999195,1
validation,12429,0.9999848,1
validation,12430,0.07797234,0
validation,12431,0.32057247,0
validation,12432,0.36104095,0
validation,12433,0.99995756,1
validation,12434,0.99990547,1
validation,12435,0.99991965,1
validation,12436,0.9998809,1
validation,12437,0.8838287,1
validation,12438,0.01002533,0
validation,12439,0.43589285,0
validation,12440,0.99989635,1
validation,12441,0.99987787,1
validation,12442,0.99985516,1
validation,12443,0.99983615,1
validation,12444,0.99988836,1
validation,12445,0.99986994,1
validation,12446,0.9998661,1
validation,12447,0.99988925,1
validation,12448,0.99988073,1
validation,12449,0.999834,1
validation,12450,0.99991024,1
validation,12451,0.9998217,1
validation,12452,0.9999131,1
validation,12453,0.99990016,1
validation,12454,0.9999272,1
validation,12455,0.9999125,1
validation,12456,0.99992394,1
validation,12457,0.9998783,1
validation,12458,0.99992126,1
validation,12459,0.99979967,1
validation,12460,0.9998134,1
validation,12461,0.9999105,1
validation,12462,0.9999482,1
validation,12463,0.99987614,1
validation,12464,0.9999325,1
validation,12465,0.9999142,1
validation,12466,0.9999367,1
validation,12467,0.9999164,1
validation,12468,0.99993,1
validation,12469,0.99987215,1
validation,12470,0.99993175,1
validation,12471,0.99995005,1
validation,12472,0.9998552,1
validation,12473,0.9998423,1
validation,12474,0.9999039,1
validation,12475,0.9998488,1
validation,12476,0.99997514,1
validation,12477,0.99998254,1
validation,12478,0.99996936,1
validation,12479,0.99997324,1
validation,12480,0.9999698,1
validation,12481,0.9999706,1
validation,12482,0.9999707,1
validation,12483,0.99998266,1
validation,12484,0.99998164,1
validation,12485,0.9999881,1
validation,12486,0.99998546,1
validation,12487,0.99998695,1
validation,12488,0.9999706,1
validation,12489,0.99997723,1
validation,12490,0.9999801,1
validation,12491,0.9999776,1
validation,12492,0.9999885,1
validation,12493,0.99994755,1
validation,12494,0.99993724,1
validation,12495,0.99994767,1
validation,12496,0.9999547,1
validation,12497,0.9999576,1
validation,12498,0.99996275,1
validation,12499,0.9999592,1
validation,12500,0.9999465,1
validation,12501,0.9999287,1
validation,12502,0.0067887288,0
validation,12503,0.5112835,0
validation,12504,0.41210124,0
validation,12505,0.11745976,0
validation,12506,0.1727634,0
validation,12507,0.053373612,0
validation,12508,0.78658205,1
validation,12509,0.32750055,0
validation,12510,0.89922917,1
validation,12511,0.058633305,0
validation,12512,0.97142863,1
validation,12513,0.97251046,1
validation,12514,0.96590894,1
validation,12515,0.97339004,1
validation,12516,0.97169113,1
validation,12517,0.9782659,1
validation,12518,0.94873136,1
validation,12519,0.9701957,1
validation,12520,0.9648466,1
validation,12521,0.9724196,1
validation,12522,0.9662217,1
validation,12523,0.9999413,1
validation,12524,0.99992836,1
validation,12525,0.9999677,1
validation,12526,0.9799635,1
validation,12527,0.99998134,1
validation,12528,0.99996454,1
validation,12529,0.22124371,0
validation,12530,0.12275385,0
validation,12531,0.027440501,0
validation,12532,0.28933126,0
validation,12533,0.4199279,0
validation,12534,0.004676475,0
validation,12535,0.045451876,0
validation,12536,0.092646055,0
validation,12537,0.0014618074,0
validation,12538,0.2939448,1
validation,12539,0.965763,1
validation,12540,0.9568969,1
validation,12541,0.99983525,1
validation,12542,0.9998489,1
validation,12543,0.9998332,1
validation,12544,0.9997951,1
validation,12545,0.99988174,1
validation,12546,0.99983585,1
validation,12547,0.99980134,1
validation,12548,0.99981695,1
validation,12549,0.99982595,1
validation,12550,0.99987376,1
validation,12551,0.99987876,1
validation,12552,0.99990106,1
validation,12553,0.99992967,1
validation,12554,0.00022702193,0
validation,12555,0.53970206,0
validation,12556,0.006719862,0
validation,12557,0.24743207,0
validation,12558,0.0076140445,0
validation,12559,0.053882208,0
validation,12560,0.009945697,0
validation,12561,0.61673564,1
validation,12562,0.5519036,1
validation,12563,0.001218974,0
validation,12564,0.032242093,0
validation,12565,0.02875999,0
validation,12566,0.0042600525,0
validation,12567,0.0012383874,0
validation,12568,0.0020249672,0
validation,12569,0.004485829,0
validation,12570,0.004775607,0
validation,12571,0.45181894,0
validation,12572,0.00919339,0
validation,12573,0.015897378,0
validation,12574,0.3503891,0
validation,12575,0.13822086,0
validation,12576,0.6602368,0
validation,12577,0.009825175,0
validation,12578,0.056779623,0
validation,12579,0.40255046,0
validation,12580,0.000116090465,0
validation,12581,0.8891179,0
validation,12582,0.0031516114,0
validation,12583,0.0019147415,0
validation,12584,0.49130055,0
validation,12585,0.8187293,0
validation,12586,0.0007284579,0
validation,12587,0.98384845,1
validation,12588,0.006370373,0
validation,12589,0.007739122,0
validation,12590,0.0025864944,0
validation,12591,0.9026655,0
validation,12592,0.3859265,0
validation,12593,0.5391817,0
validation,12594,0.26754496,0
validation,12595,0.37639055,0
validation,12596,0.044771902,0
validation,12597,0.08484058,0
validation,12598,0.001054982,0
validation,12599,0.0006388681,0
validation,12600,0.24782394,0
validation,12601,0.4999744,0
validation,12602,0.7015398,0
validation,12603,0.11919771,0
validation,12604,0.43067822,0
validation,12605,0.45601803,0
validation,12606,0.13286471,0
validation,12607,0.09594748,0
validation,12608,0.00538829,0
validation,12609,0.999893,1
validation,12610,0.99996805,1
validation,12611,0.99997354,1
validation,12612,0.9999864,1
validation,12613,0.99998295,1
validation,12614,0.999989,1
validation,12615,0.9999815,1
validation,12616,0.9999821,1
validation,12617,0.99998814,1
validation,12618,0.99998707,1
validation,12619,0.99996996,1
validation,12620,0.99998593,1
validation,12621,0.9999795,1
validation,12622,0.9999786,1
validation,12623,0.9999815,1
validation,12624,0.9999765,1
validation,12625,0.9999828,1
validation,12626,0.9999907,1
validation,12627,0.99998045,1
validation,12628,0.9999803,1
validation,12629,0.9999873,1
validation,12630,0.99998605,1
validation,12631,0.9999818,1
validation,12632,0.9999824,1
validation,12633,0.99997705,1
validation,12634,0.39008993,0
validation,12635,0.9996736,1
validation,12636,0.99967396,1
validation,12637,0.99954104,1
validation,12638,0.9994506,1
validation,12639,0.9996382,1
validation,12640,0.9837841,1
validation,12641,0.9899851,1
validation,12642,0.9835064,1
validation,12643,0.17526592,0
validation,12644,0.032318663,0
validation,12645,0.14248091,0
validation,12646,0.044927154,0
validation,12647,0.004302589,0
validation,12648,0.012586056,0
validation,12649,0.008656879,0
validation,12650,0.78290594,0
validation,12651,0.003061169,0
validation,12652,0.26437214,0
validation,12653,0.0007810277,0
validation,12654,0.0020155597,0
validation,12655,0.09050831,0
validation,12656,0.0012622747,0
validation,12657,0.07175888,0
validation,12658,0.0017111525,0
validation,12659,0.09838441,0
validation,12660,0.112663485,0
validation,12661,0.00036006025,0
validation,12662,0.7998451,0
validation,12663,0.98746353,1
validation,12664,0.0020368241,0
validation,12665,0.0022302095,0
validation,12666,0.0011972933,0
validation,12667,0.0049227164,0
validation,12668,0.0022427312,0
validation,12669,0.00093200436,0
validation,12670,5.204613e-05,0
validation,12671,0.1997988,0
validation,12672,0.22429739,0
validation,12673,0.501552,0
validation,12674,0.2100783,0
validation,12675,0.16750936,0
validation,12676,0.401366,0
validation,12677,0.666646,0
validation,12678,0.46941584,0
validation,12679,0.41798526,0
validation,12680,0.04790527,0
validation,12681,0.0005136957,0
validation,12682,0.0027066115,0
validation,12683,0.00016553262,0
validation,12684,0.002393347,0
validation,12685,0.057908434,0
validation,12686,0.5322296,0
validation,12687,0.008269387,0
validation,12688,0.07507357,0
validation,12689,0.33588,0
validation,12690,0.33909506,0
validation,12691,0.84527946,0
validation,12692,0.6654052,0
validation,12693,0.5388007,0
validation,12694,0.0015132395,0
validation,12695,0.04377402,0
validation,12696,0.040155582,0
validation,12697,0.18166444,0
validation,12698,0.2172288,0
validation,12699,0.45180777,0
validation,12700,0.033039514,0
validation,12701,0.29092336,0
validation,12702,0.10081268,0
validation,12703,0.096448004,0
validation,12704,0.019076647,0
validation,12705,0.32283986,0
validation,12706,0.28333968,0
validation,12707,0.15389135,0
validation,12708,0.19101502,0
validation,12709,0.011363467,0
validation,12710,0.0026425768,0
validation,12711,0.342296,0
validation,12712,0.0031530424,0
validation,12713,0.0018809475,0
validation,12714,0.48416507,0
validation,12715,0.53658295,0
validation,12716,0.1948438,0
validation,12717,0.7688017,0
validation,12718,0.71173346,0
validation,12719,0.0070528737,0
validation,12720,0.015516026,0
validation,12721,0.12561627,0
validation,12722,0.008306232,0
validation,12723,0.012928307,0
validation,12724,0.06489497,0
validation,12725,0.50089896,0
validation,12726,0.6776581,0
validation,12727,0.24501635,0
validation,12728,0.10709362,0
validation,12729,0.27758846,0
validation,12730,0.0016035463,0
validation,12731,0.0023002164,0
validation,12732,0.31578696,0
validation,12733,0.19527633,0
validation,12734,0.13290502,0
validation,12735,0.18269469,0
validation,12736,0.007055281,0
validation,12737,0.71613824,0
validation,12738,0.0037055907,0
validation,12739,0.07374641,0
validation,12740,0.032331232,0
validation,12741,0.003476644,0
validation,12742,0.5990016,0
validation,12743,0.18851376,0
validation,12744,0.48386583,0
validation,12745,0.06309765,0
validation,12746,0.26010695,0
validation,12747,0.0021987914,0
validation,12748,0.02465001,0
validation,12749,0.008081562,0
validation,12750,0.050651614,0
validation,12751,0.0020646113,0
validation,12752,0.0071640364,0
validation,12753,0.34414908,0
validation,12754,0.00014071177,0
validation,12755,0.0004007551,0
validation,12756,0.005452716,0
validation,12757,0.0012020173,0
validation,12758,0.40196505,0
validation,12759,0.32661322,0
validation,12760,0.31176722,0
validation,12761,0.43682972,0
validation,12762,0.41772228,0
validation,12763,0.353193,0
validation,12764,0.00026777238,0
validation,12765,0.16049331,0
validation,12766,0.08639783,0
validation,12767,0.0030669807,0
validation,12768,0.00027910445,0
validation,12769,0.06452891,0
validation,12770,0.00031995677,0
validation,12771,0.6038768,0
validation,12772,0.5990046,0
validation,12773,0.023334341,0
validation,12774,0.06208968,0
validation,12775,0.44863302,0
validation,12776,0.2903503,0
validation,12777,0.30318788,0
validation,12778,0.3885228,0
validation,12779,0.014448654,0
validation,12780,0.0031498412,0
validation,12781,0.76883054,0
validation,12782,0.5668322,0
validation,12783,0.0007125364,0
validation,12784,0.55296445,0
validation,12785,0.13119821,0
validation,12786,0.8709521,0
validation,12787,0.005250029,0
validation,12788,0.31839317,0
validation,12789,0.15438318,0
validation,12790,0.41316566,0
validation,12791,0.023671325,0
validation,12792,0.0009447856,0
validation,12793,0.7586841,0
validation,12794,0.003992138,0
validation,12795,0.015491599,0
validation,12796,0.55496573,0
validation,12797,0.37399444,0
validation,12798,0.4346165,0
validation,12799,0.0014434659,0
validation,12800,0.41044176,0
validation,12801,0.6795211,0
validation,12802,0.42460012,0
validation,12803,0.0030680425,0
validation,12804,0.41477194,0
validation,12805,0.07591324,0
validation,12806,0.2765103,0
validation,12807,0.30959868,0
validation,12808,0.06950432,0
validation,12809,0.20477904,0
validation,12810,0.0030325917,0
validation,12811,0.00096310774,0
validation,12812,0.0050354404,0
validation,12813,0.08293748,0
validation,12814,0.377071,0
validation,12815,0.48378068,0
validation,12816,0.018705856,0
validation,12817,0.25531545,1
validation,12818,0.72792375,0
validation,12819,0.096828796,0
validation,12820,0.13647906,0
validation,12821,0.8498243,0
validation,12822,0.0009994289,0
validation,12823,0.191965,0
validation,12824,0.36842117,0
validation,12825,0.21233907,0
validation,12826,0.3571267,0
validation,12827,0.13435999,0
validation,12828,0.22144262,0
validation,12829,0.16550833,0
validation,12830,0.19650485,0
validation,12831,0.13776296,0
validation,12832,0.3509513,0
validation,12833,0.45531365,0
validation,12834,0.34933105,0
validation,12835,0.2833461,0
validation,12836,0.26498935,0
validation,12837,0.24588768,0
validation,12838,0.42382166,0
validation,12839,0.28763434,0
validation,12840,0.502684,0
validation,12841,0.6913284,0
validation,12842,0.12892182,0
validation,12843,0.5750257,0
validation,12844,0.027421407,0
validation,12845,0.15099117,0
validation,12846,0.5541921,0
validation,12847,0.32366756,0
validation,12848,0.0029046976,0
validation,12849,0.59633625,0
validation,12850,0.2742099,0
validation,12851,0.0003891245,0
validation,12852,0.5680858,0
validation,12853,0.52060866,0
validation,12854,0.18342376,0
validation,12855,0.7288244,0
validation,12856,0.4572335,0
validation,12857,0.5396385,0
validation,12858,0.23642722,0
validation,12859,0.0016615116,0
validation,12860,0.18165527,0
validation,12861,0.44977865,0
validation,12862,0.0027796533,0
validation,12863,0.15343192,0
validation,12864,0.19511685,0
validation,12865,0.75456643,0
validation,12866,0.105077915,0
validation,12867,0.34957334,0
validation,12868,0.14745693,0
validation,12869,0.0004472913,0
validation,12870,0.0002692334,0
validation,12871,0.16206819,0
validation,12872,0.004659986,0
validation,12873,0.26692328,0
validation,12874,0.31849694,0
validation,12875,0.22160433,0
validation,12876,0.0071788016,0
validation,12877,0.00046816564,0
validation,12878,0.00011325511,0
validation,12879,0.23809351,0
validation,12880,0.0014170835,0
validation,12881,0.13537773,0
validation,12882,0.19225463,0
validation,12883,0.0018601215,0
validation,12884,0.21763739,0
validation,12885,0.1032877,0
validation,12886,0.07799707,0
validation,12887,0.24147499,0
validation,12888,0.08269955,0
validation,12889,0.48752686,0
validation,12890,0.0045759073,0
validation,12891,0.31863418,1
validation,12892,0.21836597,0
validation,12893,0.002603765,0
validation,12894,0.11906093,0
validation,12895,0.7680863,0
validation,12896,0.28946158,0
validation,12897,0.49008322,0
validation,12898,0.002101514,0
validation,12899,0.35521385,0
validation,12900,0.002635028,0
validation,12901,0.0026549252,0
validation,12902,0.047916472,0
validation,12903,0.13588254,0
validation,12904,0.1476077,0
validation,12905,0.09966427,0
validation,12906,0.0010466729,0
validation,12907,0.40258855,0
validation,12908,0.1464621,0
validation,12909,0.3218106,0
validation,12910,0.7233007,0
validation,12911,0.001016841,0
validation,12912,0.0022886351,0
validation,12913,0.12953748,0
validation,12914,0.0015464709,0
validation,12915,0.003018252,0
validation,12916,0.15003176,0
validation,12917,0.004812963,0
validation,12918,0.20066608,0
validation,12919,0.3419924,0
validation,12920,0.4090072,0
validation,12921,0.2132814,0
validation,12922,0.0014133138,0
validation,12923,0.005970103,0
validation,12924,0.58541393,0
validation,12925,0.5613687,0
validation,12926,0.03397395,0
validation,12927,0.064661674,0
validation,12928,0.23369133,0
validation,12929,0.22534542,0
validation,12930,0.021315426,0
validation,12931,0.55265206,0
validation,12932,0.008915507,0
validation,12933,0.16329423,0
validation,12934,0.184048,0
validation,12935,0.20923245,0
validation,12936,0.6242194,0
validation,12937,0.27874064,0
validation,12938,0.011244784,0
validation,12939,0.013907904,0
validation,12940,0.38255945,0
validation,12941,0.12519361,0
validation,12942,0.0004810959,0
validation,12943,0.58270186,0
validation,12944,0.00077342655,0
validation,12945,0.13729882,0
validation,12946,0.000610946,0
validation,12947,0.00058977597,0
validation,12948,0.0036972943,0
validation,12949,0.0026612305,0
validation,12950,0.0005167863,0
validation,12951,0.01976825,0
validation,12952,0.0007443889,0
validation,12953,0.005903498,0
validation,12954,0.5123426,0
validation,12955,0.0033143389,0
validation,12956,0.47950074,0
validation,12957,0.111796945,0
validation,12958,0.4791026,0
validation,12959,0.41341212,0
validation,12960,0.022042397,0
validation,12961,0.71461076,0
validation,12962,0.07958522,0
validation,12963,0.08059094,0
validation,12964,0.010813103,0
validation,12965,0.3878145,0
validation,12966,0.014789924,0
validation,12967,0.14401318,0
validation,12968,0.27105322,0
validation,12969,0.0026463985,0
validation,12970,0.76635474,0
validation,12971,0.10424574,0
validation,12972,0.08293077,0
validation,12973,0.14852057,0
validation,12974,0.0003782465,0
validation,12975,0.014493782,0
validation,12976,0.043096367,0
validation,12977,0.00867052,0
validation,12978,0.001992908,0
validation,12979,0.018762795,0
validation,12980,0.12683554,0
validation,12981,0.09960461,0
validation,12982,0.003969824,0
validation,12983,0.00040274908,0
validation,12984,0.0013876251,0
validation,12985,0.7241756,0
validation,12986,0.13933907,0
validation,12987,0.65278906,0
validation,12988,0.8050076,0
validation,12989,0.54377073,0
validation,12990,0.04058532,0
validation,12991,0.05503215,0
validation,12992,0.34010774,0
validation,12993,0.5314556,0
validation,12994,0.0009635832,0
validation,12995,0.6294167,0
validation,12996,0.33517554,0
validation,12997,0.17640284,0
validation,12998,0.099441744,0
validation,12999,0.0062118685,0
validation,13000,0.108745724,0
validation,13001,0.29399395,0
validation,13002,0.12871425,0
validation,13003,0.030542165,0
validation,13004,0.36447838,0
validation,13005,0.038596775,0
validation,13006,0.006958205,0
validation,13007,0.94957054,0
validation,13008,0.450312,0
validation,13009,0.11653509,0
validation,13010,0.015920326,0
validation,13011,0.14201729,0
validation,13012,0.002016644,0
validation,13013,0.24613693,0
validation,13014,0.17274435,0
validation,13015,0.21452089,0
validation,13016,0.105062395,0
validation,13017,0.71564347,0
validation,13018,0.012820665,0
validation,13019,0.5637485,0
validation,13020,0.16341215,0
validation,13021,0.73969424,0
validation,13022,0.0003344616,0
validation,13023,0.583532,0
validation,13024,0.002501108,0
validation,13025,0.3081283,0
validation,13026,0.0003381156,0
validation,13027,0.001375061,0
validation,13028,0.0013556618,0
validation,13029,0.19279741,0
validation,13030,0.0024685573,0
validation,13031,0.46799943,0
validation,13032,0.2965003,0
validation,13033,0.00042263273,0
validation,13034,0.00038641982,0
validation,13035,0.24243525,0
validation,13036,0.0038308986,0
validation,13037,0.0032307103,0
validation,13038,0.17900467,0
validation,13039,0.39486346,0
validation,13040,0.039164998,0
validation,13041,0.006221929,0
validation,13042,0.67472047,0
validation,13043,0.37497455,0
validation,13044,0.5546572,0
validation,13045,0.8776872,0
validation,13046,0.0019185051,0
validation,13047,0.4391806,0
validation,13048,0.5552177,0
validation,13049,0.18352519,0
validation,13050,0.10705854,0
validation,13051,0.090643786,0
validation,13052,0.00065443316,0
validation,13053,0.22986731,0
validation,13054,0.02517122,0
validation,13055,0.0058955555,0
validation,13056,0.031124828,0
validation,13057,0.0087661175,0
validation,13058,0.08580541,0
validation,13059,0.000850945,0
validation,13060,0.0005367709,0
validation,13061,0.036861803,0
validation,13062,0.0008329826,0
validation,13063,0.008555382,0
validation,13064,0.44758937,0
validation,13065,0.23679933,0
validation,13066,0.0011393151,0
validation,13067,0.8978366,0
validation,13068,0.0032388403,0
validation,13069,0.0016109538,0
validation,13070,0.49714324,0
validation,13071,0.003056814,0
validation,13072,0.43629792,0
validation,13073,0.039560825,0
validation,13074,0.33022505,0
validation,13075,0.00874662,0
validation,13076,0.002638311,0
validation,13077,0.009293205,0
validation,13078,0.10324845,0
validation,13079,0.11451276,0
validation,13080,0.26312053,0
validation,13081,0.35297662,0
validation,13082,0.18261935,0
validation,13083,0.31373173,0
validation,13084,0.36945912,0
validation,13085,0.35058644,0
validation,13086,0.29433787,0
validation,13087,0.079587065,0
validation,13088,0.14179303,1
validation,13089,0.31989396,0
validation,13090,0.18318444,0
validation,13091,0.28466138,0
validation,13092,0.63807356,0
validation,13093,0.011339771,0
validation,13094,0.021686686,0
validation,13095,0.33782023,0
validation,13096,0.27736714,0
validation,13097,0.024411082,0
validation,13098,0.003566248,0
validation,13099,0.35757938,0
validation,13100,0.41708645,0
validation,13101,0.08021837,0
validation,13102,0.0597572,0
validation,13103,0.547127,0
validation,13104,0.5751865,0
validation,13105,0.5041021,0
validation,13106,0.21710232,0
validation,13107,0.36154097,0
validation,13108,0.27330202,0
validation,13109,0.35006684,0
validation,13110,0.01055752,0
validation,13111,0.178589,0
validation,13112,0.07834383,0
validation,13113,0.00042922888,0
validation,13114,0.0009319036,0
validation,13115,0.0052489215,0
validation,13116,0.0018313637,0
validation,13117,0.25129637,0
validation,13118,0.17244829,0
validation,13119,0.0006915151,0
validation,13120,0.7919753,0
validation,13121,0.0337154,0
validation,13122,0.4683372,0
validation,13123,0.20443305,0
validation,13124,0.6405386,0
validation,13125,0.05336529,0
validation,13126,0.04074759,0
validation,13127,2.1065041e-05,0
validation,13128,0.0020426472,0
validation,13129,0.65327215,0
validation,13130,0.0052803373,0
validation,13131,0.43359944,0
validation,13132,0.0020696819,0
validation,13133,0.036438722,0
validation,13134,0.0062424066,0
validation,13135,0.07094233,0
validation,13136,0.00030374853,0
validation,13137,0.23359466,0
validation,13138,0.3395037,1
validation,13139,0.08889758,0
validation,13140,0.06095992,0
validation,13141,0.0008417575,0
validation,13142,0.065217055,0
validation,13143,0.20169918,0
validation,13144,0.00603826,0
validation,13145,0.041137353,0
validation,13146,0.0006246457,0
validation,13147,0.13524899,0
validation,13148,0.0072423504,0
validation,13149,0.20936131,0
validation,13150,0.24628365,0
validation,13151,0.15016842,0
validation,13152,0.0019401356,0
validation,13153,0.12288831,0
validation,13154,0.00192692,0
validation,13155,0.00065556925,0
validation,13156,0.4262133,0
validation,13157,0.55668354,0
validation,13158,0.3231076,0
validation,13159,0.48704872,0
validation,13160,0.48626763,0
validation,13161,0.13334805,0
validation,13162,0.001145001,0
validation,13163,0.47642195,0
validation,13164,0.28774455,0
validation,13165,0.03871809,0
validation,13166,0.0031015405,0
validation,13167,0.0067865364,0
validation,13168,0.43174857,0
validation,13169,0.1461583,0
validation,13170,0.24899033,0
validation,13171,0.25059217,0
validation,13172,0.6952226,0
validation,13173,0.0041389614,0
validation,13174,0.008307202,0
validation,13175,0.014533004,0
validation,13176,0.0018052824,0
validation,13177,0.0012381031,0
validation,13178,0.0022890125,0
validation,13179,0.54615843,0
validation,13180,0.14852618,0
validation,13181,0.012759884,0
validation,13182,0.005061154,0
validation,13183,0.7921204,0
validation,13184,0.008675944,0
validation,13185,0.32773045,0
validation,13186,5.602681e-05,0
validation,13187,0.003850492,0
validation,13188,0.1485161,0
validation,13189,0.4434611,0
validation,13190,0.40304157,0
validation,13191,0.34994718,0
validation,13192,0.12614475,0
validation,13193,0.0015520164,0
validation,13194,0.44451797,0
validation,13195,0.074020706,0
validation,13196,0.33936146,0
validation,13197,0.09673805,0
validation,13198,0.21641657,0
validation,13199,0.1268425,0
validation,13200,0.24588558,1
validation,13201,0.0009183157,0
validation,13202,0.0019642098,0
validation,13203,0.12887353,0
validation,13204,0.082185395,0
validation,13205,0.0033749212,0
validation,13206,0.39604014,0
validation,13207,0.52014923,0
validation,13208,0.14576678,0
validation,13209,0.27824938,0
validation,13210,0.069219574,0
validation,13211,0.50798005,0
validation,13212,0.5242146,0
validation,13213,0.32166922,0
validation,13214,0.12108206,0
validation,13215,0.67109364,0
validation,13216,0.6279052,0
validation,13217,0.45569396,0
validation,13218,0.0030004294,0
validation,13219,0.51098716,0
validation,13220,0.07197408,0
validation,13221,0.0018808928,0
validation,13222,0.0028399553,0
validation,13223,0.0016629128,0
validation,13224,0.00011322024,0
validation,13225,0.008463242,0
validation,13226,0.002264477,0
validation,13227,0.5450771,0
validation,13228,0.49196,0
validation,13229,0.059250053,0
validation,13230,0.07962292,0
validation,13231,0.3304689,0
validation,13232,0.36840993,0
validation,13233,0.02688941,0
validation,13234,0.48126742,0
validation,13235,0.35086876,0
validation,13236,0.80805767,0
validation,13237,0.40134126,0
validation,13238,0.0011102166,0
validation,13239,0.10693632,0
validation,13240,0.001097574,0
validation,13241,0.4002794,0
validation,13242,0.24351966,0
validation,13243,0.0014117333,0
validation,13244,0.00062299665,0
validation,13245,0.05355707,0
validation,13246,0.43472874,0
validation,13247,0.010514436,0
validation,13248,0.0004992187,0
validation,13249,0.086442195,0
validation,13250,0.82597816,0
validation,13251,0.0067267534,0
validation,13252,0.0022435454,0
validation,13253,0.6342114,0
validation,13254,0.00039313704,0
validation,13255,0.044906493,0
validation,13256,0.006215735,0
validation,13257,0.54230666,0
validation,13258,0.5698457,0
validation,13259,0.049357854,0
validation,13260,0.51993865,0
validation,13261,0.6193923,0
validation,13262,0.42728266,0
validation,13263,0.10064073,0
validation,13264,0.46654576,0
validation,13265,0.048554208,0
validation,13266,0.3438142,0
validation,13267,0.49809048,0
validation,13268,0.46932295,0
validation,13269,0.04589265,0
validation,13270,0.49731198,0
validation,13271,0.08959261,0
validation,13272,0.043547705,0
validation,13273,0.027531803,0
validation,13274,0.34367576,0
validation,13275,0.080786765,0
validation,13276,0.052320484,0
validation,13277,0.19761886,0
validation,13278,0.011823596,0
validation,13279,0.489353,0
validation,13280,0.7213607,0
validation,13281,0.52012706,0
validation,13282,0.25306436,0
validation,13283,0.6309666,0
validation,13284,0.011930701,0
validation,13285,0.16902566,0
validation,13286,0.46295238,0
validation,13287,0.35525963,0
validation,13288,0.19190231,0
validation,13289,7.753479e-05,0
validation,13290,0.039749492,0
validation,13291,0.011772162,0
validation,13292,0.48252445,0
validation,13293,0.5757823,0
validation,13294,0.67909294,0
validation,13295,0.52321374,0
validation,13296,0.0008374841,0
validation,13297,0.0147958435,0
validation,13298,0.108769156,0
validation,13299,0.8321483,0
validation,13300,0.18605407,0
validation,13301,0.0063401232,0
validation,13302,0.18308285,0
validation,13303,0.5040079,0
validation,13304,0.7563615,0
validation,13305,7.503696e-05,0
validation,13306,0.14083573,0
validation,13307,0.0726625,0
validation,13308,0.13920237,0
validation,13309,0.0013273706,0
validation,13310,0.075134344,0
validation,13311,0.5532234,0
validation,13312,0.604421,0
validation,13313,0.5213981,0
validation,13314,0.0032051315,0
validation,13315,0.081666686,0
validation,13316,0.16490655,0
validation,13317,0.11687669,0
validation,13318,0.0015852985,0
validation,13319,0.009223016,0
validation,13320,0.0019849287,0
validation,13321,0.0077407123,0
validation,13322,0.0068746847,0
validation,13323,0.4021751,0
validation,13324,0.42093953,0
validation,13325,0.43405187,0
validation,13326,0.7388221,0
validation,13327,4.3657117e-05,0
validation,13328,0.5000043,0
validation,13329,0.055832844,0
validation,13330,0.38094673,0
validation,13331,0.0009632886,0
validation,13332,0.2033673,0
validation,13333,0.010411086,0
validation,13334,0.3159457,0
validation,13335,0.25141463,0
validation,13336,0.37940684,0
validation,13337,0.47251514,0
validation,13338,0.107626036,0
validation,13339,0.469795,0
validation,13340,0.1007984,0
validation,13341,0.012326762,0
validation,13342,0.0030237671,0
validation,13343,0.08088285,0
validation,13344,0.02268786,0
validation,13345,0.08547337,0
validation,13346,0.019026704,0
validation,13347,0.8028002,0
validation,13348,0.3257575,0
validation,13349,0.34807754,0
validation,13350,0.61267614,0
validation,13351,0.69424236,0
validation,13352,0.16073486,0
validation,13353,0.19342598,0
validation,13354,0.023957027,0
validation,13355,0.033434965,0
validation,13356,0.045938645,0
validation,13357,0.15887165,0
validation,13358,0.117557906,0
validation,13359,0.005251491,0
validation,13360,0.0009479275,0
validation,13361,0.42655417,0
validation,13362,0.42039904,0
validation,13363,0.34653053,0
validation,13364,0.14823048,0
validation,13365,0.90040886,0
validation,13366,0.17796235,0
validation,13367,0.068172395,0
validation,13368,0.0018255432,0
validation,13369,0.51416576,0
validation,13370,0.012536824,0
validation,13371,0.0009011256,0
validation,13372,0.4484855,0
validation,13373,0.4276927,0
validation,13374,0.24826697,0
validation,13375,0.38561505,0
validation,13376,0.009012432,0
validation,13377,0.39094797,0
validation,13378,0.5444721,0
validation,13379,0.38212243,0
validation,13380,0.32818127,0
validation,13381,0.5003151,0
validation,13382,0.005808411,0
validation,13383,0.40778404,0
validation,13384,0.078723654,0
validation,13385,0.000927491,0
validation,13386,0.099279314,0
validation,13387,0.24790123,0
validation,13388,0.15645237,0
validation,13389,0.8168367,0
validation,13390,0.036529556,0
validation,13391,0.013008343,0
validation,13392,0.0045907986,0
validation,13393,0.00059123535,0
validation,13394,0.2673433,0
validation,13395,0.45645997,0
validation,13396,0.0006082229,0
validation,13397,0.8751893,0
validation,13398,0.30833352,0
validation,13399,0.5744551,0
validation,13400,0.023281125,0
validation,13401,0.018867569,0
validation,13402,0.14075537,0
validation,13403,0.20279159,0
validation,13404,0.03638452,0
validation,13405,0.2574806,0
validation,13406,0.01907088,0
validation,13407,0.24989724,0
validation,13408,0.096033014,0
validation,13409,0.06872392,0
validation,13410,0.17898117,0
validation,13411,0.55419207,0
validation,13412,0.31552264,0
validation,13413,0.53985083,0
validation,13414,0.2035522,0
validation,13415,0.0016749013,0
validation,13416,0.008821058,0
validation,13417,0.00040710386,0
validation,13418,0.004526598,0
validation,13419,0.0012280003,0
validation,13420,0.0002250414,0
validation,13421,0.0028168773,0
validation,13422,0.00022953516,0
validation,13423,0.00020088059,0
validation,13424,0.00037040308,0
validation,13425,0.039627027,0
validation,13426,0.56228864,0
validation,13427,0.0011294892,0
validation,13428,0.00096673315,0
validation,13429,0.17009881,0
validation,13430,0.23069188,0
validation,13431,0.16968188,1
validation,13432,0.29246852,0
validation,13433,0.2976449,0
validation,13434,0.3495131,0
validation,13435,0.0003658941,0
validation,13436,0.17739281,0
validation,13437,0.005014056,0
validation,13438,0.55479634,0
validation,13439,0.310574,0
validation,13440,0.009515809,0
validation,13441,0.38032654,0
validation,13442,0.0015657314,0
validation,13443,0.15069948,0
validation,13444,0.8996102,1
validation,13445,0.005180962,0
validation,13446,0.5778543,0
validation,13447,0.5666125,0
validation,13448,0.00023712445,0
validation,13449,0.034503765,0
validation,13450,0.1937044,0
validation,13451,0.110084474,0
validation,13452,0.00019735355,0
validation,13453,0.000103361206,0
validation,13454,0.00017316263,0
validation,13455,0.10348749,0
validation,13456,0.002929862,0
validation,13457,0.0027112954,0
validation,13458,0.22248359,0
validation,13459,0.0012515069,0
validation,13460,0.28971988,0
validation,13461,0.47548363,0
validation,13462,0.4135807,0
validation,13463,0.3649099,0
validation,13464,0.36094797,0
validation,13465,0.0058545605,0
validation,13466,0.19671036,0
validation,13467,0.0010471516,0
validation,13468,0.42162436,0
validation,13469,0.15627109,0
validation,13470,0.07036787,0
validation,13471,0.52366805,0
validation,13472,0.06703281,0
validation,13473,0.058655694,0
validation,13474,0.17462175,0
validation,13475,0.18859349,0
validation,13476,0.21113172,0
validation,13477,0.33245236,0
validation,13478,0.47383672,0
validation,13479,0.07015916,0
validation,13480,0.42463392,0
validation,13481,0.10259471,0
validation,13482,0.26888895,0
validation,13483,0.4902906,0
validation,13484,0.44025612,0
validation,13485,0.0052276393,0
validation,13486,0.45954776,0
validation,13487,0.005553208,0
validation,13488,0.024131607,0
validation,13489,0.010937383,0
validation,13490,0.5105264,0
validation,13491,0.49026853,0
validation,13492,0.0051427237,0
validation,13493,0.14275558,0
validation,13494,0.017922925,0
validation,13495,0.28263417,0
validation,13496,0.0013850195,0
validation,13497,0.05323716,0
validation,13498,0.5869837,0
validation,13499,0.49264777,0
validation,13500,0.0006320246,0
validation,13501,0.532756,0
validation,13502,0.6193884,0
validation,13503,0.38113162,0
validation,13504,0.0018022072,0
validation,13505,0.026427126,0
validation,13506,0.8500143,0
validation,13507,0.4299458,0
validation,13508,0.00044371642,0
validation,13509,0.00049703976,0
validation,13510,0.90031755,0
validation,13511,0.00088014774,0
validation,13512,0.40061203,0
validation,13513,0.5536591,0
validation,13514,0.00023324636,0
validation,13515,0.09904815,0
validation,13516,0.8269215,0
validation,13517,0.49990833,0
validation,13518,0.6378019,0
validation,13519,0.47287023,0
validation,13520,0.3649014,0
validation,13521,0.023807202,0
validation,13522,0.015441841,0
validation,13523,0.057680666,0
validation,13524,0.513836,0
validation,13525,0.0020206247,0
validation,13526,0.02716502,0
validation,13527,0.47452018,0
validation,13528,0.0006101159,0
validation,13529,0.14682122,0
validation,13530,0.7809818,0
validation,13531,0.27860355,0
validation,13532,0.7322837,0
validation,13533,0.8915632,0
validation,13534,0.5399291,0
validation,13535,0.40423954,0
validation,13536,0.0023720204,0
validation,13537,0.11280557,0
validation,13538,0.0034684795,0
validation,13539,0.5460472,0
validation,13540,0.4068854,0
validation,13541,0.16203125,0
validation,13542,0.88412225,0
validation,13543,0.0059190234,0
validation,13544,0.6683515,0
validation,13545,0.098547995,0
validation,13546,0.016314335,0
validation,13547,0.0044246335,0
validation,13548,0.3532519,0
validation,13549,0.009457599,0
validation,13550,0.0015920519,0
validation,13551,0.0012798578,0
validation,13552,0.008763694,0
validation,13553,0.23061529,0
validation,13554,0.46209443,0
validation,13555,0.15223388,0
validation,13556,0.0029122173,0
validation,13557,0.050163265,0
validation,13558,0.6051761,0
validation,13559,0.7439332,0
validation,13560,0.8545476,0
validation,13561,0.037065238,0
validation,13562,0.38173372,0
validation,13563,0.002309909,0
validation,13564,0.5283781,0
validation,13565,0.37503475,0
validation,13566,0.2719388,0
validation,13567,0.8588586,0
validation,13568,0.3404784,0
validation,13569,0.45972487,0
validation,13570,0.058041185,0
validation,13571,0.30767944,0
validation,13572,0.0027275286,0
validation,13573,0.047965005,0
validation,13574,0.13577417,0
validation,13575,0.5428543,0
validation,13576,0.15466633,0
validation,13577,0.20590566,0
validation,13578,0.0267483,0
validation,13579,0.20387949,0
validation,13580,0.042036563,0
validation,13581,0.7454988,0
validation,13582,0.0020239817,0
validation,13583,0.011584815,0
validation,13584,0.0355548,0
validation,13585,0.07539497,0
validation,13586,0.00028856762,0
validation,13587,0.6283373,0
validation,13588,0.026286572,0
validation,13589,0.51091003,0
validation,13590,0.6304445,0
validation,13591,0.007246202,0
validation,13592,0.07423013,0
validation,13593,0.0042381063,0
validation,13594,0.0041338247,0
validation,13595,0.025779486,0
validation,13596,0.0153153995,0
validation,13597,0.004256325,0
validation,13598,0.00021530548,0
validation,13599,0.8077183,0
validation,13600,0.0048698387,0
validation,13601,0.13960466,0
validation,13602,0.44904166,0
validation,13603,0.53659856,0
validation,13604,0.5010727,0
validation,13605,0.3519901,0
validation,13606,0.1628678,0
validation,13607,0.0026376988,0
validation,13608,0.21832727,0
validation,13609,0.17209546,0
validation,13610,0.0019760318,0
validation,13611,0.41691563,0
validation,13612,0.6233282,0
validation,13613,0.00035243912,0
validation,13614,0.28793642,0
validation,13615,0.41548005,0
validation,13616,0.17064424,0
validation,13617,0.8097717,0
validation,13618,0.077332325,0
validation,13619,0.0010500137,0
validation,13620,0.0052534617,0
validation,13621,0.0062193647,0
validation,13622,0.26576158,0
validation,13623,0.40900245,0
validation,13624,0.0009075138,0
validation,13625,0.8747078,0
validation,13626,0.41180074,0
validation,13627,0.006132106,0
validation,13628,0.001136551,0
validation,13629,0.0047257775,0
validation,13630,0.0015441522,0
validation,13631,0.0002203938,0
validation,13632,0.4574609,0
validation,13633,1.8617005e-05,0
validation,13634,0.018242333,0
validation,13635,0.24742188,0
validation,13636,0.055933487,0
validation,13637,0.022249186,0
validation,13638,0.109185606,0
validation,13639,0.38576394,0
validation,13640,0.58276725,0
validation,13641,0.20337823,0
validation,13642,0.38525727,0
validation,13643,0.12005569,0
validation,13644,0.033249103,0
validation,13645,0.055734415,0
validation,13646,0.4602289,0
validation,13647,0.08413846,0
validation,13648,0.00592059,0
validation,13649,0.0007965269,0
validation,13650,0.8101325,0
validation,13651,0.68170583,0
validation,13652,0.23854907,0
validation,13653,0.0011038102,0
validation,13654,0.0038228908,0
validation,13655,0.0050116354,0
validation,13656,0.8127207,0
validation,13657,0.77024686,0
validation,13658,0.40581763,0
validation,13659,0.488908,0
validation,13660,0.19399022,0
validation,13661,0.43649706,0
validation,13662,0.13803674,0
validation,13663,0.09857991,0
validation,13664,0.25798404,0
validation,13665,0.6256624,0
validation,13666,0.000989838,0
validation,13667,0.23871578,0
validation,13668,0.0011632749,0
validation,13669,0.045827936,0
validation,13670,0.7303618,0
validation,13671,0.24765235,0
validation,13672,0.5528455,0
validation,13673,0.6342504,0
validation,13674,0.19140239,0
validation,13675,2.4961066e-05,0
validation,13676,0.0009774779,0
validation,13677,0.49336222,0
validation,13678,0.6866883,0
validation,13679,0.087215304,0
validation,13680,0.07599338,0
validation,13681,0.07263632,0
validation,13682,0.06985095,0
validation,13683,0.27900183,0
validation,13684,0.0041215913,0
validation,13685,0.012465908,0
validation,13686,0.0260959,0
validation,13687,0.0020381992,0
validation,13688,0.0017317348,0
validation,13689,0.22700699,0
validation,13690,0.0038351463,0
validation,13691,0.003023868,0
validation,13692,0.5196631,0
validation,13693,0.015040072,0
validation,13694,0.005070555,0
validation,13695,0.32959816,0
validation,13696,0.46927688,0
validation,13697,0.6638651,0
validation,13698,0.0024377042,0
validation,13699,0.0012539088,0
validation,13700,0.0015505672,0
validation,13701,0.00012282161,0
validation,13702,0.7456051,0
validation,13703,0.5830511,0
validation,13704,0.6107949,0
validation,13705,0.064716235,0
validation,13706,0.49850786,0
validation,13707,0.0686387,0
validation,13708,0.4631936,0
validation,13709,0.7493251,0
validation,13710,0.60657376,0
validation,13711,0.4285145,0
validation,13712,0.020240987,0
validation,13713,0.34443918,0
validation,13714,0.38833243,0
validation,13715,0.11218014,0
validation,13716,0.19606,0
validation,13717,0.11286861,0
validation,13718,0.12933894,0
validation,13719,0.0010715522,0
validation,13720,0.6197336,0
validation,13721,0.7336656,0
validation,13722,0.5935292,0
validation,13723,0.6139194,0
validation,13724,0.27621686,0
validation,13725,0.117160656,0
validation,13726,0.20616409,0
validation,13727,0.05783298,0
validation,13728,0.014803562,0
validation,13729,0.013293535,0
validation,13730,0.009996843,0
validation,13731,0.0062130196,0
validation,13732,0.6651304,0
validation,13733,0.2792348,0
validation,13734,0.22218955,0
validation,13735,0.4750741,0
validation,13736,0.3313672,0
validation,13737,0.508088,0
validation,13738,0.0007836116,0
validation,13739,0.00045374225,0
validation,13740,0.6775193,0
validation,13741,0.102600195,0
validation,13742,0.0079184845,0
validation,13743,0.061754998,0
validation,13744,0.0025109097,0
validation,13745,0.31927034,0
validation,13746,0.039993394,0
validation,13747,0.0002930547,0
validation,13748,0.017327791,0
validation,13749,0.0708311,0
validation,13750,0.010229974,0
validation,13751,0.3358719,0
validation,13752,0.47525427,0
validation,13753,0.8489007,0
validation,13754,0.22996752,0
validation,13755,0.40565702,0
validation,13756,0.0054232366,0
validation,13757,0.09347997,0
validation,13758,0.1488931,0
validation,13759,0.2814911,0
validation,13760,0.4572628,1
validation,13761,0.188107,0
validation,13762,0.0056652706,0
validation,13763,0.01233524,0
validation,13764,0.40143344,0
validation,13765,0.028775988,0
validation,13766,0.63965154,0
validation,13767,0.22057359,0
validation,13768,0.43719062,0
validation,13769,0.48230636,0
validation,13770,0.13503075,0
validation,13771,0.17500025,0
validation,13772,0.01310306,0
validation,13773,0.07715672,0
validation,13774,0.19553053,0
validation,13775,0.49576166,0
validation,13776,0.42345557,0
validation,13777,0.6115521,0
validation,13778,0.20239323,0
validation,13779,0.19290446,0
validation,13780,0.60632205,0
validation,13781,0.5683253,0
validation,13782,0.0059303837,0
validation,13783,0.8099466,0
validation,13784,0.8440519,0
validation,13785,0.01994771,0
validation,13786,0.42791864,0
validation,13787,0.0036585163,0
validation,13788,0.050707817,0
validation,13789,0.009345422,0
validation,13790,0.2722089,0
validation,13791,0.6156074,0
validation,13792,0.13354246,0
validation,13793,0.32913962,0
validation,13794,0.45950732,0
validation,13795,0.3182762,0
validation,13796,0.46598142,0
validation,13797,0.0023718295,0
validation,13798,0.00071784377,0
validation,13799,0.028336884,0
validation,13800,0.0018263863,0
validation,13801,0.04317082,0
validation,13802,0.12955336,0
validation,13803,0.53359133,0
validation,13804,0.5579437,0
validation,13805,0.0027438719,0
validation,13806,0.25637165,0
validation,13807,0.3194652,0
validation,13808,0.15734625,0
validation,13809,0.07510816,0
validation,13810,0.16494305,0
validation,13811,0.42992342,0
validation,13812,0.12441648,0
validation,13813,0.07982971,0
validation,13814,0.08333388,0
validation,13815,0.0008591808,0
validation,13816,0.006349918,0
validation,13817,0.0001467742,0
validation,13818,0.00025394806,0
validation,13819,0.0002430013,0
validation,13820,0.00024519925,0
validation,13821,0.0017597231,0
validation,13822,0.00042457567,0
validation,13823,0.00015822171,0
validation,13824,0.0007723225,0
validation,13825,0.0012447283,0
validation,13826,0.20453136,0
validation,13827,0.08244233,0
validation,13828,0.5064986,0
validation,13829,0.1624319,0
validation,13830,0.0013569865,0
validation,13831,0.004322809,0
validation,13832,0.7450937,0
validation,13833,0.0012318611,0
validation,13834,0.0121330395,0
validation,13835,0.0023072537,0
validation,13836,0.20914723,0
validation,13837,0.28976738,0
validation,13838,0.00074098574,0
validation,13839,0.005213027,0
validation,13840,0.23157527,0
validation,13841,0.2861426,0
validation,13842,0.18599987,0
validation,13843,0.39411125,0
validation,13844,0.4963178,0
validation,13845,0.18076396,0
validation,13846,0.26219916,0
validation,13847,0.0007069602,0
validation,13848,0.36229038,0
validation,13849,0.3567899,0
validation,13850,0.17387033,0
validation,13851,0.24516696,0
validation,13852,0.005558044,0
validation,13853,0.004064735,0
validation,13854,0.7964752,0
validation,13855,0.54660624,0
validation,13856,0.0008247959,0
validation,13857,0.45673117,0
validation,13858,0.4185689,0
validation,13859,0.07560716,0
validation,13860,0.011663995,0
validation,13861,0.37056196,0
validation,13862,0.04880245,0
validation,13863,0.019610008,0
validation,13864,0.01021643,0
validation,13865,0.4467074,0
validation,13866,0.1130434,0
validation,13867,0.8680329,0
validation,13868,0.25093025,0
validation,13869,0.05407081,0
validation,13870,0.08056265,0
validation,13871,0.011762092,0
validation,13872,0.18826686,0
validation,13873,0.52478325,0
validation,13874,0.18349373,0
validation,13875,0.14957747,0
validation,13876,0.09396096,0
validation,13877,0.0061051785,0
validation,13878,0.44886565,0
validation,13879,0.018061846,0
validation,13880,0.16266192,0
validation,13881,0.028680868,0
validation,13882,0.74334717,0
validation,13883,0.016603226,0
validation,13884,0.010582525,0
validation,13885,0.23222578,0
validation,13886,0.85117316,0
validation,13887,0.6260617,0
validation,13888,0.0013643283,0
validation,13889,0.5097803,0
validation,13890,0.11296509,0
validation,13891,0.006878202,0
validation,13892,0.028164249,0
validation,13893,0.5041393,0
validation,13894,0.5810679,0
validation,13895,0.00025810135,0
validation,13896,0.5018917,0
validation,13897,0.00035636718,0
validation,13898,0.7736144,0
validation,13899,0.2347403,0
validation,13900,0.012074808,0
validation,13901,0.053692818,0
validation,13902,0.0009910101,0
validation,13903,0.3283049,0
validation,13904,0.73983306,0
validation,13905,0.014280215,0
validation,13906,0.053240098,0
validation,13907,0.0026563474,0
validation,13908,0.51335204,0
validation,13909,0.0017851661,0
validation,13910,0.7718344,0
validation,13911,0.7942221,0
validation,13912,0.011988934,0
validation,13913,0.018488087,0
validation,13914,0.00014955163,0
validation,13915,0.00026492652,0
validation,13916,0.007313879,0
validation,13917,0.0012376014,0
validation,13918,0.4828264,0
validation,13919,0.0019065157,0
validation,13920,0.008026834,0
validation,13921,0.0047691483,0
validation,13922,0.00015167391,0
validation,13923,0.011401843,0
validation,13924,0.0141759515,0
validation,13925,0.000117108706,0
validation,13926,0.0003148751,0
validation,13927,0.3390607,0
validation,13928,0.00092652655,0
validation,13929,0.004518428,0
validation,13930,0.0005781033,0
validation,13931,0.00262096,0
validation,13932,0.006528103,0
validation,13933,0.00023320432,0
validation,13934,0.14592883,0
validation,13935,0.55867726,0
validation,13936,0.002585354,0
validation,13937,0.07838678,0
validation,13938,0.40464857,0
validation,13939,0.11404287,0
validation,13940,0.022509405,0
validation,13941,0.015429164,0
validation,13942,0.014622567,0
validation,13943,0.060953073,0
validation,13944,0.19375947,0
validation,13945,0.09373473,0
validation,13946,0.021288162,0
validation,13947,0.050259784,0
validation,13948,0.49675044,0
validation,13949,0.0003123644,0
validation,13950,0.20339264,0
validation,13951,0.07023983,0
validation,13952,0.15662695,0
validation,13953,0.06748341,0
validation,13954,0.018167103,0
validation,13955,0.0056974976,0
validation,13956,0.008306633,0
validation,13957,0.0067259627,0
validation,13958,0.7644643,0
validation,13959,0.0031980884,0
validation,13960,0.12601723,0
validation,13961,0.0006525699,0
validation,13962,0.5529188,0
validation,13963,0.002867332,0
validation,13964,0.76720834,0
validation,13965,0.089636885,0
validation,13966,0.4447662,0
validation,13967,0.14401543,0
validation,13968,0.76493,0
validation,13969,0.49515167,0
validation,13970,0.18430313,0
validation,13971,0.8061183,0
validation,13972,0.5622611,0
validation,13973,0.5351513,0
validation,13974,0.4513651,0
validation,13975,0.18128361,0
validation,13976,0.53024304,0
validation,13977,0.5228765,0
validation,13978,0.034754917,0
validation,13979,0.80034876,0
validation,13980,0.032929964,0
validation,13981,0.45367768,0
validation,13982,0.0018283816,0
validation,13983,0.0073264437,0
validation,13984,0.64296997,0
validation,13985,0.4931391,0
validation,13986,0.00064425374,0
validation,13987,0.69356483,0
validation,13988,0.4292564,0
validation,13989,0.43823606,0
validation,13990,0.2822327,0
validation,13991,0.014260227,0
validation,13992,0.5864064,0
validation,13993,0.11176816,0
validation,13994,0.5602253,0
validation,13995,0.0011244563,0
validation,13996,0.0050950116,0
validation,13997,0.21182525,0
validation,13998,0.15098669,0
validation,13999,0.10618941,0
validation,14000,0.10705092,0
validation,14001,0.11898976,0
validation,14002,0.40869156,0
validation,14003,0.13242096,0
validation,14004,0.71404296,0
validation,14005,0.017119223,0
validation,14006,0.46964538,0
validation,14007,0.43421486,0
validation,14008,0.4355257,0
validation,14009,0.80389273,0
validation,14010,0.022532344,0
validation,14011,0.34330672,0
validation,14012,0.008284897,0
validation,14013,0.5247868,0
validation,14014,0.34017202,0
validation,14015,0.42738247,0
validation,14016,0.0051086475,0
validation,14017,0.8141372,0
validation,14018,0.36995062,0
validation,14019,0.16047254,0
validation,14020,0.44690484,0
validation,14021,0.7339482,0
validation,14022,0.2673808,0
validation,14023,0.00074984686,0
validation,14024,0.09941845,0
validation,14025,0.0023088271,0
validation,14026,0.21203622,0
validation,14027,0.29059696,0
validation,14028,0.30492243,0
validation,14029,0.0013508197,0
validation,14030,0.0014409403,0
validation,14031,0.5061963,0
validation,14032,0.0011260803,0
validation,14033,0.003730857,0
validation,14034,0.0024358716,0
validation,14035,0.13905255,0
validation,14036,0.004522706,0
validation,14037,0.4389988,0
validation,14038,0.0016719102,0
validation,14039,0.39855862,0
validation,14040,0.27226308,0
validation,14041,0.003346534,0
validation,14042,0.0019777215,0
validation,14043,0.003272998,0
validation,14044,0.0043764194,0
validation,14045,0.07031189,0
validation,14046,0.0481357,0
validation,14047,0.250585,0
validation,14048,0.0006791808,0
validation,14049,0.44949007,0
validation,14050,0.3679155,1
validation,14051,0.32460803,0
validation,14052,0.3112051,0
validation,14053,0.33706486,0
validation,14054,0.54573727,0
validation,14055,0.047624297,0
validation,14056,0.32538322,0
validation,14057,0.092101336,0
validation,14058,0.0034228729,0
validation,14059,0.346675,0
validation,14060,0.0004671833,0
validation,14061,0.00054139586,0
validation,14062,0.80400425,0
validation,14063,0.31723714,0
validation,14064,0.18199126,0
validation,14065,0.0033731172,0
validation,14066,0.061181456,0
validation,14067,0.27048373,0
validation,14068,0.29844633,0
validation,14069,0.40589514,0
validation,14070,0.073316574,0
validation,14071,0.014799182,0
validation,14072,0.00679965,0
validation,14073,0.48129037,0
validation,14074,0.49901557,0
validation,14075,0.36602798,0
validation,14076,0.41332513,0
validation,14077,0.1157986,0
validation,14078,0.7296565,0
validation,14079,0.44379854,0
validation,14080,0.0037450201,0
validation,14081,0.0072903405,0
validation,14082,0.36737567,0
validation,14083,0.00086642173,0
validation,14084,0.22356126,0
validation,14085,0.0017760957,0
validation,14086,0.49516484,0
validation,14087,0.22670564,0
validation,14088,0.00033718647,0
validation,14089,0.3923717,0
validation,14090,0.18823582,0
validation,14091,0.005202753,0
validation,14092,0.6596846,0
validation,14093,0.3740874,0
validation,14094,0.00021469725,0
validation,14095,0.41932783,0
validation,14096,0.7571032,0
validation,14097,0.11584091,0
validation,14098,0.14402607,0
validation,14099,0.48678273,0
validation,14100,0.6934554,0
validation,14101,0.2921483,0
validation,14102,0.53437245,0
validation,14103,0.0028037506,0
validation,14104,0.3514794,0
validation,14105,0.007810407,0
validation,14106,0.43555138,0
validation,14107,0.4458131,0
validation,14108,0.13184328,0
validation,14109,0.00092044607,0
validation,14110,0.0005619073,0
validation,14111,0.40006873,0
validation,14112,0.37314644,0
validation,14113,0.0051976047,0
validation,14114,0.27007034,0
validation,14115,0.39514646,0
validation,14116,0.0006196969,0
validation,14117,1.0688535e-05,0
validation,14118,0.0033047078,0
validation,14119,0.0014214668,0
validation,14120,0.00012142362,0
validation,14121,0.0005035806,0
validation,14122,0.00021312882,0
validation,14123,0.00075337436,0
validation,14124,0.0029807836,0
validation,14125,4.4813834e-05,0
validation,14126,0.00069634116,0
validation,14127,0.006995599,0
validation,14128,0.00013817211,0
validation,14129,0.071304634,0
validation,14130,0.0015389163,0
validation,14131,0.14601603,0
validation,14132,0.007684505,0
validation,14133,0.0001424567,0
validation,14134,1.820506e-05,0
validation,14135,0.00032317083,0
validation,14136,0.00077930297,0
validation,14137,0.00042836455,0
validation,14138,0.7011213,0
validation,14139,0.37341574,0
validation,14140,0.0017515003,0
validation,14141,0.0004971341,0
validation,14142,0.022976402,0
validation,14143,0.0040990706,0
validation,14144,0.00057399063,0
validation,14145,4.5746456e-05,0
validation,14146,0.13967875,0
validation,14147,0.00010620481,0
validation,14148,0.0002679941,0
validation,14149,0.000945379,0
validation,14150,0.7122342,0
validation,14151,0.00039716938,0
validation,14152,0.0045099338,0
validation,14153,0.00058076327,0
validation,14154,0.22815718,0
validation,14155,0.46865633,0
validation,14156,0.00438672,0
validation,14157,0.46468973,0
validation,14158,0.078722924,0
validation,14159,0.05406078,0
validation,14160,0.3567785,0
validation,14161,0.027987627,0
validation,14162,0.013670536,0
validation,14163,0.12131394,0
validation,14164,0.0011715809,0
validation,14165,0.2803873,0
validation,14166,0.120635204,0
validation,14167,0.2890259,0
validation,14168,0.2959024,0
validation,14169,0.0006410299,0
validation,14170,0.5352458,0
validation,14171,0.55583084,0
validation,14172,0.375015,0
validation,14173,0.33794156,0
validation,14174,0.28254482,0
validation,14175,0.260076,0
validation,14176,0.35342014,0
validation,14177,0.71467966,0
validation,14178,0.18695587,0
validation,14179,0.71091115,0
validation,14180,0.075762846,0
validation,14181,0.05537745,0
validation,14182,0.06338868,0
validation,14183,0.48607242,0
validation,14184,0.0800991,0
validation,14185,0.5660126,0
validation,14186,0.12374256,0
validation,14187,0.00041712838,0
validation,14188,0.010744516,0
validation,14189,0.35180897,0
validation,14190,0.49760693,0
validation,14191,0.54122835,0
validation,14192,0.11896751,0
validation,14193,0.49193794,0
validation,14194,0.2639952,0
validation,14195,0.006328016,0
validation,14196,0.14615096,0
validation,14197,0.002224898,0
validation,14198,0.7426678,0
validation,14199,0.10595961,0
validation,14200,0.51394725,0
validation,14201,0.46622974,0
validation,14202,0.7234237,0
validation,14203,0.079551026,0
validation,14204,0.36280102,0
validation,14205,0.7054238,0
validation,14206,0.011016713,0
validation,14207,0.15939641,0
validation,14208,0.44371545,0
validation,14209,0.04767714,0
validation,14210,0.1580214,0
validation,14211,0.09526201,0
validation,14212,0.3442745,0
validation,14213,0.6062478,0
validation,14214,6.6089255e-05,0
validation,14215,0.42715645,0
validation,14216,0.22354731,0
validation,14217,0.7839426,0
validation,14218,0.43291473,0
validation,14219,0.07146901,0
validation,14220,0.1840756,0
validation,14221,0.057130728,0
validation,14222,0.47880673,0
validation,14223,0.013239903,0
validation,14224,0.5869198,0
validation,14225,0.0028390898,0
validation,14226,0.0014931425,0
validation,14227,0.507591,0
validation,14228,0.4628783,0
validation,14229,0.72509223,0
validation,14230,0.21640694,0
validation,14231,0.7016443,0
validation,14232,0.7273175,0
validation,14233,0.62734085,0
validation,14234,0.3288684,0
validation,14235,0.5255077,0
validation,14236,0.6217147,0
validation,14237,0.65720844,0
validation,14238,0.4166185,0
validation,14239,0.042482316,0
validation,14240,0.003351866,0
validation,14241,0.5742823,0
validation,14242,0.073206834,0
validation,14243,0.6335896,0
validation,14244,0.26859722,0
validation,14245,0.4581013,0
validation,14246,0.61651236,0
validation,14247,0.0035421483,0
validation,14248,0.1768212,0
validation,14249,0.009594742,0
validation,14250,0.0017379383,0
validation,14251,0.4580417,0
validation,14252,0.15035355,0
validation,14253,0.71916777,0
validation,14254,0.054432146,0
validation,14255,0.25759947,0
validation,14256,0.24199164,0
validation,14257,0.29361668,0
validation,14258,0.047852274,0
validation,14259,0.35967952,0
validation,14260,0.001813104,0
validation,14261,0.079527065,0
validation,14262,0.62819207,0
validation,14263,0.6397038,0
validation,14264,0.45703864,0
validation,14265,0.0010110639,0
validation,14266,0.6161979,0
validation,14267,0.0017453497,0
validation,14268,0.76926,0
validation,14269,0.08756138,0
validation,14270,0.24188502,0
validation,14271,0.10385424,0
validation,14272,0.014417458,0
validation,14273,0.11331775,0
validation,14274,0.49942306,0
validation,14275,0.7946719,0
validation,14276,0.0035577184,0
validation,14277,0.54728466,0
validation,14278,0.37417814,0
validation,14279,0.59666526,0
validation,14280,0.6166432,0
validation,14281,0.8184466,0
validation,14282,0.8742808,0
validation,14283,0.18120892,0
validation,14284,0.58662903,0
validation,14285,0.0023265122,0
validation,14286,0.1250743,0
validation,14287,0.00089569204,0
validation,14288,0.0012450947,0
validation,14289,0.5099641,0
validation,14290,0.66833305,0
validation,14291,0.09301657,0
validation,14292,0.09136764,0
validation,14293,0.10300824,0
validation,14294,0.060191464,0
validation,14295,0.112211905,0
validation,14296,0.35289496,0
validation,14297,0.3594222,0
validation,14298,0.0039920183,0
validation,14299,0.11133183,0
validation,14300,0.3934863,0
validation,14301,0.52456087,0
validation,14302,0.47779885,0
validation,14303,0.78972536,0
validation,14304,0.43708885,0
validation,14305,0.4023028,0
validation,14306,0.1964927,0
validation,14307,0.1640105,0
validation,14308,0.6276171,0
validation,14309,0.44636577,0
validation,14310,0.57176787,0
validation,14311,0.0037042778,0
validation,14312,0.21503916,0
validation,14313,0.013277397,0
validation,14314,0.68522155,0
validation,14315,0.28396893,0
validation,14316,0.17409,0
validation,14317,0.51277053,0
validation,14318,0.0019490126,0
validation,14319,0.18447267,0
validation,14320,0.054315694,0
validation,14321,0.80628043,0
validation,14322,0.052434593,0
validation,14323,0.07473558,0
validation,14324,0.3594866,0
validation,14325,0.006782366,0
validation,14326,0.37207356,0
validation,14327,0.0066509093,0
validation,14328,0.82118905,0
validation,14329,0.27819425,0
validation,14330,0.06127432,0
validation,14331,0.45414552,0
validation,14332,0.0030691628,0
validation,14333,0.32203788,0
validation,14334,0.38964906,0
validation,14335,0.0011756702,0
validation,14336,0.0064759674,0
validation,14337,0.00038359573,0
validation,14338,0.16739763,0
validation,14339,0.001005424,0
validation,14340,0.52449566,0
validation,14341,0.002158043,0
validation,14342,0.009086564,0
validation,14343,0.52816737,0
validation,14344,0.04145997,0
validation,14345,0.5239495,0
validation,14346,0.02380921,0
validation,14347,0.016701765,0
validation,14348,0.5937477,0
validation,14349,0.009923818,0
validation,14350,0.007839068,0
validation,14351,0.104438245,0
validation,14352,0.003705045,0
validation,14353,0.6088021,0
validation,14354,0.13622956,0
validation,14355,0.0023973556,0
validation,14356,0.60225546,0
validation,14357,0.0010660468,0
validation,14358,0.02978617,0
validation,14359,0.5719453,0
validation,14360,0.0033840658,0
validation,14361,5.619944e-05,0
validation,14362,0.0011507685,0
validation,14363,0.037966985,0
validation,14364,0.0061594597,0
validation,14365,0.033038463,0
validation,14366,0.0014466586,0
validation,14367,0.0017672426,0
validation,14368,0.06814871,0
validation,14369,0.0005377031,0
validation,14370,0.0011482832,0
validation,14371,0.31241128,0
validation,14372,0.79010737,0
validation,14373,0.0011531765,0
validation,14374,0.462087,0
validation,14375,0.086666055,0
validation,14376,0.48511007,0
validation,14377,0.2745341,0
validation,14378,0.8868363,0
validation,14379,0.00089527643,0
validation,14380,0.4771547,0
validation,14381,0.00010751152,0
validation,14382,0.012096169,0
validation,14383,0.59015715,0
validation,14384,0.8611915,0
validation,14385,0.27051684,0
validation,14386,0.02954975,0
validation,14387,0.6193044,0
validation,14388,0.0024473325,0
validation,14389,0.0031558312,0
validation,14390,0.0010501107,0
validation,14391,0.5410647,0
validation,14392,0.14682183,0
validation,14393,0.84546816,0
validation,14394,0.013806403,0
validation,14395,0.042104848,0
validation,14396,0.16785021,0
validation,14397,0.003918589,0
validation,14398,0.008277431,0
validation,14399,0.44135404,0
validation,14400,0.3050527,0
validation,14401,0.19889179,0
validation,14402,0.5173536,0
validation,14403,0.040366348,0
validation,14404,0.4884817,0
validation,14405,0.42653716,0
validation,14406,0.29826006,0
validation,14407,0.00043513166,0
validation,14408,0.013472432,0
validation,14409,0.30814055,0
validation,14410,0.74991083,0
validation,14411,0.00090944325,0
validation,14412,0.1447621,0
validation,14413,0.0045425245,0
validation,14414,0.16597733,0
validation,14415,0.05682759,0
validation,14416,0.49675798,0
validation,14417,0.11096099,0
validation,14418,0.50806546,0
validation,14419,0.0010757312,0
validation,14420,0.19431752,0
validation,14421,0.23723288,0
validation,14422,0.044884384,0
validation,14423,0.29960135,0
validation,14424,0.4278863,0
validation,14425,0.19377822,0
validation,14426,0.081155,0
validation,14427,0.2679058,0
validation,14428,0.09826708,0
validation,14429,0.14430702,0
validation,14430,0.5783586,0
validation,14431,0.0021895252,0
validation,14432,0.013805474,0
validation,14433,0.014806358,0
validation,14434,0.4600333,0
validation,14435,0.005523638,0
validation,14436,0.00552143,0
validation,14437,0.0014697285,0
validation,14438,0.0015235107,0
validation,14439,0.009516853,0
validation,14440,0.17083155,0
validation,14441,0.003820892,0
validation,14442,0.60040474,0
validation,14443,0.007781729,0
validation,14444,0.010582135,0
validation,14445,0.00053676247,0
validation,14446,0.011190409,0
validation,14447,0.010328666,0
validation,14448,0.0026588903,0
validation,14449,0.06939563,0
validation,14450,0.00024190763,0
validation,14451,5.8540943e-05,0
validation,14452,2.3191444e-06,0
validation,14453,0.000127534,0
validation,14454,0.61057055,0
validation,14455,0.4056552,0
validation,14456,0.5391226,0
validation,14457,0.00022977055,0
validation,14458,0.8098297,0
validation,14459,0.64596343,0
validation,14460,0.82513314,0
validation,14461,0.15077883,0
validation,14462,0.5113252,0
validation,14463,0.19892082,0
validation,14464,0.37167728,0
validation,14465,0.4507464,0
validation,14466,0.51119804,0
validation,14467,0.4513992,0
validation,14468,0.06085748,0
validation,14469,0.45980275,0
validation,14470,0.13367087,0
validation,14471,0.019252501,0
validation,14472,0.62320817,0
validation,14473,0.319704,0
validation,14474,0.16721095,0
validation,14475,0.79265606,0
validation,14476,0.12926166,0
validation,14477,0.0019911428,0
validation,14478,0.49108297,0
validation,14479,0.739282,0
validation,14480,0.077049814,0
validation,14481,0.041980833,0
validation,14482,0.11429064,0
validation,14483,0.033230845,0
validation,14484,0.0030388779,0
validation,14485,0.37653098,0
validation,14486,0.032309595,0
validation,14487,0.6887726,0
validation,14488,0.460363,0
validation,14489,0.44080317,0
validation,14490,0.61379206,0
validation,14491,0.0068873214,0
validation,14492,0.4431578,0
validation,14493,0.63676864,0
validation,14494,0.57419246,0
validation,14495,0.008157637,0
validation,14496,0.399016,0
validation,14497,0.52030516,0
validation,14498,0.71638745,0
validation,14499,0.25558794,0
validation,14500,0.07017268,0
validation,14501,0.10592159,0
validation,14502,0.82610524,0
validation,14503,0.5150688,0
validation,14504,0.50251365,0
validation,14505,0.22413251,0
validation,14506,0.6675532,0
validation,14507,0.371913,0
validation,14508,0.25797838,0
validation,14509,0.53960603,0
validation,14510,0.54093516,0
validation,14511,0.016054152,0
validation,14512,0.18913691,0
validation,14513,0.3138591,0
validation,14514,0.011216847,0
validation,14515,0.0014928886,0
validation,14516,0.2113101,0
validation,14517,0.5104988,0
validation,14518,0.16011806,0
validation,14519,0.006780285,0
validation,14520,0.059096538,0
validation,14521,0.41026685,0
validation,14522,0.39429852,0
validation,14523,0.28743842,0
validation,14524,0.19941613,0
validation,14525,0.21902525,0
validation,14526,0.85381067,0
validation,14527,0.82369804,0
validation,14528,0.1991412,0
validation,14529,0.011026724,0
validation,14530,0.0010462322,0
validation,14531,0.36084375,0
validation,14532,0.0017233831,0
validation,14533,0.11983418,0
validation,14534,0.713703,0
validation,14535,0.08296356,0
validation,14536,0.21577254,0
validation,14537,0.0013766459,0
validation,14538,0.001110854,0
validation,14539,0.001541416,0
validation,14540,0.002019111,0
validation,14541,0.0015879566,0
validation,14542,0.0011944091,0
validation,14543,0.0021608965,0
validation,14544,0.0039184177,0
validation,14545,0.0002589584,0
validation,14546,0.239213,0
validation,14547,0.6298156,0
validation,14548,0.00825209,0
validation,14549,0.0012604576,0
validation,14550,0.0008116632,0
validation,14551,0.003230242,0
validation,14552,0.0016936313,0
validation,14553,0.0034425978,0
validation,14554,0.69307405,0
validation,14555,0.0010644579,0
validation,14556,0.0006855311,0
validation,14557,0.013637617,0
validation,14558,0.063696966,0
validation,14559,0.004276728,0
validation,14560,0.009329917,0
validation,14561,0.19593744,0
validation,14562,0.004717039,0
validation,14563,0.026447138,0
validation,14564,0.0023161483,0
validation,14565,0.15239763,0
validation,14566,0.19879125,0
validation,14567,0.36519858,0
validation,14568,0.12661363,0
validation,14569,0.0027346143,0
validation,14570,0.24624021,0
validation,14571,0.0026752115,0
validation,14572,0.12549691,0
validation,14573,0.18022753,0
validation,14574,0.34864354,0
validation,14575,0.0010628636,0
validation,14576,0.16825795,0
validation,14577,0.21195082,0
validation,14578,0.0020343757,0
validation,14579,0.00022041208,0
validation,14580,0.517063,0
validation,14581,0.5894845,0
validation,14582,0.060610622,0
validation,14583,0.13060848,0
validation,14584,0.11961029,1
validation,14585,0.07841331,0
validation,14586,0.16322829,0
validation,14587,0.18151014,0
validation,14588,0.35701865,0
validation,14589,0.58046985,0
validation,14590,0.013327297,0
validation,14591,0.07391701,0
validation,14592,0.45330253,0
validation,14593,0.0027265898,0
validation,14594,0.006071065,0
validation,14595,0.24582659,0
validation,14596,0.5576793,0
validation,14597,0.00050290517,0
validation,14598,0.06347966,0
validation,14599,0.20147076,0
validation,14600,0.2513787,0
validation,14601,0.13171053,0
validation,14602,0.0010991612,0
validation,14603,0.56279796,0
validation,14604,0.26242915,0
validation,14605,0.36455855,0
validation,14606,0.63080966,0
validation,14607,0.11987507,0
validation,14608,0.0044385265,0
validation,14609,0.440331,0
validation,14610,0.7138562,0
validation,14611,0.00055931014,0
validation,14612,0.007845842,0
validation,14613,0.5672233,0
validation,14614,0.53756464,0
validation,14615,0.5843812,0
validation,14616,0.10503879,0
validation,14617,0.4183979,0
validation,14618,0.10042363,0
validation,14619,0.0042608613,0
validation,14620,0.2841552,0
validation,14621,0.0044473573,0
validation,14622,0.6398454,0
validation,14623,0.75190246,0
validation,14624,0.09415246,0
validation,14625,0.025087757,0
validation,14626,0.83479804,0
validation,14627,0.62496805,0
validation,14628,0.056943666,0
validation,14629,0.0015279913,0
validation,14630,0.07973396,0
validation,14631,0.2242799,0
validation,14632,0.14548117,0
validation,14633,0.037094604,0
validation,14634,0.10638748,0
validation,14635,0.11461193,0
validation,14636,0.12946248,0
validation,14637,0.83530504,0
validation,14638,0.5183034,0
validation,14639,0.17673954,0
validation,14640,0.0016352026,0
validation,14641,0.0049374443,0
validation,14642,0.07393104,0
validation,14643,0.0049263076,0
validation,14644,0.5896132,0
validation,14645,0.044904664,0
validation,14646,0.00013770649,0
validation,14647,0.00039346283,0
validation,14648,0.21628289,0
validation,14649,0.33717847,0
validation,14650,0.008911135,0
validation,14651,0.4778181,0
validation,14652,0.2193686,0
validation,14653,0.45543456,0
validation,14654,0.29735562,0
validation,14655,0.4481943,0
validation,14656,0.007646033,0
validation,14657,0.05433991,0
validation,14658,0.0017812108,0
validation,14659,0.017691841,0
validation,14660,0.26259744,0
validation,14661,0.61777914,0
validation,14662,0.5544927,0
validation,14663,0.019472064,0
validation,14664,0.4569687,0
validation,14665,0.00088684616,0
validation,14666,0.00018966227,0
validation,14667,0.3318454,0
validation,14668,0.47891274,0
validation,14669,0.5332887,0
validation,14670,0.0001912144,0
validation,14671,0.00010203048,0
validation,14672,0.5192152,0
validation,14673,0.40792552,0
validation,14674,0.48034632,0
validation,14675,0.36956906,0
validation,14676,0.42748204,0
validation,14677,0.012199021,0
validation,14678,0.11883333,0
validation,14679,0.6700387,0
validation,14680,0.26460278,0
validation,14681,0.565799,0
validation,14682,0.60747296,0
validation,14683,0.60275364,0
validation,14684,0.5328361,0
validation,14685,0.13322479,0
validation,14686,0.015725762,0
validation,14687,0.0031427061,0
validation,14688,0.5921455,0
validation,14689,0.20149085,0
validation,14690,0.5399587,0
validation,14691,0.7199789,0
validation,14692,0.2367023,0
validation,14693,0.14154047,0
validation,14694,0.006198548,0
validation,14695,0.06532527,0
validation,14696,0.47702092,0
validation,14697,0.3845749,0
validation,14698,0.4004399,0
validation,14699,0.0010662671,0
validation,14700,0.013530761,0
validation,14701,0.5288854,0
validation,14702,0.5569389,0
validation,14703,0.015509763,0
validation,14704,0.46225607,0
validation,14705,0.0040034656,0
validation,14706,0.28667748,0
validation,14707,0.6270672,0
validation,14708,0.2270357,0
validation,14709,0.0033472816,0
validation,14710,0.5528631,0
validation,14711,0.2573237,0
validation,14712,0.0007858258,0
validation,14713,0.5238131,0
validation,14714,0.5139471,0
validation,14715,0.04442667,0
validation,14716,0.32086062,0
validation,14717,0.6723259,0
validation,14718,0.09086385,0
validation,14719,0.001110754,0
validation,14720,0.6034914,0
validation,14721,0.25048524,0
validation,14722,0.15369515,0
validation,14723,0.7380861,0
validation,14724,0.4787066,0
validation,14725,0.12159726,0
validation,14726,0.37446553,0
validation,14727,0.42986554,0
validation,14728,0.05128028,0
validation,14729,0.08370365,0
validation,14730,0.11239408,0
validation,14731,0.6647943,0
validation,14732,0.00043665597,0
validation,14733,0.009846997,0
validation,14734,0.07941213,0
validation,14735,0.64921695,0
validation,14736,0.0004946228,0
validation,14737,0.06805466,0
validation,14738,0.0032868609,0
validation,14739,0.56513524,0
validation,14740,0.1043068,0
validation,14741,0.355251,0
validation,14742,0.16717227,0
validation,14743,0.96201897,0
validation,14744,0.33362985,0
validation,14745,0.004481044,0
validation,14746,0.005516816,0
validation,14747,0.0020663587,0
validation,14748,0.0016605873,0
validation,14749,0.004070393,0
validation,14750,0.0009561937,0
validation,14751,0.0007073016,0
validation,14752,0.7979075,0
validation,14753,0.0036850893,0
validation,14754,0.0026186153,0
validation,14755,0.001685911,0
validation,14756,0.4342905,0
validation,14757,0.0032355879,0
validation,14758,0.52624583,0
validation,14759,0.26687875,0
validation,14760,0.25513738,0
validation,14761,0.0048367837,0
validation,14762,0.19976632,0
validation,14763,0.5638307,0
validation,14764,0.0006927885,0
validation,14765,0.070143946,0
validation,14766,0.00011905116,0
validation,14767,0.4761172,0
validation,14768,0.45522168,0
validation,14769,0.3986015,0
validation,14770,0.7685637,0
validation,14771,0.14076595,0
validation,14772,0.5174622,0
validation,14773,0.00014256351,0
validation,14774,0.46446028,0
validation,14775,0.17330106,0
validation,14776,0.25890848,0
validation,14777,0.33246726,0
validation,14778,0.14254738,0
validation,14779,0.03545651,0
validation,14780,0.8133031,0
validation,14781,0.0019872994,0
validation,14782,0.00018523372,0
validation,14783,0.7001052,0
validation,14784,0.37228698,0
validation,14785,0.005314499,0
validation,14786,0.009396935,0
validation,14787,0.47667933,0
validation,14788,0.0022407605,0
validation,14789,0.024998005,0
validation,14790,0.62644005,0
validation,14791,0.8359031,0
validation,14792,0.5201055,0
validation,14793,0.0033972915,0
validation,14794,0.052858837,0
validation,14795,0.58990765,0
validation,14796,0.44625086,0
validation,14797,0.44866157,0
validation,14798,0.04479035,0
validation,14799,0.035186674,0
validation,14800,0.04174192,0
validation,14801,0.00077019224,0
validation,14802,0.3290076,0
validation,14803,0.11957426,0
validation,14804,0.431257,0
validation,14805,0.004170929,0
validation,14806,0.5264627,0
validation,14807,0.3578082,0
validation,14808,0.8481952,0
validation,14809,0.09006126,0
validation,14810,0.078452684,0
validation,14811,0.12685005,1
validation,14812,0.24993524,0
validation,14813,0.16157961,0
validation,14814,0.24718998,0
validation,14815,0.15421358,0
validation,14816,0.649554,0
validation,14817,0.8477283,0
validation,14818,0.00013560001,0
validation,14819,0.45115507,0
validation,14820,0.07870332,0
validation,14821,0.704429,0
validation,14822,0.5387318,0
validation,14823,0.049711306,0
validation,14824,0.063385755,0
validation,14825,0.4565314,0
validation,14826,0.4325152,0
validation,14827,0.70387745,0
validation,14828,0.005026115,0
validation,14829,0.5922016,0
validation,14830,0.00015535673,0
validation,14831,0.00045287088,0
validation,14832,0.00057554047,0
validation,14833,0.8736862,0
validation,14834,0.00017427876,0
validation,14835,0.00035718785,0
validation,14836,0.22998953,0
validation,14837,0.6185171,0
validation,14838,0.18885383,0
validation,14839,0.20512007,0
validation,14840,0.3907162,0
validation,14841,0.0034654385,0
validation,14842,0.45559773,0
validation,14843,0.8872136,0
validation,14844,0.0019236121,0
validation,14845,0.0027624741,0
validation,14846,0.45492265,0
validation,14847,0.449676,0
validation,14848,0.37745377,0
validation,14849,0.0065424372,0
validation,14850,0.9084426,0
validation,14851,0.5753747,0
validation,14852,0.9257814,0
validation,14853,0.78407264,0
validation,14854,0.17039497,0
validation,14855,0.43480393,0
validation,14856,0.13628542,0
validation,14857,0.10803148,0
validation,14858,0.14334983,0
validation,14859,0.0005081299,0
validation,14860,0.00032212347,0
validation,14861,0.05360271,0
validation,14862,0.0010742464,0
validation,14863,0.20702626,0
validation,14864,0.49345326,0
validation,14865,0.5217284,0
validation,14866,0.4361878,0
validation,14867,0.0004941721,0
validation,14868,0.54788136,0
validation,14869,0.0021426762,0
validation,14870,0.0076870513,0
validation,14871,0.7869083,0
validation,14872,0.8733396,0
validation,14873,0.16193505,0
validation,14874,0.48219466,0
validation,14875,0.0028367974,0
validation,14876,0.0006487009,0
validation,14877,0.059777196,0
validation,14878,0.004228243,0
validation,14879,0.7121227,0
validation,14880,0.0006280492,0
validation,14881,0.002915563,0
validation,14882,0.4382934,0
validation,14883,0.37633166,0
validation,14884,0.0031377084,0
validation,14885,0.6556185,0
validation,14886,0.6078516,0
validation,14887,0.942299,0
validation,14888,0.57410467,0
validation,14889,0.00057495106,0
validation,14890,0.0027480975,0
validation,14891,0.002216148,0
validation,14892,0.00512961,0
validation,14893,0.07892444,0
validation,14894,0.8936836,0
validation,14895,0.22505613,0
validation,14896,0.18283711,0
validation,14897,0.8110965,0
validation,14898,0.53413165,0
validation,14899,0.31111696,0
validation,14900,0.5437069,0
validation,14901,0.17769697,0
validation,14902,0.12317757,0
validation,14903,0.0025100033,0
validation,14904,0.48661858,0
validation,14905,0.07280771,0
validation,14906,0.15414652,0
validation,14907,0.8516856,0
validation,14908,0.006695184,0
validation,14909,0.0023414607,0
validation,14910,0.0018700396,0
validation,14911,0.3903652,0
validation,14912,0.50581586,0
validation,14913,0.4682849,0
validation,14914,0.007757298,0
validation,14915,0.022943934,0
validation,14916,0.59827745,0
validation,14917,0.47372285,0
validation,14918,0.002736229,0
validation,14919,0.5532686,0
validation,14920,0.10037401,0
validation,14921,0.71574956,0
validation,14922,0.111573905,0
validation,14923,0.13134879,0
validation,14924,0.5228163,0
validation,14925,0.0025552746,0
validation,14926,0.0043953923,0
validation,14927,0.002709357,0
validation,14928,0.0015631082,0
validation,14929,0.0020359096,0
validation,14930,0.002941052,0
validation,14931,0.0047143064,0
validation,14932,0.002626725,0
validation,14933,0.45040035,0
validation,14934,0.0028265927,0
validation,14935,0.005569352,0
validation,14936,0.19415458,0
validation,14937,0.028769827,0
validation,14938,0.0071908804,0
validation,14939,0.023870591,0
validation,14940,0.05532585,0
validation,14941,0.0013627452,0
validation,14942,0.47250047,0
validation,14943,0.47180602,0
validation,14944,0.24483295,0
validation,14945,0.12995283,0
validation,14946,0.69125473,0
validation,14947,0.0036410014,0
validation,14948,0.43254066,0
validation,14949,0.5890713,0
validation,14950,0.23514946,0
validation,14951,0.0007867542,0
validation,14952,0.8082329,0
validation,14953,0.00044098715,0
validation,14954,0.0016860096,0
validation,14955,0.8030923,0
validation,14956,0.3893931,0
validation,14957,0.0004333207,0
validation,14958,0.0003048146,0
validation,14959,0.003878551,0
validation,14960,0.52957714,0
validation,14961,0.53467715,0
validation,14962,0.0045645814,0
validation,14963,0.0006771504,0
validation,14964,0.47056365,0
validation,14965,0.0015060419,0
validation,14966,0.0036607836,0
validation,14967,0.51775944,0
validation,14968,0.80176526,0
validation,14969,0.4555621,0
validation,14970,0.6616386,0
validation,14971,0.39274135,0
validation,14972,0.84840244,0
validation,14973,0.0007424828,0
validation,14974,0.000856129,0
validation,14975,0.012353373,0
validation,14976,0.77810603,0
validation,14977,0.23497462,0
validation,14978,0.004256563,0
validation,14979,0.0024642823,0
validation,14980,0.5085577,0
validation,14981,0.0029125467,0
validation,14982,0.2231527,0
validation,14983,0.0002708074,0
validation,14984,0.0017783982,0
validation,14985,0.21269222,0
validation,14986,0.42225054,0
validation,14987,0.37292925,0
validation,14988,0.54354113,0
validation,14989,0.005960371,0
validation,14990,0.46210858,0
validation,14991,0.051488664,0
validation,14992,0.018435828,0
validation,14993,0.002519868,0
validation,14994,0.011379103,0
validation,14995,0.0014048893,0
validation,14996,0.00081012945,0
validation,14997,0.52156055,0
validation,14998,0.13497154,0
validation,14999,0.001051987,0
validation,15000,0.15075745,0
validation,15001,0.4118599,0
validation,15002,0.003295907,0
validation,15003,0.5148291,0
validation,15004,0.32691655,0
validation,15005,0.14834647,0
validation,15006,0.43588147,0
validation,15007,0.13161772,0
validation,15008,0.010338102,0
validation,15009,0.05268443,0
validation,15010,0.40367118,0
validation,15011,0.010071401,0
validation,15012,0.3779994,0
validation,15013,0.00085924065,0
validation,15014,0.50678265,0
validation,15015,0.83741117,0
validation,15016,0.52301204,0
validation,15017,0.15577407,0
validation,15018,0.53181136,0
validation,15019,0.36291605,0
validation,15020,0.15015148,0
validation,15021,0.14285687,0
validation,15022,0.4025782,0
validation,15023,0.001390528,0
validation,15024,0.0107454015,0
validation,15025,0.00088607916,0
validation,15026,0.0013941905,0
validation,15027,0.12017226,0
validation,15028,0.4440517,0
validation,15029,0.081755556,0
validation,15030,0.005299844,0
validation,15031,0.82581323,0
validation,15032,0.004470913,0
validation,15033,0.17968704,0
validation,15034,0.16329089,0
validation,15035,0.0006274284,0
validation,15036,0.25283742,0
validation,15037,0.022604257,0
validation,15038,0.024039917,0
validation,15039,0.04452131,0
validation,15040,0.0071332897,0
validation,15041,0.0049355514,0
validation,15042,0.0026943076,0
validation,15043,2.621923e-05,0
validation,15044,0.0043669837,0
validation,15045,0.0034467161,0
validation,15046,0.00033921865,0
validation,15047,0.0036777663,0
validation,15048,0.0032871794,0
validation,15049,0.0007303576,0
validation,15050,0.000587795,0
validation,15051,0.00072949054,0
validation,15052,0.6570467,0
validation,15053,0.44183853,0
validation,15054,0.3187164,0
validation,15055,0.00077716715,0
validation,15056,0.34259018,0
validation,15057,0.37250084,0
validation,15058,0.008926747,0
validation,15059,0.0617321,0
validation,15060,0.025409834,0
validation,15061,0.69878614,0
validation,15062,0.28715244,0
validation,15063,0.22567889,0
validation,15064,0.18104509,0
validation,15065,0.76510406,0
validation,15066,0.034948204,0
validation,15067,0.016515091,0
validation,15068,0.29615426,0
validation,15069,0.10181288,0
validation,15070,0.5497865,0
validation,15071,0.23452356,0
validation,15072,0.0042673247,0
validation,15073,0.31658804,0
validation,15074,0.052535105,0
validation,15075,0.04166555,0
validation,15076,0.23352122,0
validation,15077,0.72523713,0
validation,15078,0.0014012293,0
validation,15079,0.44092342,0
validation,15080,0.05045299,0
validation,15081,0.0017612835,0
validation,15082,0.00028810225,0
validation,15083,0.48042014,0
validation,15084,0.00047781403,0
validation,15085,0.010691205,0
validation,15086,0.0016607492,0
validation,15087,0.03124472,0
validation,15088,0.0014205433,0
validation,15089,0.5573909,0
validation,15090,0.3975857,0
validation,15091,0.0009875956,0
validation,15092,0.0030289006,0
validation,15093,0.073788516,0
validation,15094,0.022564786,0
validation,15095,0.0016412811,0
validation,15096,0.0046909773,0
validation,15097,0.59605265,0
validation,15098,0.055957776,0
validation,15099,0.01036667,0
validation,15100,0.001788615,0
validation,15101,0.61102766,0
validation,15102,0.017891593,0
validation,15103,0.058305245,0
validation,15104,0.43386388,0
validation,15105,0.060592737,0
validation,15106,0.5352799,0
validation,15107,0.7926548,0
validation,15108,0.34079057,0
validation,15109,0.5753164,0
validation,15110,0.803307,0
validation,15111,0.41279048,0
validation,15112,0.25276166,0
validation,15113,7.21757e-05,0
validation,15114,0.0016281897,0
validation,15115,0.08848414,0
validation,15116,0.014513466,0
validation,15117,0.005254927,0
validation,15118,0.014243279,0
validation,15119,0.02196852,0
validation,15120,0.00035636732,0
validation,15121,0.0076805796,0
validation,15122,0.28839505,0
validation,15123,0.8402618,0
validation,15124,0.0049814424,0
validation,15125,0.005703663,0
validation,15126,0.63533586,0
validation,15127,0.3484632,0
validation,15128,0.002328531,0
validation,15129,0.025158472,0
validation,15130,0.8117808,0
validation,15131,0.0560955,0
validation,15132,0.60148835,0
validation,15133,0.6728072,0
validation,15134,0.5558431,0
validation,15135,0.008544714,0
validation,15136,0.42901954,0
validation,15137,0.48989493,0
validation,15138,0.00537591,0
validation,15139,0.21993266,0
validation,15140,0.20885545,0
validation,15141,0.015396509,0
validation,15142,0.060301993,0
validation,15143,0.3171952,0
validation,15144,0.645949,0
validation,15145,0.052983806,0
validation,15146,0.54829526,0
validation,15147,0.01638916,0
validation,15148,0.052702527,0
validation,15149,0.0009802356,0
validation,15150,0.000985856,0
validation,15151,0.028416509,0
validation,15152,0.043564137,0
validation,15153,0.4667257,0
validation,15154,0.5489801,0
validation,15155,0.7155812,0
validation,15156,0.000784263,0
validation,15157,0.00325458,0
validation,15158,0.0079555875,0
validation,15159,0.07704744,0
validation,15160,0.019963413,0
validation,15161,0.002103361,0
validation,15162,0.034665983,0
validation,15163,0.053305786,0
validation,15164,0.028293336,0
validation,15165,0.5064082,0
validation,15166,0.69393027,0
validation,15167,0.026736014,0
validation,15168,0.0012091404,0
validation,15169,0.014107411,0
validation,15170,0.4260421,0
validation,15171,0.3181564,0
validation,15172,0.09799503,0
validation,15173,0.21424228,0
validation,15174,0.09331693,0
validation,15175,0.75783455,0
validation,15176,0.5130297,0
validation,15177,0.08090538,0
validation,15178,0.008214618,0
validation,15179,0.5750176,0
validation,15180,0.31545806,0
validation,15181,0.0047224215,0
validation,15182,0.24377169,0
validation,15183,0.00083867874,0
validation,15184,0.0015104993,0
validation,15185,0.0005687209,0
validation,15186,0.0007358989,0
validation,15187,0.00040291596,0
validation,15188,0.0005381492,0
validation,15189,0.0026349553,0
validation,15190,0.009144603,0
validation,15191,0.16619305,0
validation,15192,0.0094756195,0
validation,15193,0.003279011,0
validation,15194,0.005323975,0
validation,15195,0.0026467987,0
validation,15196,0.0018064842,0
validation,15197,0.0008480763,0
validation,15198,7.565314e-05,0
validation,15199,0.8594507,0
validation,15200,0.5174013,0
validation,15201,0.25187927,0
validation,15202,0.003234404,0
validation,15203,0.21810004,0
validation,15204,0.6772065,0
validation,15205,0.00023772819,0
validation,15206,1.2806036e-05,0
validation,15207,1.2661382e-05,0
validation,15208,0.609105,0
validation,15209,0.02407987,0
validation,15210,0.017379923,0
validation,15211,0.3179044,0
validation,15212,0.011050311,0
validation,15213,0.33103988,0
validation,15214,0.0033451412,0
validation,15215,0.76819634,0
validation,15216,0.29880175,0
validation,15217,0.0046232706,0
validation,15218,0.073152535,0
validation,15219,0.7462312,0
validation,15220,0.49745128,0
validation,15221,0.0018657251,0
validation,15222,0.0013553274,0
validation,15223,0.04663416,0
validation,15224,0.17465287,0
validation,15225,0.0005323208,0
validation,15226,0.00080290827,0
validation,15227,0.010336716,0
validation,15228,0.53705525,0
validation,15229,6.786324e-05,0
validation,15230,0.29848316,0
validation,15231,0.004001561,0
validation,15232,0.3058005,0
validation,15233,0.40780094,0
validation,15234,0.25649154,0
validation,15235,0.010756422,0
validation,15236,0.08733248,0
validation,15237,0.4893206,0
validation,15238,0.7767861,0
validation,15239,0.00036143654,0
validation,15240,0.24221098,0
validation,15241,0.002221513,0
validation,15242,0.058282606,0
validation,15243,0.02786488,0
validation,15244,0.36316437,0
validation,15245,0.40812427,0
validation,15246,0.00021367778,0
validation,15247,0.0011632334,0
validation,15248,0.0042450563,0
validation,15249,0.37419805,0
validation,15250,0.28374946,0
validation,15251,0.0008211549,0
validation,15252,0.8996496,0
validation,15253,0.00065956474,0
validation,15254,0.6580672,0
validation,15255,0.0017223901,0
validation,15256,0.0077350372,0
validation,15257,0.6847335,0
validation,15258,0.0036532225,0
validation,15259,0.00987938,0
validation,15260,0.79327273,0
validation,15261,0.21844462,0
validation,15262,0.6045459,0
validation,15263,0.060954362,0
validation,15264,0.019883791,0
validation,15265,0.005480787,0
validation,15266,0.00046792047,0
validation,15267,0.0005482576,0
validation,15268,0.0003283172,0
validation,15269,0.00022281538,0
validation,15270,0.0014086693,0
validation,15271,0.28726724,0
validation,15272,0.48561198,0
validation,15273,0.48727998,0
validation,15274,0.59844506,0
validation,15275,0.593416,0
validation,15276,0.11514682,0
validation,15277,0.003964235,0
validation,15278,0.051174365,0
validation,15279,0.0042958944,0
validation,15280,0.0121162655,0
validation,15281,0.02108711,0
validation,15282,0.00563359,0
validation,15283,0.6082464,0
validation,15284,0.53908247,0
validation,15285,0.35099453,0
validation,15286,0.57862115,0
validation,15287,0.43961176,0
validation,15288,0.01526864,0
validation,15289,0.3034785,0
validation,15290,0.081037395,0
validation,15291,0.1838353,0
validation,15292,0.5643896,0
validation,15293,0.0106501,0
validation,15294,0.2203631,0
validation,15295,0.0897803,0
validation,15296,0.084061176,0
validation,15297,0.79216504,0
validation,15298,0.50684774,0
validation,15299,0.0061707753,0
validation,15300,0.46154815,0
validation,15301,0.38078168,0
validation,15302,0.30301756,1
validation,15303,0.1538978,0
validation,15304,0.039479684,0
validation,15305,0.0011190578,0
validation,15306,0.078135476,0
validation,15307,0.37008417,0
validation,15308,0.005167494,0
validation,15309,0.35998288,0
validation,15310,0.89861286,0
validation,15311,0.058911126,0
validation,15312,0.55787385,0
validation,15313,0.0008814889,0
validation,15314,0.0005483088,0
validation,15315,0.0029747654,0
validation,15316,0.0013719936,0
validation,15317,0.11334189,0
validation,15318,0.0014991502,0
validation,15319,0.5358157,0
validation,15320,0.012151468,0
validation,15321,0.21853653,0
validation,15322,0.32760134,0
validation,15323,0.47319847,0
validation,15324,0.0010627441,0
validation,15325,0.47687855,0
validation,15326,0.0009673371,0
validation,15327,0.11595016,0
validation,15328,0.00095007586,0
validation,15329,0.103740536,0
validation,15330,0.15806249,0
validation,15331,0.3195238,0
validation,15332,0.6238599,0
validation,15333,0.0009824189,0
validation,15334,0.3292305,0
validation,15335,0.001105268,0
validation,15336,0.44388694,0
validation,15337,0.0027545737,0
validation,15338,0.017090274,0
validation,15339,0.0065609436,0
validation,15340,0.50920415,0
validation,15341,0.29435873,0
validation,15342,0.39475295,0
validation,15343,0.3739378,0
validation,15344,0.006340922,0
validation,15345,0.00054103706,0
validation,15346,0.44750628,0
validation,15347,0.47316357,0
validation,15348,0.06317157,0
validation,15349,0.23820154,0
validation,15350,0.035899453,0
validation,15351,0.0028460072,0
validation,15352,0.48853394,0
validation,15353,0.0011501827,0
validation,15354,0.0027488426,0
validation,15355,0.0010957248,0
validation,15356,0.025927711,0
validation,15357,0.5810813,0
validation,15358,0.37413278,0
validation,15359,0.6466868,0
validation,15360,0.010166842,0
validation,15361,0.014001374,0
validation,15362,0.4574438,0
validation,15363,0.0012638399,0
validation,15364,0.00027765505,0
validation,15365,0.01332773,0
validation,15366,0.007619209,0
validation,15367,0.4424506,0
validation,15368,0.49126872,0
validation,15369,0.632253,0
validation,15370,0.18888642,0
validation,15371,0.032324623,0
validation,15372,0.060665622,0
validation,15373,0.007295629,0
validation,15374,0.009343337,0
validation,15375,0.00077079027,0
validation,15376,0.003018007,0
validation,15377,0.05560509,0
validation,15378,0.04524669,0
validation,15379,0.7067623,0
validation,15380,0.05596389,0
validation,15381,0.006885629,0
validation,15382,0.022508383,0
validation,15383,0.5493274,0
validation,15384,0.01608396,0
validation,15385,0.005154237,0
validation,15386,0.33398095,0
validation,15387,0.0010835355,0
validation,15388,0.0012662407,0
validation,15389,0.06973773,0
validation,15390,0.35925385,0
validation,15391,0.4932107,0
validation,15392,0.0002798748,0
validation,15393,0.07027979,0
validation,15394,0.008320962,0
validation,15395,0.00093320664,0
validation,15396,0.00416869,0
validation,15397,0.061341625,0
validation,15398,0.0017245606,0
validation,15399,0.0045076758,0
validation,15400,0.00033082292,0
validation,15401,0.07369223,0
validation,15402,0.00018374971,0
validation,15403,0.009733907,0
validation,15404,0.00083583855,0
validation,15405,0.02457359,0
validation,15406,0.28726077,0
validation,15407,0.37442568,0
validation,15408,0.5501499,0
validation,15409,0.0003433355,0
validation,15410,0.7696059,0
validation,15411,0.0022528975,0
validation,15412,0.0003641302,0
validation,15413,0.0013296538,0
validation,15414,0.0009805873,0
validation,15415,0.00262701,0
validation,15416,0.53781974,0
validation,15417,0.52612054,0
validation,15418,0.49762556,0
validation,15419,0.0011574378,0
validation,15420,0.0014148962,0
validation,15421,0.4177018,0
validation,15422,0.4332235,0
validation,15423,0.3587688,0
validation,15424,0.5173503,0
validation,15425,0.18189421,0
validation,15426,0.006070245,0
validation,15427,0.67567587,0
validation,15428,0.44107503,0
validation,15429,0.002643581,0
validation,15430,0.00040409644,0
validation,15431,0.2633901,0
validation,15432,0.06583594,0
validation,15433,0.5331197,0
validation,15434,0.0034201122,0
validation,15435,0.67351043,0
validation,15436,0.0030103177,0
validation,15437,0.00096734805,0
validation,15438,0.0032290185,0
validation,15439,3.8375583e-05,0
validation,15440,0.009689533,0
validation,15441,0.0014093806,0
validation,15442,0.00042203767,0
validation,15443,0.0010561821,0
validation,15444,0.0006502189,0
validation,15445,0.003997446,0
validation,15446,0.00021715999,0
validation,15447,0.001250758,0
validation,15448,0.00072625634,0
validation,15449,0.0028914737,0
validation,15450,0.0020451008,0
validation,15451,0.0007008857,0
validation,15452,0.104157604,0
validation,15453,0.0060797865,0
validation,15454,0.0136759505,0
validation,15455,0.0012477231,0
validation,15456,0.0030104197,0
validation,15457,0.1604198,0
validation,15458,0.0040368713,0
validation,15459,0.3406068,0
validation,15460,0.38294435,0
validation,15461,0.25763556,0
validation,15462,0.2741594,0
validation,15463,0.13766946,0
validation,15464,0.43156502,0
validation,15465,0.00815117,0
validation,15466,0.03919482,0
validation,15467,0.9302674,0
validation,15468,0.6606771,0
validation,15469,0.7322669,0
validation,15470,0.5577941,0
validation,15471,0.33422694,0
validation,15472,0.121594645,0
validation,15473,0.014928156,0
validation,15474,0.478399,0
validation,15475,0.34892464,0
validation,15476,0.00030199034,0
validation,15477,0.0020150277,0
validation,15478,0.17169684,0
validation,15479,0.004774001,0
validation,15480,0.00404136,0
validation,15481,0.36974934,0
validation,15482,0.0043630945,0
validation,15483,0.19145663,0
validation,15484,0.011043236,0
validation,15485,0.18953833,0
validation,15486,0.00017740956,0
validation,15487,0.005625961,0
validation,15488,0.00174895,0
validation,15489,0.0056721917,0
validation,15490,0.0054141926,0
validation,15491,0.51431215,0
validation,15492,0.36047807,0
validation,15493,0.21128973,0
validation,15494,0.4033091,0
validation,15495,0.6617937,0
validation,15496,0.49167857,0
validation,15497,0.5508486,0
validation,15498,0.451889,0
validation,15499,0.036725935,0
validation,15500,0.3030431,0
validation,15501,0.295796,0
validation,15502,0.3705999,0
validation,15503,0.41938928,0
validation,15504,0.007975331,0
validation,15505,0.33920684,0
validation,15506,0.0008218414,0
validation,15507,0.041136697,0
validation,15508,0.48349664,0
validation,15509,0.0005680298,0
validation,15510,0.49757466,0
validation,15511,0.29875788,0
validation,15512,0.16094758,0
validation,15513,0.16428134,0
validation,15514,0.0076797917,0
validation,15515,0.20691131,0
validation,15516,0.06472077,0
validation,15517,0.44174322,0
validation,15518,0.6788169,0
validation,15519,0.3962289,0
validation,15520,0.0011424783,0
validation,15521,0.0042266794,0
validation,15522,0.21522576,0
validation,15523,0.0052194158,0
validation,15524,0.50997394,0
validation,15525,0.003756065,0
validation,15526,0.001575929,0
validation,15527,0.12830445,0
validation,15528,0.49061522,0
validation,15529,0.22964759,0
validation,15530,0.4240201,0
validation,15531,0.0049583903,0
validation,15532,0.56520236,0
validation,15533,0.00039150286,0
validation,15534,0.0018085307,0
validation,15535,0.07964356,0
validation,15536,0.00465541,0
validation,15537,0.0005035227,0
validation,15538,0.0032984724,0
validation,15539,0.0033780583,0
validation,15540,0.6648922,0
validation,15541,0.60408413,0
validation,15542,0.003541231,0
validation,15543,0.0025557778,0
validation,15544,0.005107828,0
validation,15545,0.004555248,0
validation,15546,0.009465944,0
validation,15547,0.005179537,0
validation,15548,0.57431555,0
validation,15549,0.0022561408,0
validation,15550,0.0042979512,0
validation,15551,0.0014511601,0
validation,15552,0.0030186167,0
validation,15553,0.0040997476,0
validation,15554,0.14528428,0
validation,15555,0.0040116836,0
validation,15556,0.38291386,0
validation,15557,0.7420758,0
validation,15558,0.04906903,0
validation,15559,0.0015577778,0
validation,15560,0.00020048603,0
validation,15561,0.0063724495,0
validation,15562,0.06170539,0
validation,15563,0.00069500256,0
validation,15564,0.14655373,0
validation,15565,0.003366102,0
validation,15566,0.4345688,0
validation,15567,0.13281813,0
validation,15568,0.0015376155,0
validation,15569,0.56207937,0
validation,15570,0.47056583,0
validation,15571,0.013643583,0
validation,15572,0.14864498,0
validation,15573,0.020143341,0
validation,15574,0.004380984,0
validation,15575,0.0073683923,0
validation,15576,0.00014538794,0
validation,15577,0.48135412,0
validation,15578,0.43550906,0
validation,15579,0.80723894,0
validation,15580,0.00020634769,0
validation,15581,0.004473503,0
validation,15582,0.4877189,0
validation,15583,0.006506917,0
validation,15584,0.09437555,0
validation,15585,0.004376384,0
validation,15586,0.740708,0
validation,15587,0.0049779937,0
validation,15588,0.027836757,0
validation,15589,0.1355856,0
validation,15590,0.4590999,0
validation,15591,0.4755103,0
validation,15592,0.44164714,0
validation,15593,0.36674204,0
validation,15594,0.55931544,0
validation,15595,0.0039484724,0
validation,15596,0.58385926,0
validation,15597,0.006402174,0
validation,15598,0.11229608,0
validation,15599,0.7399399,0
validation,15600,0.0020144326,0
validation,15601,0.5193355,0
validation,15602,0.4271949,0
validation,15603,0.04969135,0
validation,15604,0.46072623,0
validation,15605,0.671909,0
validation,15606,0.0016067611,0
validation,15607,0.4553866,0
validation,15608,0.0007230672,0
validation,15609,0.12037469,0
validation,15610,0.004199531,0
validation,15611,0.003282452,0
validation,15612,0.22851689,0
validation,15613,0.4938148,0
validation,15614,0.0017337473,0
validation,15615,0.40149212,0
validation,15616,0.0010190693,0
validation,15617,0.44901112,0
validation,15618,0.10824744,0
validation,15619,0.00158994,0
validation,15620,0.22678618,0
validation,15621,0.00032835384,0
validation,15622,0.06687519,0
validation,15623,0.00090375455,0
validation,15624,0.43849492,0
validation,15625,0.0106269885,0
validation,15626,0.44480142,0
validation,15627,0.5236789,0
validation,15628,0.5101224,0
validation,15629,0.0017277456,0
validation,15630,0.0015986954,0
validation,15631,0.00017160067,0
validation,15632,0.082884945,0
validation,15633,0.001563927,0
validation,15634,0.44860533,0
validation,15635,0.5872897,0
validation,15636,0.0020364425,0
validation,15637,0.016362999,0
validation,15638,0.43581933,0
validation,15639,0.509854,0
validation,15640,0.4883161,0
validation,15641,0.0053827344,0
validation,15642,0.004417168,0
validation,15643,0.013954167,0
validation,15644,0.17505875,0
validation,15645,0.94033253,0
validation,15646,0.4565552,0
validation,15647,0.3642499,0
validation,15648,0.19558741,0
validation,15649,0.62193274,0
validation,15650,0.0024262802,0
validation,15651,0.040568005,0
validation,15652,0.022429718,0
validation,15653,0.19489464,0
validation,15654,0.0023073403,0
validation,15655,0.4429782,0
validation,15656,0.40348107,0
validation,15657,0.07113678,0
validation,15658,0.008790194,0
validation,15659,0.28177625,0
validation,15660,0.064408004,0
validation,15661,0.10180157,0
validation,15662,0.0010146864,0
validation,15663,0.07124564,0
validation,15664,0.21679476,0
validation,15665,0.11327436,0
validation,15666,0.46562156,0
validation,15667,0.012484042,0
validation,15668,0.41687912,0
validation,15669,0.3670829,0
validation,15670,0.0031908005,0
validation,15671,0.51021385,0
validation,15672,0.23603284,0
validation,15673,0.12318462,0
validation,15674,0.8966217,0
validation,15675,0.0006665445,0
validation,15676,0.693748,0
validation,15677,0.0665067,0
validation,15678,0.530055,0
validation,15679,0.49860767,0
validation,15680,0.4015459,0
validation,15681,0.55826795,0
validation,15682,0.09639067,0
validation,15683,0.54541075,0
validation,15684,0.052973393,0
validation,15685,0.41731837,0
validation,15686,0.4760611,0
validation,15687,0.01063432,0
validation,15688,0.0044724415,0
validation,15689,0.0012901294,0
validation,15690,0.55499566,0
validation,15691,0.3644122,0
validation,15692,0.47900775,0
validation,15693,0.44206056,0
validation,15694,0.0033706129,0
validation,15695,0.0030719887,0
validation,15696,0.34643942,0
validation,15697,0.0007541628,0
validation,15698,0.0008261922,0
validation,15699,0.2865025,0
validation,15700,0.00410657,0
validation,15701,0.001352286,0
validation,15702,0.14418416,0
validation,15703,0.0010919204,0
validation,15704,0.42171088,0
validation,15705,0.54071677,0
validation,15706,0.001032031,0
validation,15707,0.004188693,0
validation,15708,0.5385739,0
validation,15709,0.17237598,0
validation,15710,0.0023041493,0
validation,15711,0.0024813784,0
validation,15712,0.4638948,0
validation,15713,0.13815653,0
validation,15714,0.0010450631,0
validation,15715,7.9505815e-05,0
validation,15716,0.09623266,0
validation,15717,0.0019434755,0
validation,15718,0.078898415,0
validation,15719,0.14992367,0
validation,15720,0.0033407882,0
validation,15721,0.0038814924,0
validation,15722,0.008625278,0
validation,15723,0.44406384,0
validation,15724,0.29540828,0
validation,15725,0.017219143,0
validation,15726,0.0034537562,0
validation,15727,0.0018458535,0
validation,15728,0.0075984197,0
validation,15729,0.26488286,0
validation,15730,0.49634373,0
validation,15731,0.48334894,0
validation,15732,0.53609455,0
validation,15733,0.008299726,0
validation,15734,0.58820856,0
validation,15735,0.4980816,0
validation,15736,0.09635297,0
validation,15737,0.18441632,0
validation,15738,0.0031255826,0
validation,15739,0.48658404,0
validation,15740,0.4220838,0
validation,15741,0.0030902883,0
validation,15742,0.5293122,0
validation,15743,0.00021849378,0
validation,15744,0.0010136343,0
validation,15745,0.0023950418,0
validation,15746,0.0076104924,0
validation,15747,0.26272425,0
validation,15748,0.039730504,0
validation,15749,0.27637863,0
validation,15750,0.0007276284,0
validation,15751,0.0022068215,0
validation,15752,0.5006181,0
validation,15753,0.4060275,0
validation,15754,0.0001763736,0
validation,15755,0.0018770965,0
validation,15756,0.32299688,0
validation,15757,0.2979492,0
validation,15758,0.0014058461,0
validation,15759,0.48263758,0
validation,15760,0.35428587,0
validation,15761,0.7653236,0
validation,15762,0.13232985,0
validation,15763,0.0047495435,0
validation,15764,0.5271416,0
validation,15765,0.023320526,0
validation,15766,0.0090856375,0
validation,15767,0.4375855,0
validation,15768,0.3884671,0
validation,15769,0.4533749,0
validation,15770,0.46826097,0
validation,15771,0.02125761,0
validation,15772,0.47198793,0
validation,15773,0.0006367763,0
validation,15774,0.0022011402,0
validation,15775,0.0042737946,0
validation,15776,0.013188472,0
validation,15777,0.4764139,0
validation,15778,0.58755213,0
validation,15779,0.6464299,0
validation,15780,0.10741661,0
validation,15781,0.43382958,0
validation,15782,0.6727917,0
validation,15783,0.36276665,0
validation,15784,0.25696644,0
validation,15785,0.026054692,0
validation,15786,0.0017729534,0
validation,15787,0.036368273,0
validation,15788,0.83689547,0
validation,15789,0.665347,0
validation,15790,0.47509214,0
validation,15791,0.15514474,0
validation,15792,0.00080925407,0
validation,15793,0.4749165,0
validation,15794,0.4528821,0
validation,15795,0.0057762065,0
validation,15796,0.00890522,0
validation,15797,0.48576343,0
validation,15798,0.68467224,0
validation,15799,0.5035082,0
validation,15800,0.47939458,0
validation,15801,0.00017374332,0
validation,15802,0.02642485,0
validation,15803,0.66960096,0
validation,15804,0.5843576,0
validation,15805,0.107028976,0
validation,15806,0.24908131,0
validation,15807,0.0033620507,0
validation,15808,0.021359418,0
validation,15809,0.0014113212,0
validation,15810,0.7837673,0
validation,15811,0.011510233,0
validation,15812,0.0012913734,0
validation,15813,0.62851775,0
validation,15814,0.32774976,0
validation,15815,0.0004300839,0
validation,15816,0.0024849658,0
validation,15817,0.37393224,0
validation,15818,0.41820267,0
validation,15819,0.008125662,0
validation,15820,0.0021761865,0
validation,15821,0.09027514,0
validation,15822,0.20131883,0
validation,15823,0.3679594,0
validation,15824,0.0007216072,0
validation,15825,0.45758674,0
validation,15826,0.46758315,0
validation,15827,0.7585067,0
validation,15828,0.0030766844,0
validation,15829,0.511757,0
validation,15830,0.0014343065,0
validation,15831,0.0017430749,0
validation,15832,0.0026090653,0
validation,15833,0.32717004,0
validation,15834,0.14774583,0
validation,15835,0.34094957,0
validation,15836,0.08127767,1
validation,15837,0.3491896,0
validation,15838,0.0008889968,0
validation,15839,0.1693137,0
validation,15840,0.42286783,0
validation,15841,0.71763384,0
validation,15842,0.00367932,0
validation,15843,0.7636372,0
validation,15844,0.0035608234,0
validation,15845,0.000790743,0
validation,15846,0.84657985,0
validation,15847,0.13445237,0
validation,15848,0.005249212,0
validation,15849,0.507617,0
validation,15850,0.09447441,0
validation,15851,0.0063020494,0
validation,15852,0.62285364,0
validation,15853,0.05632229,0
validation,15854,0.0019139443,0
validation,15855,0.23865119,0
validation,15856,0.047959737,0
validation,15857,0.16287003,0
validation,15858,0.014855936,0
validation,15859,0.29480755,0
validation,15860,0.319133,0
validation,15861,0.029052874,0
validation,15862,0.6437216,0
validation,15863,0.676894,0
validation,15864,0.00053749455,0
validation,15865,0.0035876895,0
validation,15866,0.008040315,0
validation,15867,0.0033284395,0
validation,15868,0.0010316598,0
validation,15869,0.0044886423,0
validation,15870,0.70552796,0
validation,15871,0.002567,0
validation,15872,0.0005379797,0
validation,15873,0.0005159272,0
validation,15874,0.5981847,0
validation,15875,0.003511378,0
validation,15876,0.0015045139,0
validation,15877,0.002352362,0
validation,15878,0.0013989313,0
validation,15879,0.40387705,0
validation,15880,0.931637,0
validation,15881,0.67279595,0
validation,15882,0.8150354,0
validation,15883,0.007691854,0
validation,15884,0.0025166604,0
validation,15885,0.0018711943,0
validation,15886,0.00017513416,0
validation,15887,0.42711073,0
validation,15888,0.0015404851,0
validation,15889,0.068920426,0
validation,15890,0.080680236,0
validation,15891,0.38588643,0
validation,15892,0.10988528,0
validation,15893,0.3908314,0
validation,15894,0.28498065,0
validation,15895,0.0912536,0
validation,15896,0.1782653,0
validation,15897,0.17961481,0
validation,15898,0.1130341,0
validation,15899,0.0071154973,0
validation,15900,0.11008718,0
validation,15901,0.009748985,0
validation,15902,0.41161403,0
validation,15903,0.0022801154,0
validation,15904,0.002000026,0
validation,15905,0.3862358,0
validation,15906,0.00205916,0
validation,15907,0.33345833,0
validation,15908,0.0014672583,0
validation,15909,0.093994655,0
validation,15910,0.5822332,0
validation,15911,0.16856667,0
validation,15912,0.09380999,0
validation,15913,0.26712003,0
validation,15914,0.037191063,0
validation,15915,0.08396404,0
validation,15916,0.7044394,0
validation,15917,0.5947236,0
validation,15918,0.6451994,0
validation,15919,0.013662308,0
validation,15920,0.008525809,0
validation,15921,0.40746677,0
validation,15922,0.014367041,0
validation,15923,0.0023753606,0
validation,15924,0.005518985,0
validation,15925,0.0046032225,0
validation,15926,0.0015781049,0
validation,15927,0.46458924,0
validation,15928,0.18710005,0
validation,15929,0.111332834,0
validation,15930,0.117040716,0
validation,15931,0.118787736,0
validation,15932,0.3851891,0
validation,15933,0.023849335,0
validation,15934,0.0032801474,0
validation,15935,0.50161004,0
validation,15936,0.06733906,0
validation,15937,0.009374926,0
validation,15938,0.0017707447,0
validation,15939,0.17195451,0
validation,15940,0.011706999,0
validation,15941,0.1778862,0
validation,15942,0.0077072317,0
validation,15943,0.0023579774,0
validation,15944,0.39081398,0
validation,15945,0.03804146,0
validation,15946,0.00520845,0
validation,15947,0.0040363595,0
validation,15948,0.09193006,0
validation,15949,0.58840346,0
validation,15950,0.14961742,0
validation,15951,0.2964882,0
validation,15952,0.0036498138,0
validation,15953,0.0026655293,0
validation,15954,0.07451074,0
validation,15955,0.06614854,0
validation,15956,0.40210682,0
validation,15957,0.36243778,0
validation,15958,0.3506775,0
validation,15959,0.00028566984,0
validation,15960,0.11907583,0
validation,15961,0.020393813,0
validation,15962,0.5051864,0
validation,15963,0.008488544,0
validation,15964,0.013046657,0
validation,15965,0.0010311715,0
validation,15966,0.0047723,0
validation,15967,0.79154146,0
validation,15968,0.00050242746,0
validation,15969,0.57860446,0
validation,15970,0.4240176,0
validation,15971,0.788075,0
validation,15972,0.28745422,0
validation,15973,1.1502119e-07,0
validation,15974,0.6269489,0
validation,15975,0.0011480509,0
validation,15976,0.41670617,0
validation,15977,0.07095313,0
validation,15978,0.494262,0
validation,15979,0.15737139,0
validation,15980,0.5125289,0
validation,15981,0.3370327,0
validation,15982,0.8365118,0
validation,15983,0.010893225,0
validation,15984,0.48451793,0
validation,15985,0.0024317042,0
validation,15986,0.11615806,0
validation,15987,0.09506751,0
validation,15988,0.79418856,0
validation,15989,0.3110137,0
validation,15990,0.009329062,0
validation,15991,0.002816305,0
validation,15992,0.049878553,0
validation,15993,0.008989718,0
validation,15994,0.6912241,0
validation,15995,0.5808953,0
validation,15996,0.35195774,0
validation,15997,0.03683479,0
validation,15998,0.0004857495,0
validation,15999,0.19531631,0
validation,16000,0.0015899227,0
validation,16001,0.04391517,0
validation,16002,0.30411255,0
validation,16003,0.18532217,0
validation,16004,0.40896624,0
validation,16005,0.55591416,0
validation,16006,0.0018858955,0
validation,16007,0.0006679304,0
validation,16008,0.4161499,0
validation,16009,0.42747033,0
validation,16010,0.4054203,0
validation,16011,0.39398086,0
validation,16012,0.046096116,0
validation,16013,0.7580915,0
validation,16014,0.035273325,0
validation,16015,0.4605332,0
validation,16016,0.020250397,0
validation,16017,0.002120066,0
validation,16018,0.009214034,0
validation,16019,0.71141803,0
validation,16020,0.52973485,0
validation,16021,0.3221641,0
validation,16022,0.36403453,0
validation,16023,0.26326957,0
validation,16024,0.6125938,0
validation,16025,0.00694638,0
validation,16026,0.6903073,0
validation,16027,0.16400054,0
validation,16028,0.070155546,0
validation,16029,0.22875544,0
validation,16030,0.0025203167,0
validation,16031,0.6734306,0
validation,16032,0.004971967,0
validation,16033,0.6431229,0
validation,16034,0.571929,0
validation,16035,0.580533,0
validation,16036,0.40760103,0
validation,16037,0.23717152,0
validation,16038,0.21152143,0
validation,16039,0.19121417,0
validation,16040,0.31077462,0
validation,16041,0.22212763,0
validation,16042,0.13590105,0
validation,16043,0.60263306,0
validation,16044,0.050193097,0
validation,16045,0.0007533213,0
validation,16046,0.003576737,0
validation,16047,0.009756708,0
validation,16048,0.00022238221,0
validation,16049,0.07290898,0
validation,16050,0.00059850846,0
validation,16051,0.66850126,0
validation,16052,0.4327769,0
validation,16053,0.15098514,0
validation,16054,0.45661956,0
validation,16055,0.4331825,0
validation,16056,0.46046907,0
validation,16057,0.15269,0
validation,16058,0.68360543,0
validation,16059,0.68189,0
validation,16060,0.4735755,0
validation,16061,0.5563284,0
validation,16062,0.20508042,0
validation,16063,0.00048748968,0
validation,16064,0.33309868,0
validation,16065,0.59198964,0
validation,16066,0.84786844,0
validation,16067,0.56994,0
validation,16068,0.00033844067,0
validation,16069,0.0010959728,0
validation,16070,0.04918704,0
validation,16071,0.36875722,0
validation,16072,0.26987743,0
validation,16073,0.002817448,0
validation,16074,0.005798155,0
validation,16075,0.0013588966,0
validation,16076,0.3720725,0
validation,16077,0.38410315,0
validation,16078,0.50715244,0
validation,16079,0.2574298,0
validation,16080,0.0907343,0
validation,16081,0.005797006,0
validation,16082,0.40177473,0
validation,16083,0.0011123735,0
validation,16084,0.12963066,0
validation,16085,0.716647,0
validation,16086,0.48805964,0
validation,16087,0.020957012,0
validation,16088,0.14937638,0
validation,16089,0.0009110447,0
validation,16090,0.0036940603,0
validation,16091,0.17562069,0
validation,16092,0.36635104,0
validation,16093,0.11299189,0
validation,16094,0.082750656,0
validation,16095,0.025561495,0
validation,16096,0.35821432,0
validation,16097,0.45489424,0
validation,16098,0.8932347,0
validation,16099,0.1566001,0
validation,16100,0.00066723884,0
validation,16101,0.00045739222,0
validation,16102,0.00438722,0
validation,16103,0.00069784553,0
validation,16104,0.1479247,0
validation,16105,0.044711962,0
validation,16106,0.00033037947,0
validation,16107,0.00057657436,0
validation,16108,0.10185126,0
validation,16109,0.3471086,0
validation,16110,0.47111592,0
validation,16111,0.00081348047,0
validation,16112,0.4026965,0
validation,16113,0.57292855,0
validation,16114,0.5523988,0
validation,16115,0.59751534,0
validation,16116,0.5710999,0
validation,16117,0.47279057,0
validation,16118,0.36214894,0
validation,16119,5.327878e-05,0
validation,16120,0.47001547,0
validation,16121,0.34029052,0
validation,16122,0.002514313,0
validation,16123,0.000935241,0
validation,16124,0.20071314,0
validation,16125,0.43500918,0
validation,16126,0.0111651635,0
validation,16127,0.7635657,0
validation,16128,0.080061056,0
validation,16129,0.5410602,0
validation,16130,0.0005231527,0
validation,16131,0.00045518205,0
validation,16132,0.087853365,0
validation,16133,0.92194635,0
validation,16134,0.5636999,0
validation,16135,0.08598649,0
validation,16136,0.100985736,0
validation,16137,0.45441845,0
validation,16138,0.62055516,0
validation,16139,0.046465553,0
validation,16140,0.46065542,0
validation,16141,0.26334253,0
validation,16142,0.12948053,0
validation,16143,0.0010857478,0
validation,16144,0.54834217,0
validation,16145,0.44837907,0
validation,16146,0.8748596,0
validation,16147,0.42742863,0
validation,16148,0.36868486,0
validation,16149,0.7135336,0
validation,16150,0.0006058929,0
validation,16151,0.71272933,0
validation,16152,0.042747665,0
validation,16153,0.0006062808,0
validation,16154,0.0048393365,0
validation,16155,0.004353212,0
validation,16156,0.6323453,0
validation,16157,0.0043134973,0
validation,16158,0.3797997,0
validation,16159,0.56929576,0
validation,16160,0.5538765,0
validation,16161,0.0028813279,0
validation,16162,0.30626345,0
validation,16163,0.054597702,0
validation,16164,0.0054835607,0
validation,16165,0.45273155,0
validation,16166,0.39484686,0
validation,16167,0.0020665298,0
validation,16168,0.0008598012,0
validation,16169,0.01138513,0
validation,16170,0.008155284,0
validation,16171,0.019428885,0
validation,16172,0.0023756858,0
validation,16173,0.0007474729,0
validation,16174,0.04472696,0
validation,16175,0.005967444,0
validation,16176,0.20772675,0
validation,16177,0.1786617,0
validation,16178,0.54282796,0
validation,16179,0.37902075,0
validation,16180,0.25960943,0
validation,16181,0.89558196,0
validation,16182,0.5382892,0
validation,16183,0.5434734,0
validation,16184,0.40725675,0
validation,16185,0.12610097,0
validation,16186,0.76741457,0
validation,16187,0.0023659596,0
validation,16188,0.40919515,0
validation,16189,0.0033072473,0
validation,16190,0.52293754,0
validation,16191,0.7865818,0
validation,16192,0.26460055,0
validation,16193,0.35214522,0
validation,16194,0.3021795,0
validation,16195,0.0041261897,0
validation,16196,0.43061456,0
validation,16197,0.50508356,0
validation,16198,0.24866778,0
validation,16199,0.50877035,0
validation,16200,0.38989007,0
validation,16201,0.45697445,0
validation,16202,0.5090995,0
validation,16203,0.48152652,0
validation,16204,0.0010592509,0
validation,16205,0.00027437226,0
validation,16206,0.51554686,0
validation,16207,0.6445877,0
validation,16208,0.0011952604,0
validation,16209,0.0058476655,0
validation,16210,0.52035046,0
validation,16211,0.31623998,0
validation,16212,0.0028278844,0
validation,16213,0.000542977,0
validation,16214,0.20670287,0
validation,16215,0.39891064,0
validation,16216,0.6184543,0
validation,16217,0.3789013,0
validation,16218,0.6606833,0
validation,16219,0.8196774,0
validation,16220,0.7750877,0
validation,16221,0.00017571157,0
validation,16222,0.44091305,0
validation,16223,4.882485e-05,0
validation,16224,7.704459e-05,0
validation,16225,0.34365728,0
validation,16226,0.28921723,0
validation,16227,0.031012759,0
validation,16228,0.0012271054,0
validation,16229,0.80825555,0
validation,16230,0.00012099794,0
validation,16231,0.15452176,0
validation,16232,0.1440771,0
validation,16233,0.00010178501,0
validation,16234,0.3885336,0
validation,16235,0.20235576,0
validation,16236,0.0012853032,0
validation,16237,0.006754503,0
validation,16238,0.06325777,0
validation,16239,0.1723064,0
validation,16240,0.46914333,0
validation,16241,0.00082954095,0
validation,16242,0.1831624,0
validation,16243,0.7878782,0
validation,16244,0.15144475,0
validation,16245,0.48333886,0
validation,16246,0.50487196,0
validation,16247,0.0018882386,0
validation,16248,0.057161164,0
validation,16249,0.2120728,0
validation,16250,0.0006968198,0
validation,16251,0.0013146027,0
validation,16252,0.0019391084,0
validation,16253,0.38567466,0
validation,16254,0.0019208896,0
validation,16255,0.0048973635,0
validation,16256,0.26999104,0
validation,16257,0.18213929,0
validation,16258,0.0009957394,0
validation,16259,0.1663833,0
validation,16260,0.47563824,0
validation,16261,0.6481892,0
validation,16262,0.008726979,0
validation,16263,0.36830646,0
validation,16264,0.18476403,0
validation,16265,0.0027558065,0
validation,16266,0.16970932,0
validation,16267,0.34257635,0
validation,16268,0.21929157,0
validation,16269,0.021557836,0
validation,16270,0.5198504,0
validation,16271,0.859001,0
validation,16272,0.8398459,0
validation,16273,0.12826604,0
validation,16274,0.049096238,0
validation,16275,0.4103559,0
validation,16276,0.15464425,0
validation,16277,0.55819017,0
validation,16278,0.2636123,0
validation,16279,0.0020136032,0
validation,16280,0.0050014593,0
validation,16281,0.0044553727,0
validation,16282,0.0021312085,0
validation,16283,0.0041045775,0
validation,16284,0.0006300897,0
validation,16285,0.0049434425,0
validation,16286,0.0024115248,0
validation,16287,0.003271441,0
validation,16288,0.4934258,0
validation,16289,0.027165448,1
validation,16290,0.7945618,0
validation,16291,0.1832919,0
validation,16292,0.000694498,0
validation,16293,0.0003053737,0
validation,16294,0.33952424,0
validation,16295,0.00017355688,0
validation,16296,0.0019245865,0
validation,16297,0.0047217067,0
validation,16298,0.0053504333,0
validation,16299,0.0020671417,0
validation,16300,0.32012004,0
validation,16301,0.00031917746,0
validation,16302,0.34684247,0
validation,16303,0.7562593,0
validation,16304,0.08271858,0
validation,16305,0.1223699,0
validation,16306,0.00035349172,0
validation,16307,0.23171534,0
validation,16308,0.17973278,0
validation,16309,0.47369206,0
validation,16310,0.0003089719,0
validation,16311,0.33125013,0
validation,16312,0.0018799315,0
validation,16313,0.07462337,0
validation,16314,0.013265233,0
validation,16315,0.100318015,0
validation,16316,0.5456091,0
validation,16317,0.3316853,0
validation,16318,0.13657978,0
validation,16319,0.40145224,0
validation,16320,0.38118923,0
validation,16321,0.26081225,0
validation,16322,0.79136515,0
validation,16323,0.64991975,0
validation,16324,0.0031883959,0
validation,16325,0.9061366,0
validation,16326,0.7568335,0
validation,16327,0.018789282,0
validation,16328,0.479073,0
validation,16329,0.4143471,0
validation,16330,0.00015848775,0
validation,16331,0.00025189618,0
validation,16332,0.000113709284,0
validation,16333,0.4849671,0
validation,16334,0.104827255,0
validation,16335,0.0017444644,0
validation,16336,0.16318934,0
validation,16337,0.7154697,0
validation,16338,9.26519e-05,0
validation,16339,0.70681506,0
validation,16340,0.00658007,0
validation,16341,0.19262601,0
validation,16342,0.0005143118,0
validation,16343,0.21904789,0
validation,16344,0.004989731,0
validation,16345,0.0010008481,0
validation,16346,0.0010432712,0
validation,16347,0.01924063,0
validation,16348,0.47222966,0
validation,16349,0.1425787,0
validation,16350,0.3589852,0
validation,16351,0.5299136,0
validation,16352,0.5343553,0
validation,16353,0.41588053,0
validation,16354,0.48614162,0
validation,16355,0.65698934,0
validation,16356,0.09779488,0
validation,16357,0.27653414,0
validation,16358,0.27094647,0
validation,16359,0.0006884476,0
validation,16360,0.3612235,0
validation,16361,0.5915903,0
validation,16362,0.7410078,0
validation,16363,0.5950221,0
validation,16364,0.39856878,0
validation,16365,0.0076607037,0
validation,16366,9.377335e-05,0
validation,16367,0.0037186125,0
validation,16368,0.20095086,0
validation,16369,0.40938935,0
validation,16370,8.183243e-05,0
validation,16371,0.1192367,0
validation,16372,0.51469946,0
validation,16373,0.009255713,0
validation,16374,0.14061435,0
validation,16375,0.78043306,0
validation,16376,0.0058573033,0
validation,16377,0.002741072,0
validation,16378,0.3433219,0
validation,16379,0.09658173,0
validation,16380,0.64458036,0
validation,16381,0.0078282235,0
validation,16382,0.45782068,0
validation,16383,0.00074108527,0
validation,16384,0.46325913,0
validation,16385,0.44198513,0
validation,16386,0.15603654,0
validation,16387,0.4327725,0
validation,16388,0.0009029632,0
validation,16389,0.17394176,0
validation,16390,0.0246919,0
validation,16391,0.8245775,0
validation,16392,0.06343073,0
validation,16393,0.39517158,0
validation,16394,0.35240653,0
validation,16395,0.19974309,0
validation,16396,0.23837335,0
validation,16397,0.109713644,0
validation,16398,0.6086302,0
validation,16399,0.6119088,0
validation,16400,0.49702618,0
validation,16401,0.008694953,0
validation,16402,0.67460465,0
validation,16403,0.54344237,0
validation,16404,0.5832092,0
validation,16405,0.2992274,0
validation,16406,0.18022783,0
validation,16407,0.49260694,0
validation,16408,0.68023324,0
validation,16409,0.029984765,0
validation,16410,0.13433711,0
validation,16411,0.6636016,0
validation,16412,0.845995,0
validation,16413,0.7435584,0
validation,16414,0.6292243,0
validation,16415,0.0016737728,0
validation,16416,0.4301152,0
validation,16417,0.0005398945,0
validation,16418,0.012871761,0
validation,16419,0.6631206,0
validation,16420,0.72687095,0
validation,16421,0.3011126,0
validation,16422,0.0015180254,0
validation,16423,0.34318173,0
validation,16424,0.18838415,0
validation,16425,0.00095938664,0
validation,16426,0.008494892,0
validation,16427,0.10261053,0
validation,16428,0.20772552,0
validation,16429,0.69028425,0
validation,16430,0.3237518,0
validation,16431,0.36312866,0
validation,16432,0.6181805,0
validation,16433,0.08045351,0
validation,16434,0.00046116498,0
validation,16435,0.4153855,0
validation,16436,0.38559756,0
validation,16437,0.00080606865,0
validation,16438,0.6132283,0
validation,16439,0.3773602,0
validation,16440,0.0009829178,0
validation,16441,0.00035421783,0
validation,16442,0.0006515676,0
validation,16443,0.27893445,0
validation,16444,0.00150729,0
validation,16445,0.16205443,0
validation,16446,0.5017314,0
validation,16447,0.47965652,0
validation,16448,0.05428848,0
validation,16449,0.009007386,0
validation,16450,0.0016199071,0
validation,16451,0.2648963,0
validation,16452,0.5974467,0
validation,16453,0.34892,0
validation,16454,0.43851376,0
validation,16455,0.2392973,0
validation,16456,0.21420293,0
validation,16457,0.39064953,0
validation,16458,0.002330488,0
validation,16459,0.30614638,0
validation,16460,0.0008135918,0
validation,16461,0.0038229108,0
validation,16462,0.24720196,0
validation,16463,0.22896573,0
validation,16464,0.07824662,0
validation,16465,0.0005608941,0
validation,16466,0.06354198,0
validation,16467,0.005844772,0
validation,16468,0.59492743,0
validation,16469,0.50483334,0
validation,16470,0.046230316,0
validation,16471,0.53014493,0
validation,16472,0.6436308,0
validation,16473,0.031229649,0
validation,16474,0.5092769,0
validation,16475,0.34059113,0
validation,16476,0.3832679,0
validation,16477,0.009547082,0
validation,16478,0.0058288183,0
validation,16479,0.004621228,0
validation,16480,0.47169036,0
validation,16481,0.0021283226,0
validation,16482,0.4150293,0
validation,16483,0.2646933,0
validation,16484,0.71960986,0
validation,16485,0.8561913,0
validation,16486,0.00064797024,0
validation,16487,0.0035786869,0
validation,16488,0.4306087,0
validation,16489,0.0023269984,0
validation,16490,0.8536937,0
validation,16491,0.2736911,0
validation,16492,0.23904394,0
validation,16493,0.5159776,0
validation,16494,0.56243515,0
validation,16495,0.1685741,0
validation,16496,0.23635498,0
validation,16497,0.040187813,0
validation,16498,0.0106366025,0
validation,16499,0.45396438,0
validation,16500,0.019071804,0
validation,16501,0.18426424,0
validation,16502,0.16398866,0
validation,16503,0.0009458795,0
validation,16504,0.51313865,0
validation,16505,0.07757036,0
validation,16506,0.38172477,0
validation,16507,0.27716377,0
validation,16508,0.1817353,0
validation,16509,0.0040493,0
validation,16510,0.0040913033,0
validation,16511,0.0015646636,0
validation,16512,0.0058149737,0
validation,16513,0.0017919734,0
validation,16514,0.00424776,0
validation,16515,0.0043066484,0
validation,16516,0.00608679,0
validation,16517,0.5988413,0
validation,16518,0.0015829568,0
validation,16519,0.82646286,0
validation,16520,0.4731161,0
validation,16521,0.3868675,0
validation,16522,0.24258305,0
validation,16523,0.50497687,0
validation,16524,0.6830002,0
validation,16525,0.6310831,0
validation,16526,0.63689685,0
validation,16527,0.40987143,0
validation,16528,0.0020883735,0
validation,16529,0.0009699728,0
validation,16530,0.8248377,0
validation,16531,0.09126719,0
validation,16532,0.4831679,0
validation,16533,0.23253033,0
validation,16534,0.51349205,0
validation,16535,0.61559784,0
validation,16536,0.3560623,0
validation,16537,0.46438682,0
validation,16538,0.010019761,0
validation,16539,0.74949,0
validation,16540,0.14031589,0
validation,16541,0.34941596,0
validation,16542,0.5626817,0
validation,16543,0.008189853,0
validation,16544,0.006495204,0
validation,16545,0.12736191,0
validation,16546,0.06706517,0
validation,16547,0.0018960896,0
validation,16548,0.007812643,0
validation,16549,0.75242,0
validation,16550,0.52766615,0
validation,16551,0.0040073465,0
validation,16552,0.22426535,0
validation,16553,0.6872481,0
validation,16554,0.009128146,0
validation,16555,0.43707126,0
validation,16556,0.06572844,0
validation,16557,0.76770616,0
validation,16558,0.001887459,0
validation,16559,0.0044783344,0
validation,16560,0.7970082,0
validation,16561,0.0036087413,0
validation,16562,0.03394641,0
validation,16563,0.48992157,0
validation,16564,0.00029989812,0
validation,16565,0.0048878356,0
validation,16566,0.0013845908,0
validation,16567,0.0023276461,0
validation,16568,0.23187672,0
validation,16569,0.0023875274,0
validation,16570,0.0030594585,0
validation,16571,0.0030347868,0
validation,16572,0.85223514,0
validation,16573,0.0025548006,0
validation,16574,0.0024222478,0
validation,16575,0.0100793475,0
validation,16576,0.7787157,0
validation,16577,0.554989,0
validation,16578,0.21635215,0
validation,16579,0.0018285373,0
validation,16580,0.43727708,0
validation,16581,0.004838879,0
validation,16582,0.001917468,0
validation,16583,0.76843405,0
validation,16584,0.0014435897,0
validation,16585,0.0019668806,0
validation,16586,0.00072349596,0
validation,16587,0.03984823,0
validation,16588,0.5550863,0
validation,16589,0.55982184,0
validation,16590,0.40298575,0
validation,16591,0.8248854,0
validation,16592,0.72394633,0
validation,16593,0.46742868,0
validation,16594,0.63373756,0
validation,16595,0.66852677,0
validation,16596,0.72157145,0
validation,16597,0.7321063,0
validation,16598,0.64584494,0
validation,16599,0.6797906,0
validation,16600,0.77234524,0
validation,16601,0.40748614,0
validation,16602,0.8336457,0
validation,16603,0.74775016,0
validation,16604,0.7898179,0
validation,16605,0.22596277,0
validation,16606,0.40219605,0
validation,16607,0.72465456,0
validation,16608,0.00077786733,0
validation,16609,0.20892513,0
validation,16610,0.39646712,0
validation,16611,0.83326066,0
validation,16612,0.5971371,0
validation,16613,0.9130002,0
validation,16614,0.0053478023,0
validation,16615,0.37747175,0
validation,16616,0.036606908,0
validation,16617,0.49909115,0
validation,16618,0.41038507,0
validation,16619,0.0054204483,0
validation,16620,0.0019722052,0
validation,16621,0.1171485,0
validation,16622,0.04672462,0
validation,16623,0.0021300002,0
validation,16624,0.0013126128,0
validation,16625,0.8886318,0
validation,16626,0.22190353,0
validation,16627,0.2278066,0
validation,16628,0.49786425,0
validation,16629,0.028266922,0
validation,16630,0.001047943,0
validation,16631,0.4525246,0
validation,16632,0.097737595,0
validation,16633,0.1900098,0
validation,16634,0.13553418,0
validation,16635,0.23026681,0
validation,16636,0.4014512,0
validation,16637,0.8573626,0
validation,16638,0.0041715973,0
validation,16639,0.016100653,0
validation,16640,0.16348824,0
validation,16641,0.74924296,0
validation,16642,0.034753606,0
validation,16643,0.10350011,0
validation,16644,0.017037855,0
validation,16645,0.08580997,0
validation,16646,0.002724708,0
validation,16647,0.63216513,0
validation,16648,0.0141690085,0
validation,16649,0.47189137,0
validation,16650,0.000978269,0
validation,16651,0.24564302,0
validation,16652,0.25098896,0
validation,16653,0.5009949,0
validation,16654,0.45887178,0
validation,16655,0.45158732,0
validation,16656,0.0049793324,0
validation,16657,0.003065647,0
validation,16658,0.6029619,0
validation,16659,0.21570463,0
validation,16660,0.5261129,0
validation,16661,0.53236306,0
validation,16662,0.3146121,0
validation,16663,0.6479209,0
validation,16664,0.0017893362,0
validation,16665,0.006472652,0
validation,16666,0.011091746,0
validation,16667,0.07396456,0
validation,16668,0.49199456,0
validation,16669,0.0063803773,0
validation,16670,0.7064377,0
validation,16671,0.3762903,0
validation,16672,0.005137374,0
validation,16673,0.19242585,0
validation,16674,0.53053236,0
validation,16675,0.8573615,0
validation,16676,0.15137187,0
validation,16677,0.63970315,0
validation,16678,0.0016216849,0
validation,16679,0.3786039,0
validation,16680,0.009697782,0
validation,16681,0.17363173,0
validation,16682,0.33242986,0
validation,16683,0.0045804987,0
validation,16684,0.006169781,0
validation,16685,8.8020875e-05,0
validation,16686,0.00024685674,0
validation,16687,0.00016392018,0
validation,16688,0.00028114888,0
validation,16689,0.0017181229,0
validation,16690,0.00062895974,0
validation,16691,0.00074514025,0
validation,16692,0.41357684,0
validation,16693,0.01710029,0
validation,16694,0.00053907017,0
validation,16695,0.3767728,0
validation,16696,0.17279129,0
validation,16697,0.0006232517,0
validation,16698,0.14378507,0
validation,16699,0.0011355586,0
validation,16700,0.0023536985,0
validation,16701,0.0013987109,0
validation,16702,0.8094549,0
validation,16703,0.27415845,0
validation,16704,0.48119003,0
validation,16705,0.2813526,0
validation,16706,0.002360295,0
validation,16707,0.0071563753,0
validation,16708,0.0010934678,0
validation,16709,0.000805134,0
validation,16710,0.54878515,0
validation,16711,0.7387663,0
validation,16712,0.012736887,0
validation,16713,0.0004658834,0
validation,16714,0.16750675,0
validation,16715,0.7292056,0
validation,16716,0.8143504,0
validation,16717,0.27491647,0
validation,16718,0.36092412,0
validation,16719,0.33303547,0
validation,16720,0.0007676102,0
validation,16721,0.49010298,0
validation,16722,0.48342007,0
validation,16723,0.6301805,0
validation,16724,0.0028166668,0
validation,16725,0.8156662,0
validation,16726,0.30373436,0
validation,16727,0.54218113,0
validation,16728,0.0010074296,0
validation,16729,0.0047138724,0
validation,16730,0.52167416,0
validation,16731,0.62305874,0
validation,16732,0.016741805,0
validation,16733,0.0063089607,0
validation,16734,0.45146343,0
validation,16735,0.30075246,0
validation,16736,0.0014022833,0
validation,16737,0.5128418,0
validation,16738,0.0019660888,0
validation,16739,0.00032315016,0
validation,16740,0.44601607,0
validation,16741,0.4512157,0
validation,16742,0.858622,0
validation,16743,0.00044779133,0
validation,16744,0.004252127,0
validation,16745,0.00025016814,0
validation,16746,0.00048423733,0
validation,16747,0.016357228,0
validation,16748,0.1622757,0
validation,16749,0.3461405,0
validation,16750,0.64117414,0
validation,16751,0.11890731,0
validation,16752,0.4663382,0
validation,16753,0.6927123,0
validation,16754,0.7031201,0
validation,16755,0.0725569,0
validation,16756,0.3772356,0
validation,16757,0.008365084,0
validation,16758,0.26052397,0
validation,16759,0.0010009276,0
validation,16760,0.0019154195,0
validation,16761,0.14266507,0
validation,16762,0.071569145,0
validation,16763,0.49947926,0
validation,16764,0.025472082,0
validation,16765,0.31468418,0
validation,16766,0.7029103,0
validation,16767,0.3630395,0
validation,16768,0.44457048,0
validation,16769,0.20964806,0
validation,16770,0.027172435,0
validation,16771,0.0025073327,0
validation,16772,0.0051118666,0
validation,16773,0.0023621493,0
validation,16774,0.4468736,0
validation,16775,0.001896077,0
validation,16776,0.19480996,0
validation,16777,0.30386898,0
validation,16778,0.0048584063,0
validation,16779,0.7867816,0
validation,16780,0.0014102403,0
validation,16781,0.34466872,0
validation,16782,0.7240474,0
validation,16783,0.002547525,0
validation,16784,0.009361783,0
validation,16785,0.58428633,0
validation,16786,0.7112907,0
validation,16787,0.0005365602,0
validation,16788,0.04476642,0
validation,16789,0.70304805,0
validation,16790,0.1567247,0
validation,16791,0.54558516,0
validation,16792,0.7939041,0
validation,16793,0.0013749229,0
validation,16794,0.004931811,0
validation,16795,0.46942708,0
validation,16796,0.0013438382,0
validation,16797,0.32237816,0
validation,16798,0.023977878,0
validation,16799,0.45133615,0
validation,16800,0.0046029165,0
validation,16801,0.55533385,0
validation,16802,0.11630265,0
validation,16803,0.805797,0
validation,16804,0.015893605,0
validation,16805,0.037621494,0
validation,16806,0.010147348,0
validation,16807,0.7320571,0
validation,16808,0.5962258,0
validation,16809,0.013836035,0
validation,16810,0.29183936,0
validation,16811,0.56930304,0
validation,16812,0.0009931745,0
validation,16813,0.0016027503,0
validation,16814,0.004224906,0
validation,16815,0.0038137492,0
validation,16816,0.58889186,0
validation,16817,0.730673,0
validation,16818,0.38611516,0
validation,16819,0.4800616,0
validation,16820,0.000988726,0
validation,16821,0.20499617,0
validation,16822,0.0022531087,0
validation,16823,0.8226347,0
validation,16824,0.82106507,0
validation,16825,5.9792515e-06,0
validation,16826,0.3145556,0
validation,16827,0.23020129,0
validation,16828,0.09627721,0
validation,16829,0.6937674,0
validation,16830,0.043257862,0
validation,16831,0.8171475,0
validation,16832,0.31074294,0
validation,16833,0.5503504,0
validation,16834,0.008896478,0
validation,16835,0.003689262,0
validation,16836,0.0028387266,0
validation,16837,0.4330064,0
validation,16838,0.4699819,0
validation,16839,0.0010686192,0
validation,16840,0.6793579,0
validation,16841,0.21878478,0
validation,16842,0.21614116,0
validation,16843,0.07298313,0
validation,16844,0.20053306,0
validation,16845,0.45509002,0
validation,16846,0.012496246,0
validation,16847,0.8244325,0
validation,16848,0.5589253,0
validation,16849,0.0070100655,0
validation,16850,0.42637247,0
validation,16851,0.03387924,0
validation,16852,0.69188684,0
validation,16853,0.12948757,0
validation,16854,0.78921723,0
validation,16855,0.036643904,0
validation,16856,0.60082686,0
validation,16857,0.0023216817,0
validation,16858,0.8018762,0
validation,16859,0.7821973,0
validation,16860,0.13066377,0
validation,16861,0.0011416782,0
validation,16862,0.01350558,0
validation,16863,0.00096269685,0
validation,16864,0.0013137271,0
validation,16865,0.41254374,0
validation,16866,0.007920304,0
validation,16867,0.36710304,0
validation,16868,0.00595594,0
validation,16869,0.0013902488,0
validation,16870,0.0042548697,0
validation,16871,0.00021011393,0
validation,16872,0.0023571644,0
validation,16873,0.0039078197,0
validation,16874,0.00030472226,0
validation,16875,0.0013207041,0
validation,16876,0.00043373604,0
validation,16877,0.100141235,0
validation,16878,0.0003784481,0
validation,16879,0.0007600558,0
validation,16880,0.0006539898,0
validation,16881,0.00042414424,0
validation,16882,0.012843926,0
validation,16883,0.00084774266,0
validation,16884,0.0003821387,0
validation,16885,0.002425865,0
validation,16886,0.46590272,0
validation,16887,0.49960777,0
validation,16888,0.5701116,0
validation,16889,0.54216087,0
validation,16890,0.0016251007,0
validation,16891,0.5248381,0
validation,16892,0.87885064,0
validation,16893,0.0020687308,0
validation,16894,0.5385486,0
validation,16895,0.039633926,0
validation,16896,0.75486505,0
validation,16897,0.6165373,0
validation,16898,0.58759654,0
validation,16899,0.48564255,0
validation,16900,0.00082238787,0
validation,16901,0.00092038244,0
validation,16902,0.0048204213,0
validation,16903,0.0042452556,0
validation,16904,0.06528549,0
validation,16905,0.009713603,0
validation,16906,0.00014675265,0
validation,16907,0.00014767291,0
validation,16908,0.00024146706,0
validation,16909,0.0003728305,0
validation,16910,0.00021570988,0
validation,16911,0.0011559083,0
validation,16912,0.0011917078,0
validation,16913,0.46058488,0
validation,16914,0.0030883027,0
validation,16915,0.39279386,0
validation,16916,0.0020142163,0
validation,16917,0.003638511,0
validation,16918,0.56545424,0
validation,16919,0.016175956,0
validation,16920,0.8041127,0
validation,16921,0.4285991,0
validation,16922,0.0062842476,0
validation,16923,0.47719112,0
validation,16924,0.75561863,0
validation,16925,0.782941,0
validation,16926,0.007013064,0
validation,16927,0.0015313894,0
validation,16928,0.85238683,0
validation,16929,0.0005829366,0
validation,16930,0.0070398916,0
validation,16931,0.1004246,0
validation,16932,0.009241871,0
validation,16933,0.009583578,0
validation,16934,0.003860561,0
validation,16935,0.007450389,0
validation,16936,0.46923238,0
validation,16937,0.17309108,0
validation,16938,0.64984596,0
validation,16939,0.0010235616,0
validation,16940,0.6544199,0
validation,16941,0.46032527,0
validation,16942,0.4695889,0
validation,16943,0.3178903,0
validation,16944,0.37713367,0
validation,16945,0.013078832,0
validation,16946,0.0027252675,0
validation,16947,0.12943982,0
validation,16948,0.0040097754,0
validation,16949,0.0014523207,0
validation,16950,0.011222391,0
validation,16951,0.6936363,0
validation,16952,0.81765753,0
validation,16953,0.40226656,0
validation,16954,0.783638,0
validation,16955,0.000980585,0
validation,16956,0.26609063,0
validation,16957,0.6277833,0
validation,16958,0.0004539408,0
validation,16959,0.009102357,0
validation,16960,0.5855004,0
validation,16961,0.27897608,0
validation,16962,0.0041130357,0
validation,16963,0.001017929,0
validation,16964,0.0035379094,0
validation,16965,0.34484425,0
validation,16966,0.49876904,0
validation,16967,0.68002534,0
validation,16968,0.45484602,0
validation,16969,0.079553105,0
validation,16970,0.6579855,0
validation,16971,0.23389514,0
validation,16972,0.47778523,0
validation,16973,0.3758587,0
validation,16974,0.007257121,0
validation,16975,0.7719045,0
validation,16976,0.8369964,0
validation,16977,0.0042102328,0
validation,16978,0.4140514,0
validation,16979,0.7015925,0
validation,16980,0.0013253104,0
validation,16981,0.40142524,0
validation,16982,0.00027541036,0
validation,16983,0.0022474204,0
validation,16984,0.7984321,0
validation,16985,0.13395509,0
validation,16986,0.004908626,0
validation,16987,0.47462142,0
validation,16988,0.2640361,0
validation,16989,0.7561765,0
validation,16990,0.0015725939,0
validation,16991,6.8727924e-05,0
validation,16992,0.0002954567,0
validation,16993,0.00022541957,0
validation,16994,0.00041193757,0
validation,16995,0.00027949404,0
validation,16996,0.30251536,0
validation,16997,0.0011216993,0
validation,16998,1.4112615e-05,0
validation,16999,0.7313623,0
validation,17000,0.5687524,0
validation,17001,0.84540594,0
validation,17002,0.0020067492,0
validation,17003,0.76988226,0
validation,17004,0.33527574,0
validation,17005,0.16112277,0
validation,17006,0.0009702996,0
validation,17007,0.43127662,0
validation,17008,0.43940327,0
validation,17009,0.55232644,0
validation,17010,0.007737577,0
validation,17011,0.21432593,0
validation,17012,0.00092426926,0
validation,17013,9.616411e-05,0
validation,17014,0.11998865,0
validation,17015,0.8198389,0
validation,17016,0.0477856,0
validation,17017,0.39026394,0
validation,17018,0.4476971,0
validation,17019,0.02345559,0
validation,17020,0.38378868,0
validation,17021,0.2032684,0
validation,17022,0.00041243935,0
validation,17023,0.0009659399,0
validation,17024,0.0014942484,0
validation,17025,0.19529332,0
validation,17026,0.81722695,0
validation,17027,0.47293746,0
validation,17028,0.34116262,0
validation,17029,0.44035336,0
validation,17030,0.5531695,0
validation,17031,0.0039120633,0
validation,17032,0.0019570028,0
validation,17033,0.24619503,0
validation,17034,0.2337548,0
validation,17035,0.1350393,0
validation,17036,0.57404494,0
validation,17037,0.0063675125,0
validation,17038,0.8112224,0
validation,17039,0.7649534,0
validation,17040,0.8278761,0
validation,17041,0.71243393,0
validation,17042,0.81389946,0
validation,17043,0.39630607,0
validation,17044,0.89735484,0
validation,17045,0.008108608,0
validation,17046,0.50417674,0
validation,17047,0.5105992,0
validation,17048,0.027397811,0
validation,17049,0.46628907,0
validation,17050,0.68041456,0
validation,17051,0.00018548769,0
validation,17052,0.0063838484,0
validation,17053,0.027668005,0
validation,17054,0.0006527889,0
validation,17055,0.18644725,0
validation,17056,0.00020205737,0
validation,17057,0.27961814,0
validation,17058,0.17967978,0
validation,17059,0.00068203895,0
validation,17060,0.7129391,0
validation,17061,0.047836177,0
validation,17062,0.63638496,0
validation,17063,0.83352005,0
validation,17064,0.3654578,0
validation,17065,0.02692698,0
validation,17066,0.0156846,0
validation,17067,0.058034174,0
validation,17068,0.018517004,0
validation,17069,0.4327969,0
validation,17070,0.86437166,0
validation,17071,0.3734489,0
validation,17072,0.04821066,0
validation,17073,0.0056780847,0
validation,17074,0.79201496,0
validation,17075,0.40997964,0
validation,17076,0.04074511,0
validation,17077,0.52079636,0
validation,17078,0.5334015,0
validation,17079,0.0022413337,0
validation,17080,0.43051234,0
validation,17081,0.38276845,0
validation,17082,0.45342967,0
validation,17083,0.5017309,0
validation,17084,0.0029814837,0
validation,17085,0.6599437,0
validation,17086,0.5947162,0
validation,17087,0.0013402618,0
validation,17088,0.5378868,0
validation,17089,0.00035335863,0
validation,17090,0.001847171,0
validation,17091,0.1436467,0
validation,17092,0.14787526,0
validation,17093,0.09664736,0
validation,17094,0.008443327,0
validation,17095,0.0013910937,0
validation,17096,0.0056409994,0
validation,17097,0.0006883816,0
validation,17098,0.09817998,0
validation,17099,0.7734792,0
validation,17100,0.15088199,0
validation,17101,0.61622703,0
validation,17102,0.36385873,0
validation,17103,0.7730335,0
validation,17104,0.4959055,0
validation,17105,0.599072,0
validation,17106,0.6911509,0
validation,17107,0.3868754,0
validation,17108,0.5369886,0
validation,17109,0.5037297,0
validation,17110,0.013684996,0
validation,17111,0.521493,0
validation,17112,0.24050969,0
validation,17113,0.0016381891,0
validation,17114,0.8231636,0
validation,17115,0.12936382,0
validation,17116,0.0025401614,0
validation,17117,0.00952195,0
validation,17118,0.07395812,0
validation,17119,0.009671504,0
validation,17120,0.016521389,0
validation,17121,0.46549103,0
validation,17122,0.6038811,0
validation,17123,0.44573626,0
validation,17124,0.0023992495,0
validation,17125,0.3945563,0
validation,17126,0.00015715879,0
validation,17127,0.0004251704,0
validation,17128,0.6657181,0
validation,17129,2.6611244e-05,0
validation,17130,0.6020077,0
validation,17131,0.49620175,0
validation,17132,0.773126,0
validation,17133,0.7414476,0
validation,17134,0.50244313,0
validation,17135,0.23854597,0
validation,17136,0.7046992,0
validation,17137,0.30202675,0
validation,17138,0.067945965,0
validation,17139,0.49271116,0
validation,17140,0.5235096,0
validation,17141,0.281073,0
validation,17142,0.10017776,0
validation,17143,0.43170533,0
validation,17144,0.0005593123,0
validation,17145,0.008462414,0
validation,17146,0.005491888,0
validation,17147,0.5376035,0
validation,17148,0.5981936,0
validation,17149,0.23374085,0
validation,17150,0.00043243973,0
validation,17151,0.5655513,0
validation,17152,0.0017134609,0
validation,17153,0.15688004,0
validation,17154,0.7722976,0
validation,17155,0.37458926,0
validation,17156,0.7736825,0
validation,17157,0.00022174933,0
validation,17158,0.0014919257,0
validation,17159,0.075355075,0
validation,17160,0.0012237128,0
validation,17161,0.05596346,0
validation,17162,0.21486554,0
validation,17163,0.114525884,0
validation,17164,0.8211364,0
validation,17165,0.0014287569,0
validation,17166,0.0003550526,0
validation,17167,5.550268e-05,0
validation,17168,0.00016485705,0
validation,17169,0.00053543487,0
validation,17170,0.0020290483,0
validation,17171,0.0007196843,0
validation,17172,0.0007899122,0
validation,17173,0.0011203549,0
validation,17174,0.00027666494,0
validation,17175,0.00019166034,0
validation,17176,0.00075927546,0
validation,17177,0.0038714225,0
validation,17178,0.0011600151,0
validation,17179,0.0019315116,0
validation,17180,0.0010957948,0
validation,17181,0.119238466,0
validation,17182,0.00308098,0
validation,17183,0.010899807,0
validation,17184,0.436931,0
validation,17185,0.2637775,0
validation,17186,0.007056992,0
validation,17187,0.42927703,0
validation,17188,0.5091313,0
validation,17189,0.00028467394,0
validation,17190,0.18551947,0
validation,17191,0.012865957,0
validation,17192,0.00445256,0
validation,17193,0.046459295,0
validation,17194,0.32231605,0
validation,17195,0.39841294,0
validation,17196,0.7757322,0
validation,17197,0.5088098,0
validation,17198,0.14982054,0
validation,17199,0.5521242,0
validation,17200,0.36673054,0
validation,17201,0.0018542628,0
validation,17202,0.020799266,0
validation,17203,0.007210774,0
validation,17204,0.15223864,0
validation,17205,0.5307636,0
validation,17206,0.44652903,0
validation,17207,0.84378606,0
validation,17208,0.49536803,0
validation,17209,0.0017325808,0
validation,17210,0.029082483,0
validation,17211,0.19543375,0
validation,17212,0.004804244,0
validation,17213,0.36097762,0
validation,17214,0.4691187,0
validation,17215,0.124751754,0
validation,17216,0.8330088,0
validation,17217,0.26903412,0
validation,17218,0.24590068,0
validation,17219,0.7917598,0
validation,17220,0.60301256,0
validation,17221,0.2624253,0
validation,17222,0.0026320436,0
validation,17223,0.50406754,0
validation,17224,0.060495965,0
validation,17225,0.109361306,0
validation,17226,0.0007232678,0
validation,17227,0.000110475085,0
validation,17228,0.00047791513,0
validation,17229,0.0064105145,0
validation,17230,0.002458634,0
validation,17231,0.44158232,0
validation,17232,0.48103282,0
validation,17233,0.00023842824,0
validation,17234,0.22294717,0
validation,17235,0.024403902,0
validation,17236,0.010659761,0
validation,17237,0.7607328,0
validation,17238,0.11193912,0
validation,17239,0.0050477586,0
validation,17240,0.49168926,0
validation,17241,0.019242527,0
validation,17242,0.0008460015,0
validation,17243,0.90104884,0
validation,17244,0.27777928,0
validation,17245,0.21047018,0
validation,17246,0.03324321,0
validation,17247,0.12682559,0
validation,17248,0.30685845,0
validation,17249,0.27629328,0
validation,17250,0.43700463,0
validation,17251,0.66892284,0
validation,17252,0.002806393,0
validation,17253,0.007450616,0
validation,17254,0.17987835,0
validation,17255,0.408203,0
validation,17256,0.017804373,0
validation,17257,0.78564394,0
validation,17258,0.011872555,0
validation,17259,0.46011397,0
validation,17260,0.92833745,0
validation,17261,0.52535,0
validation,17262,0.5181558,0
validation,17263,0.0018978385,0
validation,17264,0.8311498,0
validation,17265,0.15820727,0
validation,17266,0.1965549,0
validation,17267,0.53665733,0
validation,17268,0.31723464,0
validation,17269,0.1999792,0
validation,17270,0.0513544,0
validation,17271,0.72953165,0
validation,17272,0.000113509086,0
validation,17273,0.0017344225,0
validation,17274,0.5153608,0
validation,17275,0.76405585,0
validation,17276,0.23330788,0
validation,17277,0.8796477,0
validation,17278,0.5144203,0
validation,17279,0.041287545,0
validation,17280,0.58913875,0
validation,17281,0.38808036,0
validation,17282,0.097922646,0
validation,17283,0.0017794204,0
validation,17284,0.08412552,0
validation,17285,0.20755088,0
validation,17286,0.03244523,0
validation,17287,0.21498123,0
validation,17288,0.19130746,0
validation,17289,0.3878925,0
validation,17290,0.04090079,0
validation,17291,0.88981456,0
validation,17292,0.43099806,0
validation,17293,0.18923768,0
validation,17294,0.0004888666,0
validation,17295,0.48353752,0
validation,17296,0.57138735,0
validation,17297,0.40420485,0
validation,17298,0.0013183245,0
validation,17299,0.4221752,0
validation,17300,0.0007315226,0
validation,17301,0.0010442805,0
validation,17302,0.0051796883,0
validation,17303,0.04477718,0
validation,17304,0.007358724,0
validation,17305,0.0011667667,0
validation,17306,0.4934274,0
validation,17307,0.5123167,0
validation,17308,0.0061222417,0
validation,17309,0.005668522,0
validation,17310,0.0010156304,0
validation,17311,0.45261964,0
validation,17312,0.2176782,0
validation,17313,0.00192963,0
validation,17314,0.002926444,0
validation,17315,0.4685101,0
validation,17316,0.5256436,0
validation,17317,0.37188902,0
validation,17318,0.50411075,0
validation,17319,0.602317,0
validation,17320,9.3356415e-05,0
validation,17321,0.0016428265,0
validation,17322,0.50286484,0
validation,17323,0.5771827,0
validation,17324,0.76296854,0
validation,17325,0.060289256,0
validation,17326,0.038892694,0
validation,17327,0.00037177105,0
validation,17328,0.60116905,0
validation,17329,0.20949334,0
validation,17330,0.39700693,0
validation,17331,0.013995879,0
validation,17332,0.0107977,0
validation,17333,0.023547577,0
validation,17334,0.12305289,0
validation,17335,0.48048037,0
validation,17336,0.019168273,0
validation,17337,0.34054664,0
validation,17338,0.80501664,0
validation,17339,0.18480174,0
validation,17340,0.017842151,0
validation,17341,0.5980804,0
validation,17342,0.12400105,0
validation,17343,0.28315416,0
validation,17344,0.0012512257,0
validation,17345,0.0006937412,0
validation,17346,0.80331606,0
validation,17347,0.52580464,0
validation,17348,0.009887816,0
validation,17349,0.29886317,0
validation,17350,0.05514659,0
validation,17351,0.016398655,0
validation,17352,0.23641051,0
validation,17353,0.4978686,0
validation,17354,0.47201794,0
validation,17355,0.06990419,0
validation,17356,0.5082368,0
validation,17357,0.0826964,0
validation,17358,0.4547781,0
validation,17359,0.09823193,0
validation,17360,0.14952677,0
validation,17361,0.00087291835,0
validation,17362,0.006644756,0
validation,17363,0.009529747,0
validation,17364,0.5597309,0
validation,17365,0.0002468487,0
validation,17366,0.49622837,0
validation,17367,0.0057541877,0
validation,17368,0.041143525,0
validation,17369,0.41543877,0
validation,17370,0.20987168,0
validation,17371,0.07664836,0
validation,17372,0.0037856267,0
validation,17373,0.0230955,0
validation,17374,0.3628391,0
validation,17375,0.008855278,0
validation,17376,0.0015677043,0
validation,17377,0.005040546,0
validation,17378,0.0053898054,0
validation,17379,0.014210224,0
validation,17380,0.0018759579,0
validation,17381,0.0055204197,0
validation,17382,0.11062175,0
validation,17383,0.54877347,0
validation,17384,0.001402459,0
validation,17385,0.0014332805,0
validation,17386,0.006665732,0
validation,17387,0.19567381,0
validation,17388,0.00049794413,0
validation,17389,0.1961981,0
validation,17390,0.47140685,0
validation,17391,0.0049418933,0
validation,17392,0.00034440306,0
validation,17393,0.2865531,0
validation,17394,0.0052299406,0
validation,17395,0.3149664,0
validation,17396,0.58939016,0
validation,17397,0.638443,0
validation,17398,0.33954442,0
validation,17399,0.48098946,0
validation,17400,0.18984818,0
validation,17401,0.0033979393,0
validation,17402,0.65298456,0
validation,17403,0.011979832,0
validation,17404,0.118035056,0
validation,17405,0.007472488,0
validation,17406,0.0037613271,0
validation,17407,0.008259328,0
validation,17408,0.008333259,0
validation,17409,0.43038395,0
validation,17410,0.0032402202,0
validation,17411,0.001670363,0
validation,17412,0.8192444,0
validation,17413,0.82836854,0
validation,17414,0.73395765,0
validation,17415,0.6490159,0
validation,17416,0.00055742287,0
validation,17417,0.85180783,0
validation,17418,0.002145744,0
validation,17419,0.487217,0
validation,17420,0.015673269,0
validation,17421,0.4401303,0
validation,17422,0.768341,0
validation,17423,0.58251023,0
validation,17424,0.047290362,0
validation,17425,0.016538015,0
validation,17426,0.024026122,0
validation,17427,0.5833055,0
validation,17428,0.016072176,0
validation,17429,0.009086647,0
validation,17430,0.20866866,0
validation,17431,0.008011532,0
validation,17432,0.00065480405,0
validation,17433,0.007659602,0
validation,17434,0.00018648626,0
validation,17435,0.7220501,0
validation,17436,0.25031534,0
validation,17437,0.0025810564,0
validation,17438,0.008659232,0
validation,17439,0.49020395,0
validation,17440,0.010303374,0
validation,17441,0.01353533,0
validation,17442,0.039712977,0
validation,17443,0.37466165,0
validation,17444,0.59073806,0
validation,17445,0.12286318,0
validation,17446,0.36836672,0
validation,17447,0.08586559,0
validation,17448,0.004610985,0
validation,17449,0.07069766,0
validation,17450,0.050093614,0
validation,17451,0.17632146,0
validation,17452,0.00068100845,0
validation,17453,0.4933197,0
validation,17454,0.0037563203,0
validation,17455,0.7112981,0
validation,17456,9.4043164e-05,0
validation,17457,0.8544873,0
validation,17458,0.3449551,0
validation,17459,0.5780893,0
validation,17460,0.47776374,0
validation,17461,0.0022362554,0
validation,17462,0.0004013251,0
validation,17463,0.4258344,0
validation,17464,0.51718515,0
validation,17465,0.56874514,0
validation,17466,0.810979,0
validation,17467,0.0018204023,0
validation,17468,0.0044137426,0
validation,17469,0.00047881636,0
validation,17470,0.58738565,0
validation,17471,0.25871664,0
validation,17472,0.0024883887,0
validation,17473,0.83871186,0
validation,17474,0.8167242,0
validation,17475,0.55379057,0
validation,17476,0.013871851,0
validation,17477,0.5118078,0
validation,17478,0.050752304,0
validation,17479,0.6341288,0
validation,17480,0.24358733,0
validation,17481,0.45029944,0
validation,17482,0.0027897432,0
validation,17483,0.475698,0
validation,17484,0.32144082,0
validation,17485,0.4854425,0
validation,17486,0.47833288,0
validation,17487,0.88433814,0
validation,17488,0.2721611,0
validation,17489,0.5011827,0
validation,17490,0.13763683,0
validation,17491,0.8433907,0
validation,17492,0.39655048,0
validation,17493,0.26932922,0
validation,17494,0.000989519,0
validation,17495,0.8532476,0
validation,17496,0.51995885,0
validation,17497,0.82653284,0
validation,17498,0.59158266,0
validation,17499,0.44105488,0
validation,17500,0.7904358,0
validation,17501,0.00057169155,0
validation,17502,0.00026936358,0
validation,17503,0.0013445973,0
validation,17504,0.0012122247,0
validation,17505,0.52192175,0
validation,17506,0.41440392,0
validation,17507,0.1574212,0
validation,17508,0.00047410937,0
validation,17509,0.1141569,0
validation,17510,0.0014399253,0
validation,17511,0.5101925,0
validation,17512,0.6875631,0
validation,17513,0.63536453,0
validation,17514,0.67476577,0
validation,17515,0.67674005,0
validation,17516,0.120142214,0
validation,17517,0.0064563896,0
validation,17518,0.3809083,0
validation,17519,0.0027459213,0
validation,17520,0.8718424,0
validation,17521,0.9199016,0
validation,17522,0.0037661581,0
validation,17523,0.0015090406,0
validation,17524,0.63020813,0
validation,17525,0.22602798,0
validation,17526,0.7345711,0
validation,17527,0.021384807,0
validation,17528,0.906034,0
validation,17529,0.0034808347,0
validation,17530,0.23656537,0
validation,17531,0.2829623,0
validation,17532,0.07071495,0
validation,17533,0.07620627,0
validation,17534,0.010162648,0
validation,17535,0.5537345,0
validation,17536,0.4066388,0
validation,17537,0.12850116,0
validation,17538,0.46993887,0
validation,17539,0.0049821287,0
validation,17540,0.01020958,0
validation,17541,0.0012337486,0
validation,17542,0.0050934353,0
validation,17543,0.008881188,0
validation,17544,0.009315191,0
validation,17545,0.004474284,0
validation,17546,0.5149066,0
validation,17547,0.0034898324,0
validation,17548,0.1296414,0
validation,17549,0.44690767,0
validation,17550,0.0011521027,0
validation,17551,0.79307866,0
validation,17552,0.7431423,0
validation,17553,0.8563624,0
validation,17554,0.64708114,0
validation,17555,0.017361216,0
validation,17556,0.7529495,0
validation,17557,0.3567834,0
validation,17558,0.24203348,0
validation,17559,0.8192221,0
validation,17560,0.5604645,0
validation,17561,0.32735175,0
validation,17562,0.34097907,0
validation,17563,0.00040509962,0
validation,17564,0.7634094,0
validation,17565,0.2130413,0
validation,17566,0.84369135,0
validation,17567,0.81326693,0
validation,17568,0.37640345,0
validation,17569,0.4567021,0
validation,17570,0.31229877,0
validation,17571,0.44203663,0
validation,17572,0.50434446,0
validation,17573,0.8715124,0
validation,17574,0.5464251,0
validation,17575,0.28390318,0
validation,17576,0.31250006,0
validation,17577,0.7341309,0
validation,17578,0.03309752,0
validation,17579,0.57058907,0
validation,17580,0.021711564,0
validation,17581,0.5231688,0
validation,17582,0.011385311,0
validation,17583,0.023282511,0
validation,17584,0.0008559422,0
validation,17585,0.17579159,0
validation,17586,0.6011018,0
validation,17587,0.921705,0
validation,17588,0.33646297,0
validation,17589,0.11834864,0
validation,17590,0.6469072,0
validation,17591,0.58862895,0
validation,17592,0.34762925,0
validation,17593,0.0032700358,0
validation,17594,0.2942898,0
validation,17595,0.006173417,0
validation,17596,0.38613838,0
validation,17597,0.006883686,0
validation,17598,0.030035248,0
validation,17599,0.50846803,0
validation,17600,0.6705879,0
validation,17601,0.3447838,0
validation,17602,0.39253637,0
validation,17603,0.5649569,0
validation,17604,0.8268332,0
validation,17605,0.2936959,0
validation,17606,0.0015626864,0
validation,17607,0.0011621375,0
validation,17608,0.4833461,0
validation,17609,0.8687554,0
validation,17610,0.5621748,0
validation,17611,0.7352649,0
validation,17612,0.31705022,0
validation,17613,0.2851115,0
validation,17614,0.039054003,0
validation,17615,0.31905118,0
validation,17616,0.548153,0
validation,17617,0.53435737,0
validation,17618,0.0048866975,0
validation,17619,0.48745576,0
validation,17620,0.63969785,0
validation,17621,0.007052369,0
validation,17622,0.00840772,0
validation,17623,0.013737874,0
validation,17624,0.08098516,0
validation,17625,0.53542423,0
validation,17626,0.07096324,0
validation,17627,0.0045007244,0
validation,17628,0.00075276766,0
validation,17629,0.0025405104,0
validation,17630,0.033496246,0
validation,17631,0.00231312,0
validation,17632,0.04309035,0
validation,17633,0.00022232434,0
validation,17634,0.013855228,0
validation,17635,0.93102175,0
validation,17636,0.0029067919,0
validation,17637,0.00010247197,0
validation,17638,0.0011447885,0
validation,17639,4.216567e-05,0
validation,17640,0.80419487,0
validation,17641,0.00042977175,0
validation,17642,0.7032766,0
validation,17643,0.5582845,0
validation,17644,0.28736874,0
validation,17645,0.43038347,0
validation,17646,0.055369977,0
validation,17647,0.06319641,0
validation,17648,0.45251423,0
validation,17649,0.011843145,0
validation,17650,0.009184915,0
validation,17651,0.25342625,0
validation,17652,0.022683209,0
validation,17653,0.64296293,0
validation,17654,0.49408752,0
validation,17655,0.53575385,0
validation,17656,0.22683296,0
validation,17657,0.4978692,0
validation,17658,0.021099387,0
validation,17659,0.5196607,0
validation,17660,0.26732367,0
validation,17661,0.7377075,0
validation,17662,0.48322412,0
validation,17663,0.0005137816,0
validation,17664,0.018017748,0
validation,17665,0.007035673,0
validation,17666,0.0017352557,0
validation,17667,0.42281955,0
validation,17668,0.8461821,0
validation,17669,0.13096279,0
validation,17670,0.8621329,0
validation,17671,0.62060964,0
validation,17672,0.006359342,0
validation,17673,0.0008581442,0
validation,17674,0.00090712134,0
validation,17675,0.48634756,0
validation,17676,0.002834346,0
validation,17677,0.52505296,0
validation,17678,0.27614588,0
validation,17679,0.19074103,0
validation,17680,0.4983503,0
validation,17681,0.0027801592,0
validation,17682,0.23176691,0
validation,17683,0.00061680167,0
validation,17684,0.5968301,0
validation,17685,9.140444e-05,0
validation,17686,0.13860013,0
validation,17687,0.0022583618,0
validation,17688,0.21629024,0
validation,17689,7.727637e-05,0
validation,17690,0.032593142,0
validation,17691,0.0030741114,0
validation,17692,0.72243375,0
validation,17693,0.24103206,0
validation,17694,0.5711769,0
validation,17695,0.4963917,0
validation,17696,0.47751522,0
validation,17697,0.7271389,0
validation,17698,0.6704284,0
validation,17699,0.16596015,0
validation,17700,0.00022798068,0
validation,17701,0.008213048,0
validation,17702,0.5915728,0
validation,17703,0.0036686203,0
validation,17704,0.0009951356,0
validation,17705,0.00023777105,0
validation,17706,0.4617774,0
validation,17707,0.09053982,0
validation,17708,0.002522462,0
validation,17709,0.0012841999,0
validation,17710,0.002842572,0
validation,17711,0.016566433,0
validation,17712,0.33618954,0
validation,17713,0.40085384,0
validation,17714,0.3048681,0
validation,17715,0.015920945,0
validation,17716,0.040418673,0
validation,17717,0.002250593,0
validation,17718,0.019827096,0
validation,17719,0.57715094,0
validation,17720,0.0045823604,0
validation,17721,0.0027663459,0
validation,17722,0.49207163,0
validation,17723,0.5475116,0
validation,17724,0.42623016,0
validation,17725,0.37371773,0
validation,17726,0.3009516,0
validation,17727,0.4310029,0
validation,17728,0.020867776,0
validation,17729,0.0009160583,0
validation,17730,0.32703668,0
validation,17731,0.020092217,0
validation,17732,0.0005670967,0
validation,17733,0.2659955,0
validation,17734,0.8628173,0
validation,17735,0.34241527,0
validation,17736,0.52536035,0
validation,17737,0.005295165,0
validation,17738,0.25981328,0
validation,17739,0.7025713,0
validation,17740,0.13267565,0
validation,17741,0.73204124,0
validation,17742,0.69732666,0
validation,17743,0.004958122,0
validation,17744,0.7125538,0
validation,17745,0.2857263,0
validation,17746,0.012564929,0
validation,17747,0.57987195,0
validation,17748,0.5033649,0
validation,17749,0.46593145,0
validation,17750,0.30998272,0
validation,17751,0.021113236,0
validation,17752,0.11301858,0
validation,17753,0.12558949,0
validation,17754,0.056568276,0
validation,17755,0.012498718,0
validation,17756,0.05393121,0
validation,17757,0.64185,0
validation,17758,0.3004756,0
validation,17759,0.39401415,0
validation,17760,0.79802746,0
validation,17761,0.45587486,0
validation,17762,0.36498454,0
validation,17763,0.008797776,0
validation,17764,0.8367768,0
validation,17765,0.28083244,0
validation,17766,0.3306153,0
validation,17767,0.14740086,0
validation,17768,0.85088843,0
validation,17769,0.6997769,0
validation,17770,0.58232325,0
validation,17771,0.2889482,0
validation,17772,0.054523837,0
validation,17773,0.76762676,0
validation,17774,0.02990534,0
validation,17775,0.45330486,0
validation,17776,0.0014364177,0
validation,17777,0.13043799,0
validation,17778,0.31212237,0
validation,17779,0.14813243,0
validation,17780,0.00745652,0
validation,17781,0.5522032,0
validation,17782,0.009196378,0
validation,17783,0.73959607,0
validation,17784,0.52502096,0
validation,17785,0.0041335733,0
validation,17786,0.008640558,0
validation,17787,0.82611585,0
validation,17788,0.7192167,0
validation,17789,0.73821044,0
validation,17790,0.40396932,0
validation,17791,0.26834008,0
validation,17792,0.013597701,0
validation,17793,0.40788335,0
validation,17794,0.001187979,0
validation,17795,0.0060420134,0
validation,17796,0.30825797,0
validation,17797,0.7787391,0
validation,17798,0.426731,0
validation,17799,0.008856616,0
validation,17800,0.0024150107,0
validation,17801,0.0059598684,0
validation,17802,0.004132339,0
validation,17803,0.0029665935,0
validation,17804,0.0006974895,0
validation,17805,0.00012249994,0
validation,17806,0.7926061,0
validation,17807,9.402971e-05,0
validation,17808,0.9392003,0
validation,17809,0.8312213,0
validation,17810,0.69915295,0
validation,17811,0.6420463,0
validation,17812,0.7569804,0
validation,17813,0.10896347,0
validation,17814,0.17933644,0
validation,17815,0.0030037889,0
validation,17816,0.40285915,0
validation,17817,0.5623314,0
validation,17818,0.7093707,0
validation,17819,0.63680327,0
validation,17820,0.009574061,0
validation,17821,0.00045556575,0
validation,17822,0.43304858,0
validation,17823,0.19639288,0
validation,17824,0.88922584,0
validation,17825,0.7640214,0
validation,17826,0.79517555,0
validation,17827,0.3581055,0
validation,17828,0.7934338,0
validation,17829,0.052194633,0
validation,17830,0.51621145,0
validation,17831,0.80029935,0
validation,17832,0.6757548,0
validation,17833,0.7813808,0
validation,17834,0.12156008,0
validation,17835,0.090552464,0
validation,17836,0.19695373,0
validation,17837,0.34822685,0
validation,17838,0.0636651,0
validation,17839,0.84485793,0
validation,17840,0.0015639837,0
validation,17841,0.6468698,0
validation,17842,0.00084731047,0
validation,17843,0.54006976,0
validation,17844,0.00014823128,0
validation,17845,0.4201541,0
validation,17846,0.0005165802,0
validation,17847,0.8357827,0
validation,17848,0.27141058,0
validation,17849,0.32397512,0
validation,17850,0.7703617,0
validation,17851,0.3164056,0
validation,17852,0.5006378,0
validation,17853,0.71721303,0
validation,17854,0.010356852,0
validation,17855,0.8138269,0
validation,17856,0.8840477,0
validation,17857,0.2740099,0
validation,17858,0.1547196,0
validation,17859,0.14898421,0
validation,17860,0.9297632,0
validation,17861,0.39943004,0
validation,17862,0.0035346479,0
validation,17863,0.46738845,0
validation,17864,0.46763518,0
validation,17865,0.5673088,0
validation,17866,0.29508457,0
validation,17867,0.0540869,0
validation,17868,0.8056395,0
validation,17869,0.278404,0
validation,17870,0.18517499,0
validation,17871,0.6595149,0
validation,17872,0.017914347,0
validation,17873,0.47142124,0
validation,17874,0.50808287,0
validation,17875,0.80270666,0
validation,17876,0.12942468,0
validation,17877,0.2768193,0
validation,17878,0.3372916,0
validation,17879,0.004546573,0
validation,17880,0.05177492,0
validation,17881,0.4224263,0
validation,17882,0.65306914,0
validation,17883,0.17418881,0
validation,17884,0.1558811,0
validation,17885,0.7801175,0
validation,17886,0.75992763,0
validation,17887,0.3972805,0
validation,17888,0.005557604,0
validation,17889,0.47198516,0
validation,17890,0.00077133265,0
validation,17891,0.19066706,0
validation,17892,0.73917365,0
validation,17893,0.8251821,0
validation,17894,0.23733068,0
validation,17895,0.7720659,0
validation,17896,0.5812255,0
validation,17897,0.00057140336,0
validation,17898,0.15033722,0
validation,17899,0.79935,0
validation,17900,0.0011196453,0
validation,17901,0.013509595,0
validation,17902,0.8681948,0
validation,17903,0.15599446,0
validation,17904,0.8481673,0
validation,17905,0.8392621,0
validation,17906,0.54756856,0
validation,17907,0.16635245,0
validation,17908,0.109593436,0
validation,17909,0.16796888,0
validation,17910,0.4029267,0
validation,17911,0.5253271,0
validation,17912,0.64924717,0
validation,17913,0.26302773,0
validation,17914,0.4983416,0
validation,17915,0.44967234,0
validation,17916,0.6556289,0
validation,17917,0.6645336,0
validation,17918,0.0043764897,0
validation,17919,0.002565762,0
validation,17920,0.01933879,0
validation,17921,0.56052566,0
validation,17922,0.65095633,0
validation,17923,0.26408264,0
validation,17924,0.00040949794,0
validation,17925,0.25650057,0
validation,17926,0.33707002,0
validation,17927,0.364493,0
validation,17928,0.002265171,0
validation,17929,0.008262211,0
validation,17930,0.00059646356,0
validation,17931,0.48465684,0
validation,17932,0.0018665957,0
validation,17933,0.0022945646,0
validation,17934,0.0028057524,0
validation,17935,0.27801284,0
validation,17936,0.16174422,0
validation,17937,0.02160041,0
validation,17938,0.31390917,0
validation,17939,0.0018130117,0
validation,17940,0.0010976058,0
validation,17941,0.0076109786,0
validation,17942,0.0018831699,0
validation,17943,0.49716964,0
validation,17944,0.25331408,0
validation,17945,0.115614094,0
validation,17946,0.27677974,0
validation,17947,0.00066447456,0
validation,17948,0.1487689,0
validation,17949,0.78600746,0
validation,17950,0.009705103,0
validation,17951,0.34767124,0
validation,17952,0.047030006,0
validation,17953,0.0026973602,0
validation,17954,0.6312784,0
validation,17955,0.39439198,0
validation,17956,0.10840395,0
validation,17957,0.07804074,0
validation,17958,0.053253233,0
validation,17959,0.00363829,0
validation,17960,0.004605548,0
validation,17961,0.4760305,0
validation,17962,0.3027967,0
validation,17963,0.12665388,0
validation,17964,0.16277485,0
validation,17965,0.863142,0
validation,17966,0.098019436,0
validation,17967,0.19600648,0
validation,17968,0.38144878,0
validation,17969,0.32003388,0
validation,17970,0.58178043,0
validation,17971,0.79476917,0
validation,17972,0.8524177,0
validation,17973,0.61557865,0
validation,17974,0.8202387,0
validation,17975,0.5627114,0
validation,17976,0.12756403,0
validation,17977,0.14493996,0
validation,17978,0.6985906,0
validation,17979,0.00039366673,0
validation,17980,0.40661788,0
validation,17981,0.0023138158,0
validation,17982,0.00867939,0
validation,17983,0.8490645,0
validation,17984,0.002596958,0
validation,17985,0.3128425,0
validation,17986,0.47424644,0
validation,17987,0.5353812,0
validation,17988,0.0004800171,0
validation,17989,0.40119177,0
validation,17990,0.040820878,0
validation,17991,0.011355835,0
validation,17992,0.7031808,0
validation,17993,0.0019087237,0
validation,17994,0.25817665,0
validation,17995,0.257615,0
validation,17996,0.0075212987,0
validation,17997,0.48536548,0
validation,17998,0.8074385,0
validation,17999,0.00920927,0
validation,18000,0.5264741,0
validation,18001,0.12029984,0
validation,18002,0.0414421,0
validation,18003,0.8057647,0
validation,18004,0.85587585,0
validation,18005,0.623677,0
validation,18006,0.043217897,0
validation,18007,0.0028545277,0
validation,18008,0.41789004,0
validation,18009,0.023546373,0
validation,18010,0.5593032,0
validation,18011,0.025135688,0
validation,18012,0.88991153,0
validation,18013,0.9019243,0
validation,18014,0.40564877,0
validation,18015,0.12315548,0
validation,18016,0.0024434726,0
validation,18017,0.026813269,0
validation,18018,0.8450874,0
validation,18019,0.62482816,0
validation,18020,0.4535725,0
validation,18021,0.4774943,0
validation,18022,0.50448674,0
validation,18023,0.5800358,0
validation,18024,0.0022439577,0
validation,18025,0.16554567,0
validation,18026,0.18076846,0
validation,18027,0.0013610253,0
validation,18028,0.51150274,0
validation,18029,0.0018515819,0
validation,18030,0.18111782,0
validation,18031,0.005135356,0
validation,18032,0.7913514,0
validation,18033,0.0038864699,0
validation,18034,0.0020690213,0
validation,18035,0.002242616,0
validation,18036,0.17146188,0
validation,18037,0.004890209,0
validation,18038,0.002579655,0
validation,18039,0.006626833,0
validation,18040,0.5961163,0
validation,18041,0.004519432,0
validation,18042,0.0029630628,0
validation,18043,0.0022748346,0
validation,18044,0.07995846,0
validation,18045,0.0054420955,0
validation,18046,0.08110224,0
validation,18047,0.11165282,0
validation,18048,0.11486609,0
validation,18049,0.19656375,0
validation,18050,0.56639856,0
validation,18051,0.590729,0
validation,18052,0.66724956,0
validation,18053,0.83072925,0
validation,18054,0.3525786,0
validation,18055,0.6299702,0
validation,18056,0.25181782,0
validation,18057,0.4997522,0
validation,18058,0.66848445,0
validation,18059,0.007271681,0
validation,18060,0.004693293,0
validation,18061,0.8307237,0
validation,18062,0.11743415,0
validation,18063,0.6775501,0
validation,18064,0.00354382,0
validation,18065,0.77223974,0
validation,18066,0.044123877,0
validation,18067,0.7298008,0
validation,18068,0.47738767,0
validation,18069,0.9343108,0
validation,18070,0.68810725,0
validation,18071,0.0121589,0
validation,18072,0.89007825,0
validation,18073,0.41592762,0
validation,18074,0.3716517,0
validation,18075,0.0027719974,0
validation,18076,0.32319483,0
validation,18077,0.16871117,0
validation,18078,0.0049727694,0
validation,18079,0.42360967,0
validation,18080,0.65345824,0
validation,18081,0.45637438,0
validation,18082,0.36750156,0
validation,18083,0.0011460775,0
validation,18084,0.00091014366,0
validation,18085,0.70797944,0
validation,18086,0.3953819,0
validation,18087,0.022239737,0
validation,18088,0.012960628,0
validation,18089,0.48400834,0
validation,18090,0.005456218,0
validation,18091,0.46990597,0
validation,18092,0.15905681,0
validation,18093,0.1899749,0
validation,18094,0.30911413,0
validation,18095,0.8331595,0
validation,18096,0.029801194,0
validation,18097,0.4962328,0
validation,18098,0.12116038,0
validation,18099,0.89089805,0
validation,18100,0.01206496,0
validation,18101,0.16612636,0
validation,18102,0.33367652,0
validation,18103,0.5298381,0
validation,18104,0.092802614,0
validation,18105,0.117920555,0
validation,18106,0.484515,0
validation,18107,0.5226226,0
validation,18108,0.4891474,0
validation,18109,0.18225886,0
validation,18110,0.00011946603,0
validation,18111,3.78666e-05,0
validation,18112,0.00026925933,0
validation,18113,0.0008526182,0
validation,18114,0.0005637054,0
validation,18115,0.7959988,0
validation,18116,5.0281626e-05,0
validation,18117,3.5752141e-06,0
validation,18118,0.00039467457,0
validation,18119,0.0002172656,0
validation,18120,0.00012920976,0
validation,18121,0.0002934618,0
validation,18122,0.00042378413,0
validation,18123,0.00037439194,0
validation,18124,0.0010682151,0
validation,18125,0.00063891284,0
validation,18126,0.00030684163,0
validation,18127,0.00017979027,0
validation,18128,0.15219687,0
validation,18129,0.0003389617,0
validation,18130,0.08995972,0
validation,18131,0.490318,0
validation,18132,0.5880427,0
validation,18133,0.5623733,0
validation,18134,0.00019946897,0
validation,18135,0.00036502935,0
validation,18136,0.00046327413,0
validation,18137,0.85939467,0
validation,18138,0.065788925,0
validation,18139,0.0056484938,0
validation,18140,0.006134606,0
validation,18141,0.5571121,0
validation,18142,0.040484402,0
validation,18143,0.25994614,0
validation,18144,0.85534954,0
validation,18145,0.42402402,0
validation,18146,0.07865061,0
validation,18147,0.0067194332,0
validation,18148,0.4226102,0
validation,18149,0.0049549215,0
validation,18150,0.4598187,0
validation,18151,0.023456214,0
validation,18152,0.45447463,0
validation,18153,0.07298805,0
validation,18154,0.13783151,0
validation,18155,0.3762765,0
validation,18156,0.62736356,0
validation,18157,0.40676022,0
validation,18158,0.19951293,0
validation,18159,0.89493215,0
validation,18160,0.15643491,0
validation,18161,0.4235187,0
validation,18162,0.004740716,0
validation,18163,0.7926532,0
validation,18164,0.8656516,0
validation,18165,0.009944088,0
validation,18166,0.6882578,0
validation,18167,0.31521985,0
validation,18168,0.3076585,0
validation,18169,0.53763777,0
validation,18170,0.58606434,0
validation,18171,0.2111389,0
validation,18172,0.50893354,0
validation,18173,0.48861828,0
validation,18174,0.3980984,0
validation,18175,0.29574648,0
validation,18176,0.1761316,0
validation,18177,0.6510149,0
validation,18178,0.034012422,0
validation,18179,0.28356242,0
validation,18180,0.0019348902,0
validation,18181,0.00015713647,0
validation,18182,0.0018157838,0
validation,18183,0.31354344,0
validation,18184,0.60558224,0
validation,18185,0.86487967,0
validation,18186,0.05018535,0
validation,18187,0.18725342,0
validation,18188,0.7927221,0
validation,18189,0.8230741,0
validation,18190,0.0034622585,0
validation,18191,0.56485087,0
validation,18192,0.23940356,0
validation,18193,0.18110521,0
validation,18194,0.002867707,0
validation,18195,0.8243445,0
validation,18196,0.00016090476,0
validation,18197,0.26484782,0
validation,18198,0.0036525477,0
validation,18199,0.21481875,0
validation,18200,0.32084468,0
validation,18201,0.001880824,0
validation,18202,0.043333806,0
validation,18203,0.44996879,0
validation,18204,0.53746367,0
validation,18205,0.17707631,0
validation,18206,0.06473783,0
validation,18207,0.84380233,0
validation,18208,0.8829257,0
validation,18209,0.0009165424,0
validation,18210,0.003778417,0
validation,18211,0.32598194,0
validation,18212,0.6646712,0
validation,18213,0.00056888757,0
validation,18214,0.81560254,0
validation,18215,0.5063261,0
validation,18216,0.44016773,0
validation,18217,0.49100694,0
validation,18218,0.56376785,0
validation,18219,0.033028044,0
validation,18220,0.021765195,0
validation,18221,0.13327825,0
validation,18222,0.0049774926,0
validation,18223,0.013283403,0
validation,18224,0.2892413,0
validation,18225,0.0023595067,0
validation,18226,0.769659,0
validation,18227,0.0003460285,0
validation,18228,0.71644235,0
validation,18229,0.30663684,0
validation,18230,0.00062749453,0
validation,18231,0.0041982047,0
validation,18232,0.0034594939,0
validation,18233,0.0007562851,0
validation,18234,0.00044454195,0
validation,18235,0.0015062749,0
validation,18236,0.0042929947,0
validation,18237,0.0005063166,0
validation,18238,0.0031571968,0
validation,18239,0.0011914711,0
validation,18240,0.27036175,0
validation,18241,0.0042630592,0
validation,18242,0.8563675,0
validation,18243,0.868645,0
validation,18244,0.0009848047,0
validation,18245,0.47783774,0
validation,18246,0.46578193,0
validation,18247,0.53202116,0
validation,18248,0.46853688,0
validation,18249,0.85282665,0
validation,18250,0.00571485,0
validation,18251,0.77878135,0
validation,18252,0.7602846,0
validation,18253,0.18513164,0
validation,18254,0.21027966,0
validation,18255,0.016212126,0
validation,18256,0.42537203,0
validation,18257,0.89616835,0
validation,18258,0.70708644,0
validation,18259,0.06993873,0
validation,18260,0.7748947,0
validation,18261,0.17239772,0
validation,18262,0.44670555,0
validation,18263,0.30163854,0
validation,18264,0.8351469,0
validation,18265,0.20505689,0
validation,18266,0.0019574082,0
validation,18267,0.6008787,0
validation,18268,0.5141139,0
validation,18269,0.009734101,0
validation,18270,0.028630655,0
validation,18271,0.002502235,0
validation,18272,0.00042642525,0
validation,18273,0.0055925027,0
validation,18274,0.17797515,0
validation,18275,0.57504314,0
validation,18276,0.5177158,0
validation,18277,0.4420264,0
validation,18278,0.019742997,0
validation,18279,0.0021596483,0
validation,18280,0.018953621,0
validation,18281,0.0057281884,0
validation,18282,0.0010828504,0
validation,18283,0.52269095,0
validation,18284,0.0066750487,0
validation,18285,0.25296354,0
validation,18286,0.062857844,0
validation,18287,0.009075191,0
validation,18288,0.0014101651,0
validation,18289,0.5771014,0
validation,18290,0.012879268,0
validation,18291,0.004268135,0
validation,18292,0.0032876309,0
validation,18293,0.77966875,0
validation,18294,0.16188164,0
validation,18295,0.0005179274,0
validation,18296,0.55423504,0
validation,18297,0.3737344,0
validation,18298,0.43790534,0
validation,18299,0.46595532,0
validation,18300,0.35859942,0
validation,18301,0.46816173,0
validation,18302,0.495691,0
validation,18303,0.007697505,0
validation,18304,0.043773703,0
validation,18305,0.80014414,0
validation,18306,0.86820894,0
validation,18307,0.5628491,0
validation,18308,0.0032076368,0
validation,18309,0.593212,0
validation,18310,0.53077054,0
validation,18311,0.13836032,0
validation,18312,0.4188107,0
validation,18313,0.011469112,0
validation,18314,0.39200687,0
validation,18315,0.47085658,0
validation,18316,0.26167655,0
validation,18317,0.10579784,0
validation,18318,0.016639188,0
validation,18319,0.5081367,0
validation,18320,0.35403824,0
validation,18321,0.26947862,0
validation,18322,0.46740878,0
validation,18323,0.9397217,0
validation,18324,0.5614153,0
validation,18325,0.0042730863,0
validation,18326,0.0012961638,0
validation,18327,0.0021950197,0
validation,18328,0.0013413128,0
validation,18329,0.002659075,0
validation,18330,0.23074795,0
validation,18331,0.5593761,0
validation,18332,0.46372578,0
validation,18333,0.13698374,0
validation,18334,0.5344789,0
validation,18335,0.005002714,0
validation,18336,0.6187805,0
validation,18337,0.57517546,0
validation,18338,0.75972784,0
validation,18339,0.074076265,0
validation,18340,0.47759947,0
validation,18341,0.56574273,0
validation,18342,0.83767533,0
validation,18343,0.0011658797,0
validation,18344,0.19859594,0
validation,18345,0.043976557,0
validation,18346,0.00029226035,0
validation,18347,0.17376254,0
validation,18348,0.54999316,0
validation,18349,0.028404064,0
validation,18350,0.8475668,0
validation,18351,0.43374267,0
validation,18352,0.0013163321,0
validation,18353,0.0044530593,0
validation,18354,0.8358992,0
validation,18355,0.008682504,0
validation,18356,0.47635663,0
validation,18357,0.90744483,0
validation,18358,0.88398916,0
validation,18359,0.24693707,0
validation,18360,0.0006548518,0
validation,18361,0.012779354,0
validation,18362,0.01739457,0
validation,18363,0.7947066,0
validation,18364,0.39850715,0
validation,18365,0.12526797,0
validation,18366,0.009935199,0
validation,18367,0.004463775,0
validation,18368,0.0037357416,0
validation,18369,0.017054923,0
validation,18370,0.8536436,0
validation,18371,0.030290501,0
validation,18372,0.02479086,0
validation,18373,0.63153523,0
validation,18374,0.0015328979,0
validation,18375,0.0051157246,0
validation,18376,0.8698355,0
validation,18377,0.3735819,0
validation,18378,0.24237056,0
validation,18379,0.57131195,0
validation,18380,0.0014914897,0
validation,18381,0.42326006,0
validation,18382,0.23480615,0
validation,18383,0.6282414,0
validation,18384,0.009142222,0
validation,18385,0.87904334,0
validation,18386,0.0072598695,0
validation,18387,0.57957643,0
validation,18388,0.19106567,0
validation,18389,0.27263308,0
validation,18390,0.56520116,0
validation,18391,0.86170125,0
validation,18392,0.5026883,0
validation,18393,0.0022331828,0
validation,18394,0.14567146,0
validation,18395,0.0031664365,0
validation,18396,0.0010772983,0
validation,18397,0.012374042,0
validation,18398,0.0009200844,0
validation,18399,0.28311187,0
validation,18400,0.0009610244,0
validation,18401,0.67466795,0
validation,18402,0.008844745,0
validation,18403,0.29050916,0
validation,18404,0.00042620965,0
validation,18405,0.0017568407,0
validation,18406,0.35949165,0
validation,18407,0.22946745,0
validation,18408,0.3404399,0
validation,18409,0.28187004,0
validation,18410,0.16902629,0
validation,18411,0.90952873,0
validation,18412,0.20474967,0
validation,18413,0.64085805,0
validation,18414,0.8570814,0
validation,18415,0.16377011,0
validation,18416,0.010432418,0
validation,18417,0.6194849,0
validation,18418,0.35794154,0
validation,18419,0.38359946,0
validation,18420,0.51246035,0
validation,18421,0.5306975,0
validation,18422,0.42584166,0
validation,18423,0.024677098,0
validation,18424,0.098579235,0
validation,18425,0.00058821286,0
validation,18426,0.000731402,0
validation,18427,0.7145051,0
validation,18428,0.0018842727,0
validation,18429,0.5214989,0
validation,18430,0.51603,0
validation,18431,0.18119036,0
validation,18432,0.4331139,0
validation,18433,0.011727241,0
validation,18434,0.48211104,0
validation,18435,0.019357443,0
validation,18436,0.034488756,0
validation,18437,0.23155273,0
validation,18438,0.59360814,0
validation,18439,0.8572112,0
validation,18440,0.2750509,0
validation,18441,0.9228459,0
validation,18442,0.0024967648,0
validation,18443,0.02004743,0
validation,18444,0.616596,0
validation,18445,0.4925789,0
validation,18446,0.3253037,0
validation,18447,0.5117426,0
validation,18448,0.05629358,0
validation,18449,0.36465025,0
validation,18450,0.47056955,0
validation,18451,0.0012172862,0
validation,18452,0.41536084,0
validation,18453,0.23908797,0
validation,18454,0.016213525,0
validation,18455,0.56866115,0
validation,18456,0.45112202,0
validation,18457,0.010696316,0
validation,18458,0.24068221,0
validation,18459,0.29830876,0
validation,18460,0.4995737,0
validation,18461,0.009016644,0
validation,18462,0.79432577,0
validation,18463,0.55681884,0
validation,18464,0.67772317,0
validation,18465,0.43897593,0
validation,18466,0.61417806,0
validation,18467,0.5857657,0
validation,18468,0.61963415,0
validation,18469,0.595809,0
validation,18470,0.82815826,0
validation,18471,0.19516283,0
validation,18472,0.00045630458,0
validation,18473,0.014967994,0
validation,18474,0.5130272,0
validation,18475,0.31273982,0
validation,18476,0.0005007581,0
validation,18477,0.23288421,0
validation,18478,0.4706303,0
validation,18479,0.14284214,0
validation,18480,0.001965812,0
validation,18481,0.5775126,0
validation,18482,0.0031252315,0
validation,18483,0.6774988,0
validation,18484,0.268992,0
validation,18485,0.13463758,0
validation,18486,0.00020487675,0
validation,18487,0.24076198,0
validation,18488,0.4417649,0
validation,18489,0.004331539,0
validation,18490,0.0029851543,0
validation,18491,0.4913377,0
validation,18492,0.2182639,0
validation,18493,0.1716079,0
validation,18494,0.19411485,0
validation,18495,0.21565183,0
validation,18496,0.37424406,0
validation,18497,0.017226897,0
validation,18498,0.0016151835,0
validation,18499,0.0013976323,0
validation,18500,0.3333521,0
validation,18501,0.08303341,0
validation,18502,0.0017405462,0
validation,18503,0.23122402,0
validation,18504,0.33085963,0
validation,18505,0.0012699837,0
validation,18506,0.6935761,0
validation,18507,0.0017891692,0
validation,18508,0.112475775,0
validation,18509,0.010988259,0
validation,18510,0.0016704432,0
validation,18511,0.0004080221,0
validation,18512,0.44124904,0
validation,18513,0.05723286,0
validation,18514,0.0025602574,0
validation,18515,0.5946796,0
validation,18516,0.78559613,0
validation,18517,0.010672764,0
validation,18518,0.00026494876,0
validation,18519,0.5707383,0
validation,18520,0.17565434,0
validation,18521,0.0029278859,0
validation,18522,0.7022549,0
validation,18523,0.45876753,0
validation,18524,0.11495357,0
validation,18525,8.4978616e-05,0
validation,18526,0.0026791964,0
validation,18527,0.12023406,0
validation,18528,0.0026742674,0
validation,18529,0.1928134,0
validation,18530,0.6086168,0
validation,18531,0.6416119,0
validation,18532,0.744192,0
validation,18533,0.10747342,0
validation,18534,0.047573455,0
validation,18535,0.23637956,0
validation,18536,0.36592504,0
validation,18537,0.3454761,0
validation,18538,0.0022451698,0
validation,18539,0.6025571,0
validation,18540,0.04251674,0
validation,18541,0.01301288,0
validation,18542,0.025725385,0
validation,18543,0.0032029324,0
validation,18544,0.09600744,0
validation,18545,0.45500612,0
validation,18546,0.36509433,0
validation,18547,0.5109621,0
validation,18548,0.0005668805,0
validation,18549,0.001279341,0
validation,18550,0.0006520123,0
validation,18551,0.0010094753,0
validation,18552,0.0009059061,0
validation,18553,0.00032274902,0
validation,18554,0.0014539965,0
validation,18555,6.1261875e-05,0
validation,18556,0.93886584,0
validation,18557,0.0005101801,0
validation,18558,0.0007230259,0
validation,18559,0.85869837,0
validation,18560,0.0019166762,0
validation,18561,0.5113518,0
validation,18562,0.0097191455,0
validation,18563,0.32152292,0
validation,18564,0.085036926,0
validation,18565,0.001261696,0
validation,18566,0.39989963,0
validation,18567,0.6060766,0
validation,18568,0.15218788,0
validation,18569,0.43788427,0
validation,18570,0.12979035,0
validation,18571,0.6031109,0
validation,18572,0.6719333,0
validation,18573,0.1604362,0
validation,18574,0.070698805,0
validation,18575,0.08773195,0
validation,18576,0.3029016,0
validation,18577,0.9032469,0
validation,18578,0.00036693958,0
validation,18579,0.95510405,0
validation,18580,0.09267141,0
validation,18581,0.0066658766,0
validation,18582,0.6835021,0
validation,18583,0.00015945059,0
validation,18584,0.00043649643,0
validation,18585,0.0010746721,0
validation,18586,0.036104392,0
validation,18587,0.8425936,0
validation,18588,0.9447277,0
validation,18589,0.22963582,0
validation,18590,0.51516795,0
validation,18591,0.0004954283,0
validation,18592,0.9467927,0
validation,18593,0.52981234,0
validation,18594,0.29145643,0
validation,18595,0.48852205,0
validation,18596,0.15830415,0
validation,18597,0.07434792,0
validation,18598,0.14598207,0
validation,18599,0.0016320187,0
validation,18600,0.16935414,0
validation,18601,0.19443715,0
validation,18602,0.0032328716,0
validation,18603,0.22648433,0
validation,18604,0.0044253115,0
validation,18605,0.0017308809,0
validation,18606,0.14467376,0
validation,18607,0.12000127,0
validation,18608,0.081866995,0
validation,18609,0.07048086,0
validation,18610,0.28875303,0
validation,18611,0.2235673,0
validation,18612,0.6496532,0
validation,18613,0.6678133,0
validation,18614,0.0023267095,0
validation,18615,0.00391868,0
validation,18616,0.40250883,0
validation,18617,0.6315843,0
validation,18618,0.4789221,0
validation,18619,0.54873735,0
validation,18620,0.8139604,0
validation,18621,0.024236629,0
validation,18622,0.027176,0
validation,18623,0.42762494,0
validation,18624,0.52493083,0
validation,18625,0.4767849,0
validation,18626,0.00052648934,0
validation,18627,0.0055951546,0
test,0,0.601537,1
test,1,0.05202305,0
test,2,0.08828017,0
test,3,0.017142497,0
test,4,0.00359972,0
test,5,0.71559477,1
test,6,0.21097136,0
test,7,0.00011621441,0
test,8,7.798615e-05,0
test,9,0.2481011,0
test,10,0.00021356718,0
test,11,0.78468376,0
test,12,0.08178098,0
test,13,0.47018695,1
test,14,0.7529215,0
test,15,0.12887655,0
test,16,0.6594976,1
test,17,0.21129529,1
test,18,0.23501956,1
test,19,7.5074495e-06,0
test,20,0.7185955,0
test,21,0.7504101,0
test,22,0.80783683,1
test,23,0.55415213,1
test,24,0.009657713,0
test,25,0.07034855,0
test,26,9.219185e-05,0
test,27,0.69878685,1
test,28,0.7178509,0
test,29,0.39853483,0
test,30,0.32202977,0
test,31,0.80142367,1
test,32,0.12310938,0
test,33,0.62876344,0
test,34,0.00058772444,0
test,35,0.6671754,1
test,36,0.8766301,1
test,37,3.9809856e-05,0
test,38,0.0014574226,0
test,39,0.0029110434,0
test,40,0.0009386869,0
test,41,0.28553307,0
test,42,0.00089441147,0
test,43,0.012572802,0
test,44,0.6245688,0
test,45,0.8618656,1
test,46,0.010136582,0
test,47,0.63514376,1
test,48,0.0028454226,0
test,49,0.004076943,0
test,50,0.3699277,0
test,51,0.7306839,1
test,52,0.11156001,0
test,53,0.00010044765,0
test,54,0.09641348,0
test,55,0.0013812165,0
test,56,0.5865451,0
test,57,0.18286462,0
test,58,0.8938618,0
test,59,0.21179394,0
test,60,0.82830215,1
test,61,0.00011226428,0
test,62,0.08503069,0
test,63,0.00025579735,0
test,64,0.0024356341,0
test,65,0.569003,0
test,66,0.8398032,0
test,67,0.7992131,1
test,68,0.23783934,0
test,69,0.009449032,0
test,70,0.030003684,0
test,71,0.024013802,0
test,72,0.14596151,0
test,73,0.097009405,0
test,74,0.3823222,0
test,75,0.135662,0
test,76,0.24867062,0
test,77,0.022030504,0
test,78,0.003578267,0
test,79,0.3954751,1
test,80,0.0076462002,0
test,81,0.00036210305,0
test,82,0.86426365,1
test,83,0.0011261496,0
test,84,0.20475033,0
test,85,0.0031208624,0
test,86,0.55822164,1
test,87,0.0027567975,0
test,88,0.00756118,0
test,89,0.5088828,0
test,90,0.021116542,0
test,91,0.44921175,0
test,92,0.5545195,0
test,93,0.005027064,0
test,94,0.00020265086,0
test,95,0.032497413,0
test,96,0.54219425,1
test,97,0.76306546,1
test,98,0.16466092,0
test,99,0.0064300704,0
test,100,0.83631086,1
test,101,0.44068372,0
test,102,0.6390283,1
test,103,0.33063227,0
test,104,0.054790717,0
test,105,0.6826483,0
test,106,0.058008123,0
test,107,0.6320809,0
test,108,0.8285022,1
test,109,0.28513065,0
test,110,0.5633947,1
test,111,0.8643344,1
test,112,0.13120571,0
test,113,0.050691135,0
test,114,0.7031925,0
test,115,0.6388416,1
test,116,0.8382881,0
test,117,0.003998145,0
test,118,0.00087999436,0
test,119,0.87244904,1
test,120,0.0017379978,0
test,121,0.17521665,1
test,122,0.19536085,1
test,123,0.2497455,1
test,124,0.123197265,1
test,125,0.82924354,1
test,126,0.6558158,1
test,127,2.5870488e-05,0
test,128,0.09733265,1
test,129,0.13139157,0
test,130,0.82147896,0
test,131,0.6213505,1
test,132,0.4510962,1
test,133,0.45865893,0
test,134,0.71858776,1
test,135,0.00064196106,0
test,136,0.8261392,1
test,137,0.4451251,1
test,138,0.5676869,0
test,139,0.8050808,1
test,140,0.7972091,1
test,141,0.15451233,0
test,142,0.0037256286,0
test,143,0.14425626,0
test,144,0.81840825,1
test,145,0.5401708,1
test,146,0.8154434,1
test,147,0.8172113,1
test,148,0.0053199413,0
test,149,0.5048119,1
test,150,0.5015776,1
test,151,0.89161086,0
test,152,0.71744,1
test,153,0.8986633,1
test,154,0.0013187265,0
test,155,0.5708195,0
test,156,0.5688021,1
test,157,0.612676,1
test,158,0.5609628,0
test,159,0.48019966,0
test,160,0.7056422,1
test,161,0.49652192,1
test,162,0.6726532,1
test,163,0.6152297,1
test,164,0.39018402,0
test,165,0.07352705,0
test,166,0.5834947,1
test,167,0.7616409,1
test,168,0.8358686,0
test,169,0.4738016,0
test,170,0.24236132,0
test,171,0.0019138176,0
test,172,0.44947731,0
test,173,0.7216562,1
test,174,0.0026329637,0
test,175,0.5422058,0
test,176,0.37126783,0
test,177,0.5848058,1
test,178,0.36435193,0
test,179,0.563197,0
test,180,0.39666304,0
test,181,0.010009357,0
test,182,0.5559092,1
test,183,0.6350222,1
test,184,0.6684115,1
test,185,0.658153,1
test,186,0.31642166,0
test,187,0.3846491,0
test,188,0.7522563,1
test,189,0.55894524,1
test,190,0.6024984,1
test,191,0.4687707,1
test,192,0.00019922205,0
test,193,0.43684566,0
test,194,0.3417683,1
test,195,0.68155384,1
test,196,0.8403907,1
test,197,0.5312675,1
test,198,0.23682852,0
test,199,0.80139804,0
test,200,0.8396953,1
test,201,0.58225244,1
test,202,0.5074633,1
test,203,0.40701336,1
test,204,0.003733978,0
test,205,0.19102268,0
test,206,0.016514517,0
test,207,0.85345286,0
test,208,0.0010229865,0
test,209,0.63162345,1
test,210,0.6743568,0
test,211,0.42379907,0
test,212,5.782625e-05,0
test,213,0.52044356,0
test,214,0.3610094,1
test,215,0.5470786,1
test,216,0.0025709919,0
test,217,0.13205215,0
test,218,0.1487902,0
test,219,0.09983439,0
test,220,0.8039526,1
test,221,0.005439778,0
test,222,0.0050178785,0
test,223,0.0001026027,0
test,224,0.038544826,0
test,225,0.52777517,1
test,226,0.62986493,1
test,227,0.032292616,0
test,228,0.9999952,1
test,229,0.0073265196,0
test,230,0.000464683,0
test,231,0.7012763,1
test,232,0.6589132,0
test,233,0.82680744,1
test,234,0.0006831673,0
test,235,0.53268903,1
test,236,0.00037443708,0
test,237,0.8653698,0
test,238,0.46938813,0
test,239,0.82952714,1
test,240,0.027208561,0
test,241,0.65989226,1
test,242,0.09327802,0
test,243,0.0015112099,0
test,244,0.003599703,0
test,245,0.6841341,1
test,246,0.0064028897,0
test,247,0.36469394,0
test,248,0.80190796,1
test,249,0.75718516,1
test,250,0.001251514,0
test,251,0.7858999,1
test,252,0.06565027,1
test,253,0.004593859,0
test,254,0.00010736194,0
test,255,0.07119579,0
test,256,0.26902035,0
test,257,0.021136852,0
test,258,0.9411432,1
test,259,6.284214e-05,0
test,260,0.715382,1
test,261,0.00050273864,0
test,262,0.2962563,1
test,263,0.013050378,0
test,264,0.001232978,0
test,265,0.0029480644,0
test,266,0.24761672,0
test,267,0.07674251,0
test,268,0.00528958,0
test,269,0.031667143,0
test,270,0.08223734,0
test,271,0.2841637,0
test,272,0.998312,1
test,273,0.9976958,1
test,274,0.6769197,0
test,275,0.10931949,0
test,276,0.2504363,0
test,277,0.1149853,0
test,278,0.20441493,0
test,279,0.99999994,1
test,280,0.8446053,1
test,281,0.0013101173,0
test,282,0.5016391,0
test,283,0.0003190135,0
test,284,0.03192832,0
test,285,5.2511027e-06,0
test,286,0.09143491,0
test,287,0.4628772,0
test,288,0.004818052,0
test,289,0.007163911,0
test,290,0.07135826,0
test,291,0.35174233,0
test,292,0.21563528,0
test,293,0.9900001,1
test,294,0.008862571,0
test,295,0.9907887,1
test,296,0.9955642,1
test,297,0.9333504,0
test,298,0.9894931,1
test,299,8.246987e-05,0
test,300,0.99429065,1
test,301,0.6057446,0
test,302,0.013421477,0
test,303,0.19911428,1
test,304,0.07730296,0
test,305,0.46963134,1
test,306,0.99981946,1
test,307,0.99971104,1
test,308,0.99980617,1
test,309,0.9821076,1
test,310,0.3082415,0
test,311,0.70913655,1
test,312,0.082610756,0
test,313,0.5182158,0
test,314,0.8691175,1
test,315,0.5663448,1
test,316,0.56080186,0
test,317,0.36741537,0
test,318,0.7174715,0
test,319,0.17905338,0
test,320,0.053108357,0
test,321,0.13691507,0
test,322,0.1469771,0
test,323,0.0075396476,0
test,324,0.14887254,1
test,325,0.26998857,0
test,326,0.00015873791,0
test,327,0.0133387325,0
test,328,0.004903062,0
test,329,0.0056676534,0
test,330,0.073456295,0
test,331,0.16384158,0
test,332,0.7813889,0
test,333,0.002310728,0
test,334,0.77431285,1
test,335,0.0013055763,0
test,336,0.0007453483,0
test,337,0.006212248,0
test,338,8.4180334e-07,0
test,339,0.7897478,1
test,340,0.046814475,0
test,341,0.35218787,1
test,342,0.19664583,0
test,343,0.040752325,0
test,344,0.34237894,0
test,345,0.00040106042,0
test,346,0.06412016,0
test,347,0.011502954,0
test,348,0.25414473,0
test,349,0.37353683,1
test,350,0.9863899,1
test,351,0.9899468,1
test,352,0.98904026,1
test,353,0.9969051,1
test,354,0.11413203,0
test,355,0.19932784,1
test,356,0.7572526,1
test,357,0.99525785,1
test,358,0.121096216,0
test,359,0.38549274,0
test,360,0.0240165,0
test,361,0.0731396,0
test,362,0.656158,0
test,363,0.38919172,0
test,364,0.0014791498,0
test,365,0.9853025,1
test,366,0.00033182645,0
test,367,0.062895074,0
test,368,0.08585172,0
test,369,0.96028143,1
test,370,0.3850292,0
test,371,0.37964228,1
test,372,0.2681298,0
test,373,0.9946811,1
test,374,0.31676725,0
test,375,0.009530513,0
test,376,0.0018615741,0
test,377,9.2132956e-05,0
test,378,0.06792431,0
test,379,0.010264326,0
test,380,0.41255045,0
test,381,0.32208762,0
test,382,0.0762275,0
test,383,0.08426903,0
test,384,0.044445265,0
test,385,0.79363847,1
test,386,0.12535034,0
test,387,2.3586852e-05,0
test,388,2.430949e-05,0
test,389,0.00044880965,0
test,390,0.7754204,1
test,391,0.4025478,0
test,392,0.5128535,1
test,393,0.4352784,1
test,394,0.011977131,0
test,395,0.9160141,1
test,396,0.8650208,1
test,397,0.9003057,1
test,398,0.62326264,1
test,399,0.13824676,0
test,400,0.81202596,1
test,401,0.88971055,1
test,402,0.5298445,0
test,403,0.7839502,1
test,404,0.8515194,1
test,405,0.26608515,0
test,406,0.5801914,1
test,407,0.013081133,0
test,408,0.0033192614,0
test,409,0.625964,1
test,410,0.00649834,0
test,411,0.03057403,0
test,412,0.6039283,1
test,413,0.020579927,0
test,414,0.59360963,1
test,415,0.00016603849,0
test,416,0.22079891,0
test,417,0.7542819,1
test,418,0.45547765,1
test,419,0.4768027,1
test,420,0.00029895036,0
test,421,0.8000196,1
test,422,8.6417116e-05,0
test,423,8.178969e-05,0
test,424,0.0014738329,0
test,425,8.624999e-05,0
test,426,0.00011055244,0
test,427,0.0021281708,0
test,428,0.00014400821,0
test,429,0.0026849287,0
test,430,0.008695611,0
test,431,0.6935801,1
test,432,0.064021185,0
test,433,0.8103769,1
test,434,0.67210615,1
test,435,0.9302486,1
test,436,0.3319785,0
test,437,0.18969157,0
test,438,0.065278456,0
test,439,0.102485135,0
test,440,0.07469335,0
test,441,0.004125841,0
test,442,0.9352246,1
test,443,0.6800045,1
test,444,0.00014726428,0
test,445,0.61186206,0
test,446,0.44136113,0
test,447,0.61336106,0
test,448,0.0017691574,0
test,449,0.7703663,1
test,450,0.32487118,0
test,451,0.23633523,0
test,452,0.422192,1
test,453,0.090529405,0
test,454,0.3546035,1
test,455,0.9395555,1
test,456,0.9431057,1
test,457,0.0046149087,0
test,458,0.046957824,0
test,459,0.8520996,1
test,460,0.90753627,1
test,461,0.8726643,1
test,462,0.6366905,1
test,463,0.9998158,1
test,464,0.8937046,1
test,465,0.99977326,1
test,466,0.011620956,0
test,467,0.8513711,1
test,468,0.83915675,1
test,469,0.9461532,1
test,470,0.99965125,1
test,471,0.8569892,0
test,472,0.8956712,1
test,473,0.91586757,1
test,474,0.9275457,1
test,475,0.93813294,1
test,476,0.56179225,1
test,477,0.6780653,1
test,478,0.5528192,1
test,479,0.0073327785,0
test,480,0.9874297,1
test,481,0.9971622,1
test,482,0.99312586,1
test,483,0.63748467,1
test,484,0.9060966,1
test,485,0.7992237,1
test,486,0.06003768,0
test,487,0.86620444,1
test,488,0.9345775,1
test,489,0.006537288,0
test,490,0.01401483,0
test,491,0.34016472,0
test,492,0.31575325,1
test,493,0.91299784,1
test,494,0.7695318,1
test,495,0.000379277,0
test,496,0.8914154,1
test,497,0.26750538,1
test,498,0.00087252917,0
test,499,0.49824107,0
test,500,0.00033597916,0
test,501,0.37603876,0
test,502,0.63494396,0
test,503,0.3737326,0
test,504,0.44620422,1
test,505,0.16526017,0
test,506,0.7077105,1
test,507,0.17502514,0
test,508,0.46106985,0
test,509,0.69572926,1
test,510,0.63621384,1
test,511,0.0065856827,0
test,512,0.067205705,0
test,513,0.17585412,1
test,514,0.6542593,1
test,515,0.99171436,1
test,516,0.99011797,1
test,517,0.9986259,1
test,518,0.9924503,1
test,519,0.5480311,1
test,520,0.61685234,1
test,521,0.00014937321,0
test,522,0.08451645,1
test,523,0.29812577,1
test,524,0.70677745,0
test,525,0.91631025,1
test,526,0.1445244,1
test,527,0.6407107,1
test,528,0.8678452,1
test,529,0.00052709464,0
test,530,0.36367014,1
test,531,0.73531866,1
test,532,0.007122825,0
test,533,0.6761763,1
test,534,0.68524265,1
test,535,0.57006365,1
test,536,0.60483366,1
test,537,0.5864249,1
test,538,0.5233331,1
test,539,0.76632655,0
test,540,0.84678495,1
test,541,0.49536118,0
test,542,0.77969617,1
test,543,0.64020085,1
test,544,0.084397964,0
test,545,0.99948096,1
test,546,0.28646517,1
test,547,0.9990062,1
test,548,0.99944,1
test,549,0.9988942,1
test,550,0.0060401037,0
test,551,0.0008405364,0
test,552,0.99947846,1
test,553,0.9041502,1
test,554,0.87907267,1
test,555,0.99398094,1
test,556,0.999161,1
test,557,0.7996257,1
test,558,0.99226075,1
test,559,0.00420299,0
test,560,0.9995127,1
test,561,0.9935924,1
test,562,0.99649554,1
test,563,0.99348205,1
test,564,0.99574536,1
test,565,0.014849294,0
test,566,0.014172259,0
test,567,0.8427806,1
test,568,0.08871689,1
test,569,0.8910257,1
test,570,0.6046964,1
test,571,0.00075657817,0
test,572,0.22904828,1
test,573,0.06798781,1
test,574,0.0064104176,0
test,575,0.43219754,1
test,576,0.5644579,1
test,577,0.55669534,1
test,578,0.83929664,1
test,579,0.5549195,1
test,580,0.63558614,1
test,581,0.9974678,1
test,582,0.9976302,1
test,583,0.99827445,1
test,584,0.8732548,0
test,585,0.641286,1
test,586,0.19548056,1
test,587,0.029593373,0
test,588,0.0051556947,0
test,589,0.5328706,1
test,590,0.0019287871,0
test,591,0.028683791,0
test,592,0.7089013,1
test,593,0.69360703,1
test,594,0.9981295,1
test,595,0.9995559,1
test,596,0.9995728,1
test,597,0.99965006,1
test,598,0.053726796,1
test,599,0.09846329,1
test,600,0.25795633,1
test,601,0.63145614,1
test,602,0.75006855,1
test,603,0.9133243,1
test,604,0.6375386,1
test,605,0.64310086,1
test,606,0.71638036,1
test,607,0.40056273,1
test,608,0.72188365,1
test,609,0.86728036,1
test,610,0.20993404,1
test,611,0.24529889,1
test,612,0.78962606,0
test,613,0.8318106,1
test,614,0.4647071,1
test,615,0.6121472,1
test,616,0.8337986,1
test,617,0.8325091,1
test,618,0.6461632,1
test,619,0.740214,1
test,620,0.17809486,0
test,621,0.76273566,1
test,622,0.7013316,1
test,623,0.588603,1
test,624,0.8185238,1
test,625,0.5115323,0
test,626,0.4928699,1
test,627,0.78205717,1
test,628,0.011330718,0
test,629,0.64812356,1
test,630,0.4729047,1
test,631,0.011394407,0
test,632,0.0053042974,0
test,633,0.5350853,1
test,634,0.0042439844,0
test,635,0.0009159314,0
test,636,0.001346229,0
test,637,0.81968075,1
test,638,0.6237426,1
test,639,0.007323978,0
test,640,0.0021669855,0
test,641,0.9991588,1
test,642,0.00016089325,0
test,643,0.48673972,1
test,644,0.99926984,1
test,645,0.9995953,1
test,646,0.9995865,1
test,647,0.9993107,1
test,648,0.9993654,1
test,649,0.85616153,1
test,650,0.87956166,1
test,651,0.10750638,1
test,652,0.8347674,1
test,653,0.4958134,1
test,654,0.6604299,1
test,655,0.7127307,1
test,656,0.8135671,1
test,657,0.0018099198,0
test,658,0.0102761565,0
test,659,0.0005549944,0
test,660,0.0038828827,0
test,661,0.0015456658,0
test,662,0.15900543,0
test,663,0.003626069,0
test,664,0.0025350535,0
test,665,0.75401664,1
test,666,0.369079,0
test,667,0.6012993,0
test,668,0.9159819,1
test,669,0.7394948,1
test,670,0.0051668365,0
test,671,0.86294067,1
test,672,0.0020979482,0
test,673,0.6980305,1
test,674,0.029106261,0
test,675,0.033419035,0
test,676,0.3798868,0
test,677,0.5305345,0
test,678,0.7291037,1
test,679,0.99568313,0
test,680,0.014882562,0
test,681,0.6786282,0
test,682,0.128722,1
test,683,0.92809385,1
test,684,0.024499612,0
test,685,0.6856549,1
test,686,0.8952439,1
test,687,0.8164561,1
test,688,0.83891976,1
test,689,0.72537565,1
test,690,0.9484935,1
test,691,0.79479855,1
test,692,0.2866544,1
test,693,0.7645129,1
test,694,0.042992383,0
test,695,0.04966999,0
test,696,0.80593526,1
test,697,0.9987763,1
test,698,0.9982883,1
test,699,0.9982626,1
test,700,0.9983145,1
test,701,0.5752673,0
test,702,0.996306,1
test,703,0.99873847,1
test,704,0.9993483,1
test,705,0.99721545,1
test,706,0.9965895,1
test,707,0.93005055,1
test,708,0.19665778,1
test,709,0.6390048,1
test,710,0.0006586344,0
test,711,0.000380188,0
test,712,0.7747147,1
test,713,0.00492689,0
test,714,0.00036122918,0
test,715,0.004753828,0
test,716,0.0005588082,0
test,717,0.007105926,0
test,718,0.48029956,1
test,719,0.93495417,1
test,720,0.84498304,1
test,721,0.7833668,1
test,722,0.91480696,1
test,723,0.8196565,1
test,724,0.7200415,1
test,725,0.8218895,1
test,726,0.7762369,1
test,727,0.9982437,1
test,728,0.26502776,1
test,729,0.21916519,1
test,730,0.19901271,0
test,731,0.08472691,0
test,732,0.16280642,1
test,733,0.99981344,1
test,734,0.9998853,1
test,735,0.7196907,1
test,736,0.83943194,1
test,737,0.8457666,1
test,738,0.57308054,1
test,739,0.8860555,1
test,740,0.7650724,1
test,741,0.99984205,1
test,742,0.9998649,1
test,743,0.9998501,1
test,744,0.99996275,1
test,745,0.9998245,1
test,746,0.7524843,1
test,747,0.65867215,1
test,748,0.99743706,1
test,749,0.9986517,1
test,750,0.9985027,1
test,751,0.9978106,1
test,752,0.9982593,1
test,753,0.5860211,1
test,754,0.93519926,1
test,755,0.8849859,1
test,756,0.9343555,1
test,757,0.93888813,1
test,758,0.30554938,1
test,759,0.29492483,1
test,760,0.9998806,1
test,761,0.005779866,0
test,762,0.99988335,1
test,763,0.99985355,1
test,764,0.8212135,1
test,765,0.5881507,1
test,766,0.44700143,1
test,767,0.996843,1
test,768,0.994374,1
test,769,0.9570198,1
test,770,0.9998212,1
test,771,0.9999133,1
test,772,0.99989426,1
test,773,0.17863344,1
test,774,0.0009767956,0
test,775,0.8802542,1
test,776,0.010440095,0
test,777,0.005557939,0
test,778,0.014255576,0
test,779,0.00031656367,0
test,780,0.84188616,1
test,781,0.8121366,1
test,782,0.0062609776,0
test,783,0.8728932,1
test,784,0.00044854774,0
test,785,0.8464447,1
test,786,0.23853086,1
test,787,0.74302113,1
test,788,0.87173074,1
test,789,0.8028959,1
test,790,0.0022467757,0
test,791,0.34061068,1
test,792,0.37286043,1
test,793,0.004926067,0
test,794,0.2509387,1
test,795,0.79854804,1
test,796,0.6238317,1
test,797,0.7429825,1
test,798,0.55456686,1
test,799,0.8623631,1
test,800,0.8630047,1
test,801,0.69574887,1
test,802,0.859702,1
test,803,0.35668117,1
test,804,0.8939135,1
test,805,0.48881617,1
test,806,0.44307777,1
test,807,0.930582,1
test,808,0.9163613,1
test,809,0.92348635,1
test,810,0.5725844,0
test,811,0.4196385,1
test,812,0.90326643,1
test,813,0.75333524,1
test,814,0.0009015824,0
test,815,0.0037491964,0
test,816,0.06574624,0
test,817,0.9346373,1
test,818,0.96655345,1
test,819,0.9428478,1
test,820,0.79544175,1
test,821,0.0003188879,0
test,822,0.850898,1
test,823,0.8314337,1
test,824,0.81795514,1
test,825,0.0017421407,0
test,826,0.004304943,0
test,827,0.81263566,1
test,828,0.00032648217,0
test,829,0.77033734,1
test,830,0.796725,1
test,831,0.86451805,1
test,832,0.7615594,1
test,833,0.79816085,1
test,834,0.77520347,1
test,835,0.015161227,0
test,836,0.0063336613,0
test,837,0.018263418,0
test,838,0.87693936,1
test,839,0.36097422,0
test,840,0.0008567055,0
test,841,0.001589144,0
test,842,0.004213667,0
test,843,0.9985762,1
test,844,0.99913913,1
test,845,0.86253566,1
test,846,0.0083220685,0
test,847,0.8550378,1
test,848,0.99903727,1
test,849,0.6144843,1
test,850,0.99913627,1
test,851,0.99912107,1
test,852,0.5950612,1
test,853,0.99867135,1
test,854,0.108276375,1
test,855,0.8435005,1
test,856,0.50504804,1
test,857,0.42769969,1
test,858,0.0009331631,0
test,859,0.8846451,1
test,860,0.7193534,1
test,861,0.8640437,1
test,862,0.0022242079,0
test,863,0.0015430107,0
test,864,0.0021098303,0
test,865,2.7661312e-05,0
test,866,0.8675438,1
test,867,0.8753618,0
test,868,0.016062181,0
test,869,0.8403827,1
test,870,6.800484e-06,0
test,871,0.001989351,0
test,872,0.0036070545,0
test,873,2.0121328e-05,0
test,874,0.002984706,0
test,875,0.8932627,1
test,876,0.82143307,1
test,877,0.6894154,1
test,878,0.48529905,0
test,879,0.6436837,1
test,880,0.0002186259,0
test,881,0.00025862828,0
test,882,0.0004955435,0
test,883,0.00021936966,0
test,884,0.8988097,1
test,885,0.855782,1
test,886,0.51469576,1
test,887,0.8998677,1
test,888,0.6777518,1
test,889,0.026717804,0
test,890,0.81025016,1
test,891,0.2285551,1
test,892,0.022207018,0
test,893,0.0038597228,0
test,894,0.7067139,1
test,895,0.008794292,0
test,896,0.79618126,1
test,897,0.9996102,1
test,898,0.8067442,1
test,899,0.4060394,1
test,900,0.9995696,1
test,901,0.9989821,1
test,902,0.59624714,1
test,903,0.68854916,1
test,904,0.7484063,1
test,905,0.76765585,1
test,906,0.9014135,1
test,907,0.7430277,1
test,908,0.8771273,1
test,909,0.64782476,1
test,910,0.7921066,1
test,911,0.50258327,1
test,912,0.049709875,1
test,913,0.90495205,1
test,914,0.0034960597,0
test,915,0.79399115,1
test,916,0.6917194,1
test,917,0.66995025,1
test,918,0.6797284,1
test,919,0.8705399,1
test,920,0.6289792,1
test,921,0.7635913,1
test,922,0.7889654,1
test,923,0.0029899322,0
test,924,0.995561,1
test,925,0.99293905,1
test,926,0.99287707,1
test,927,0.9927012,1
test,928,0.99416816,1
test,929,0.7081744,1
test,930,0.8537302,1
test,931,0.0038331375,0
test,932,0.86505765,1
test,933,0.9058288,1
test,934,0.88039714,1
test,935,0.36438677,0
test,936,0.8705822,1
test,937,0.82857376,1
test,938,0.7560632,1
test,939,0.11250629,0
test,940,0.85067886,1
test,941,0.8600391,1
test,942,0.85155517,1
test,943,0.91035473,1
test,944,0.9900311,1
test,945,0.96881396,1
test,946,0.95313823,1
test,947,0.0014078418,0
test,948,0.0035660348,0
test,949,0.0015525158,0
test,950,0.0013893553,0
test,951,0.001111961,0
test,952,0.8595028,1
test,953,0.8941594,1
test,954,0.28663784,1
test,955,0.68930674,1
test,956,0.22508079,1
test,957,0.91168547,1
test,958,0.8931172,1
test,959,0.4285033,0
test,960,0.82109904,1
test,961,0.97800964,1
test,962,0.61268485,1
test,963,0.40305066,1
test,964,0.8738464,1
test,965,0.65066636,1
test,966,0.00049648865,0
test,967,0.8925745,1
test,968,0.84434366,1
test,969,0.74356323,1
test,970,0.7626192,0
test,971,0.9030232,1
test,972,0.0022508402,0
test,973,0.9265581,1
test,974,0.6277385,0
test,975,0.56779,1
test,976,0.6792069,1
test,977,0.02065409,0
test,978,0.1829767,1
test,979,0.6527692,1
test,980,0.62857014,1
test,981,0.9017633,1
test,982,0.9185179,1
test,983,0.81235296,1
test,984,0.8693956,1
test,985,0.9042827,1
test,986,0.3270131,1
test,987,0.83497804,1
test,988,0.7609221,1
test,989,0.8730986,1
test,990,0.441519,1
test,991,0.7774047,1
test,992,0.8869326,1
test,993,0.8858066,1
test,994,0.85659003,1
test,995,0.4127442,1
test,996,0.45547935,1
test,997,0.79471743,1
test,998,0.47531536,1
test,999,0.8941413,1
test,1000,0.9532076,1
test,1001,0.65759075,1
test,1002,0.69382155,1
test,1003,0.8054611,1
test,1004,0.71627074,1
test,1005,0.1381876,1
test,1006,0.75413305,1
test,1007,0.8736284,1
test,1008,0.42587498,1
test,1009,0.821342,1
test,1010,0.36719233,1
test,1011,0.8531324,1
test,1012,0.4155246,1
test,1013,0.0040186476,0
test,1014,0.85953355,1
test,1015,0.6795672,1
test,1016,0.8646451,1
test,1017,0.22908339,1
test,1018,0.259721,1
test,1019,0.8194938,1
test,1020,0.57656,0
test,1021,0.5759963,1
test,1022,0.7419306,1
test,1023,0.08979985,1
test,1024,0.89995295,1
test,1025,0.8204177,1
test,1026,0.4830793,1
test,1027,0.7134659,1
test,1028,0.74850893,1
test,1029,0.71874315,1
test,1030,0.00634167,0
test,1031,0.6664591,0
test,1032,0.5096859,1
test,1033,0.80586696,1
test,1034,0.8292199,1
test,1035,0.68110937,1
test,1036,0.8102865,1
test,1037,0.92775655,1
test,1038,0.58689237,1
test,1039,0.5510281,1
test,1040,0.7735724,1
test,1041,0.6321852,0
test,1042,0.6007756,1
test,1043,0.8091901,0
test,1044,0.7377951,1
test,1045,0.03686998,1
test,1046,0.83141774,1
test,1047,0.88835037,1
test,1048,0.69050705,1
test,1049,0.755459,1
test,1050,0.7698946,1
test,1051,0.6503376,1
test,1052,0.7902885,1
test,1053,0.73779637,1
test,1054,0.38091886,1
test,1055,0.7917529,1
test,1056,0.6367667,1
test,1057,0.7798416,1
test,1058,0.7950852,1
test,1059,0.8177934,1
test,1060,0.8093008,1
test,1061,0.86321074,1
test,1062,0.009397795,0
test,1063,0.82226086,1
test,1064,0.24076152,1
test,1065,0.8794456,1
test,1066,0.83804035,1
test,1067,0.845502,1
test,1068,0.77858937,1
test,1069,0.5396187,1
test,1070,0.6027162,1
test,1071,0.21988668,1
test,1072,0.90213954,1
test,1073,0.9410555,1
test,1074,0.267329,1
test,1075,0.810955,1
test,1076,0.9315344,1
test,1077,0.8861717,1
test,1078,0.63654804,1
test,1079,0.9155642,1
test,1080,0.6728211,1
test,1081,0.8785934,1
test,1082,0.59107727,1
test,1083,0.8823819,1
test,1084,0.71348643,1
test,1085,0.004028047,0
test,1086,0.0023232696,0
test,1087,0.82441163,1
test,1088,0.86769766,1
test,1089,0.76906866,1
test,1090,0.5095705,1
test,1091,0.99912536,1
test,1092,0.99866515,1
test,1093,0.2927667,1
test,1094,0.9993968,1
test,1095,0.99966943,1
test,1096,0.99963707,1
test,1097,0.46673656,1
test,1098,0.32552484,1
test,1099,0.00012348533,0
test,1100,0.22875315,1
test,1101,0.65615296,1
test,1102,0.81081235,1
test,1103,0.53636,1
test,1104,0.8838232,1
test,1105,0.8704422,1
test,1106,0.0008885962,0
test,1107,0.62691987,1
test,1108,0.87362003,1
test,1109,0.21552707,1
test,1110,5.2972988e-05,0
test,1111,9.039614e-06,0
test,1112,0.011211524,0
test,1113,0.00059715577,0
test,1114,0.017302517,0
test,1115,0.0066337995,0
test,1116,0.003561732,0
test,1117,0.0020686078,0
test,1118,0.8157592,1
test,1119,0.0024079208,0
test,1120,0.0025020351,0
test,1121,0.81529725,1
test,1122,0.2482733,1
test,1123,0.5183685,1
test,1124,0.78284824,1
test,1125,0.5373055,1
test,1126,0.7882419,1
test,1127,0.5767467,1
test,1128,0.0013669066,0
test,1129,0.8440276,1
test,1130,0.87973386,1
test,1131,0.0016018378,0
test,1132,0.99841666,1
test,1133,0.9981332,1
test,1134,0.9975792,1
test,1135,0.9168746,1
test,1136,0.99956423,1
test,1137,0.001595704,0
test,1138,0.9966237,1
test,1139,0.99797505,1
test,1140,0.0036827754,0
test,1141,0.0013020403,0
test,1142,0.9981606,1
test,1143,0.0030977922,0
test,1144,0.0011099476,0
test,1145,0.9982239,1
test,1146,0.8484697,1
test,1147,0.5616775,1
test,1148,0.5608463,1
test,1149,0.43434757,1
test,1150,0.23952745,1
test,1151,0.9375751,1
test,1152,0.7773707,1
test,1153,0.25319245,1
test,1154,0.95769244,1
test,1155,0.9800442,1
test,1156,0.5277808,1
test,1157,0.8998083,1
test,1158,0.8280541,1
test,1159,0.44571334,1
test,1160,0.76933855,1
test,1161,0.0021785484,0
test,1162,0.951236,1
test,1163,0.78437907,1
test,1164,0.83890057,1
test,1165,0.99779695,1
test,1166,0.30064267,1
test,1167,0.99907374,1
test,1168,0.9989481,1
test,1169,0.2444934,1
test,1170,0.33075714,1
test,1171,0.99733454,1
test,1172,0.78126293,1
test,1173,0.74503887,1
test,1174,0.78642076,1
test,1175,0.742329,1
test,1176,0.48516795,1
test,1177,0.00038287987,0
test,1178,0.0038369228,0
test,1179,1.0657791e-06,0
test,1180,0.0012801017,0
test,1181,0.0010364312,0
test,1182,0.000235544,0
test,1183,0.948827,1
test,1184,0.95842415,1
test,1185,0.96576923,1
test,1186,0.97681683,1
test,1187,0.9725622,1
test,1188,0.9668807,1
test,1189,0.96826047,1
test,1190,0.17817347,1
test,1191,0.9667573,1
test,1192,0.8525426,1
test,1193,0.9997179,1
test,1194,0.9998298,1
test,1195,0.6697781,1
test,1196,0.99973744,1
test,1197,0.99964213,1
test,1198,0.551643,1
test,1199,0.013511235,0
test,1200,0.8781351,1
test,1201,0.8855404,1
test,1202,0.77758324,1
test,1203,0.8835111,1
test,1204,0.72168016,1
test,1205,0.85563457,1
test,1206,0.7387403,1
test,1207,2.5427793e-05,0
test,1208,0.0016452981,0
test,1209,0.406668,1
test,1210,0.28669435,1
test,1211,0.06257984,1
test,1212,0.009943505,0
test,1213,0.003437455,0
test,1214,0.0037710685,0
test,1215,0.0018113366,0
test,1216,0.0015311869,0
test,1217,0.0088006,0
test,1218,0.003145985,0
test,1219,0.0031198838,0
test,1220,0.00066507456,0
test,1221,0.000110750385,0
test,1222,0.00026465685,0
test,1223,0.00016101311,0
test,1224,0.7238795,1
test,1225,0.3662138,1
test,1226,0.7193575,1
test,1227,0.29164132,1
test,1228,0.34752253,1
test,1229,0.99922985,1
test,1230,0.9993776,1
test,1231,0.9995531,1
test,1232,0.33658412,1
test,1233,0.7512442,1
test,1234,0.7382412,1
test,1235,0.3317018,1
test,1236,0.5750295,1
test,1237,0.86580765,1
test,1238,0.9106046,1
test,1239,0.658446,1
test,1240,0.6473868,1
test,1241,0.75853676,1
test,1242,0.96175927,1
test,1243,0.79207104,1
test,1244,0.74929535,1
test,1245,0.48949972,1
test,1246,0.021444134,0
test,1247,0.7633255,1
test,1248,0.9436198,1
test,1249,0.9187346,1
test,1250,0.9551268,1
test,1251,0.5608957,1
test,1252,0.9310828,1
test,1253,0.704468,1
test,1254,0.99369746,1
test,1255,0.82000107,1
test,1256,0.6782751,1
test,1257,0.6687839,1
test,1258,0.85678095,1
test,1259,0.7993065,1
test,1260,0.79401326,1
test,1261,0.8519466,1
test,1262,0.8670895,1
test,1263,0.9314189,1
test,1264,0.70783746,1
test,1265,0.8966135,1
test,1266,0.6964052,1
test,1267,0.26196736,1
test,1268,0.05597302,1
test,1269,0.91617906,1
test,1270,0.94558406,1
test,1271,0.90941155,1
test,1272,0.5750451,1
test,1273,0.551669,1
test,1274,0.4932237,1
test,1275,0.0007632668,0
test,1276,0.1020931,1
test,1277,0.0016629256,0
test,1278,0.53241056,1
test,1279,0.601843,1
test,1280,0.30000168,1
test,1281,0.4279902,1
test,1282,0.9822182,1
test,1283,0.99308515,1
test,1284,0.9993319,1
test,1285,0.99971026,1
test,1286,0.991581,1
test,1287,0.99976677,1
test,1288,0.32728595,1
test,1289,0.934772,1
test,1290,0.74877405,1
test,1291,0.86953187,1
test,1292,0.8775828,1
test,1293,0.9229817,1
test,1294,0.9060694,1
test,1295,0.5583544,1
test,1296,0.23587076,1
test,1297,0.86427766,1
test,1298,0.9993472,1
test,1299,0.7081628,1
test,1300,0.99927175,1
test,1301,0.99954325,1
test,1302,0.4867291,1
test,1303,0.946205,1
test,1304,0.52285767,1
test,1305,0.93679535,1
test,1306,0.5170932,1
test,1307,0.6136848,1
test,1308,0.89802384,1
test,1309,0.8992088,1
test,1310,0.5787542,1
test,1311,0.23283944,1
test,1312,0.8199741,1
test,1313,0.14727037,1
test,1314,0.58335775,1
test,1315,0.8077621,1
test,1316,0.3699187,1
test,1317,0.350653,1
test,1318,0.17080574,1
test,1319,0.730548,1
test,1320,0.8864049,1
test,1321,0.009048458,1
test,1322,0.5740294,1
test,1323,0.64492905,1
test,1324,0.51555043,1
test,1325,0.63576174,1
test,1326,0.9994598,1
test,1327,0.230141,1
test,1328,0.70841694,1
test,1329,0.53542084,1
test,1330,0.907704,1
test,1331,0.49434838,1
test,1332,0.49257356,1
test,1333,0.5144651,1
test,1334,0.9997719,1
test,1335,0.9997249,1
test,1336,0.99975276,1
test,1337,0.9998019,1
test,1338,0.76736003,1
test,1339,0.54555357,1
test,1340,0.68523234,1
test,1341,0.19139457,1
test,1342,0.7089824,1
test,1343,0.7438686,1
test,1344,0.3602964,1
test,1345,0.03511545,1
test,1346,0.8634397,1
test,1347,0.39567995,1
test,1348,0.8169066,1
test,1349,0.86781013,1
test,1350,0.20469402,1
test,1351,0.8722404,1
test,1352,0.7252061,1
test,1353,0.14131199,1
test,1354,0.65308034,1
test,1355,0.79724586,1
test,1356,0.69562787,1
test,1357,0.54870635,1
test,1358,0.95738167,1
test,1359,0.28383103,1
test,1360,0.13330252,1
test,1361,0.96070737,1
test,1362,0.6541306,1
test,1363,0.6634815,1
test,1364,0.20948571,1
test,1365,0.61964583,1
test,1366,0.26273188,1
test,1367,0.5934016,1
test,1368,0.85335594,1
test,1369,0.55334437,1
test,1370,0.37644038,1
test,1371,0.6561164,1
test,1372,0.49786204,1
test,1373,0.6126415,1
test,1374,0.16092816,1
test,1375,0.8325441,1
test,1376,0.718369,1
test,1377,0.90806234,1
test,1378,0.89045507,1
test,1379,0.8306474,1
test,1380,0.26875553,1
test,1381,0.75548506,1
test,1382,0.9652827,1
test,1383,0.9821717,1
test,1384,0.43106872,1
test,1385,0.40420663,1
test,1386,0.4685222,1
test,1387,0.20331493,1
test,1388,0.21108162,1
test,1389,0.23835415,1
test,1390,0.12604809,1
test,1391,0.55417705,1
test,1392,0.70990956,1
test,1393,0.20019227,1
test,1394,0.3199233,1
test,1395,0.6238408,1
test,1396,0.017676022,1
test,1397,0.1800535,1
test,1398,0.8766684,1
test,1399,0.78748107,1
test,1400,0.23341802,1
test,1401,0.53481734,1
test,1402,0.8338963,1
test,1403,0.78545904,1
test,1404,0.4479301,1
test,1405,0.28327456,1
test,1406,0.8655159,1
test,1407,0.5668297,1
test,1408,0.99892735,1
test,1409,0.9985894,1
test,1410,0.29296005,1
test,1411,0.99921566,1
test,1412,0.99904436,1
test,1413,0.9977836,1
test,1414,0.9988386,1
test,1415,0.62914896,1
test,1416,0.9112909,1
test,1417,0.99890953,1
test,1418,0.99878806,1
test,1419,0.9029897,1
test,1420,0.8767796,1
test,1421,0.9009172,1
test,1422,0.79314387,1
test,1423,0.9330946,1
test,1424,0.43762687,1
test,1425,0.7023858,1
test,1426,0.7962559,1
test,1427,0.09850291,1
test,1428,0.7371994,1
test,1429,0.49245125,1
test,1430,0.67038095,1
test,1431,0.8649819,1
test,1432,0.4900951,1
test,1433,0.4549002,1
test,1434,0.46370244,1
test,1435,0.7232964,1
test,1436,0.59125686,1
test,1437,0.7467421,1
test,1438,0.91907924,1
test,1439,0.55870044,1
test,1440,0.28230262,1
test,1441,0.22764762,1
test,1442,0.74125946,1
test,1443,0.8718614,1
test,1444,0.75111574,1
test,1445,0.6734469,1
test,1446,0.4187262,1
test,1447,0.21323255,1
test,1448,0.24064043,1
test,1449,0.68384564,1
test,1450,0.55368716,1
test,1451,0.710685,1
test,1452,0.72973704,1
test,1453,0.3757519,1
test,1454,0.6986596,1
test,1455,0.57298446,1
test,1456,0.61999595,1
test,1457,0.6458913,1
test,1458,0.6785815,1
test,1459,0.8239404,1
test,1460,0.47348619,1
test,1461,0.9994631,1
test,1462,0.99910843,1
test,1463,0.9987856,1
test,1464,0.9756958,1
test,1465,0.999383,1
test,1466,0.9995214,1
test,1467,0.9993486,1
test,1468,0.98888385,1
test,1469,0.9990472,1
test,1470,0.22296879,1
test,1471,0.33930436,1
test,1472,0.9641196,1
test,1473,0.94941825,1
test,1474,0.98054814,1
test,1475,0.98655766,1
test,1476,0.97567016,1
test,1477,0.17463985,1
test,1478,0.99885845,1
test,1479,0.4685725,1
test,1480,0.6427108,1
test,1481,0.9983049,1
test,1482,0.76040643,1
test,1483,0.51844203,1
test,1484,0.94706035,1
test,1485,0.9540652,1
test,1486,0.9709077,1
test,1487,0.9350676,1
test,1488,0.90863156,1
test,1489,0.64214706,1
test,1490,0.85707104,1
test,1491,0.7325887,1
test,1492,0.6266053,1
test,1493,0.6554401,1
test,1494,0.49191812,1
test,1495,0.45414713,1
test,1496,0.66380763,1
test,1497,0.5968835,1
test,1498,0.5143819,1
test,1499,0.069759175,1
test,1500,0.9508768,1
test,1501,0.07966943,1
test,1502,0.7072775,1
test,1503,0.772917,1
test,1504,0.99946,1
test,1505,0.4296,1
test,1506,0.9585941,1
test,1507,0.8793296,1
test,1508,0.7492658,1
test,1509,0.99930894,1
test,1510,0.9986647,1
test,1511,0.9985812,1
test,1512,0.9980851,1
test,1513,0.99815446,1
test,1514,0.9983345,1
test,1515,0.9984227,1
test,1516,0.9993678,1
test,1517,0.86176026,1
test,1518,0.8547281,1
test,1519,0.22060579,1
test,1520,0.71458197,1
test,1521,0.3040751,1
test,1522,0.2847651,1
test,1523,0.78680015,1
test,1524,0.9503792,1
test,1525,0.56408346,1
test,1526,0.59243834,1
test,1527,0.7796818,1
test,1528,0.5177436,1
test,1529,0.5266108,1
test,1530,0.89286095,1
test,1531,0.8895787,1
test,1532,0.5408377,1
test,1533,0.9702262,1
test,1534,0.8951415,1
test,1535,0.81937456,1
test,1536,0.95981807,1
test,1537,0.34541434,1
test,1538,0.8005032,1
test,1539,0.9998502,1
test,1540,0.99979836,1
test,1541,0.99154466,1
test,1542,0.99343234,1
test,1543,0.9996135,1
test,1544,0.7312542,1
test,1545,0.93736917,1
test,1546,0.5807946,1
test,1547,0.72646135,1
test,1548,0.7753265,1
test,1549,0.938631,1
test,1550,0.5588773,1
test,1551,0.16814038,1
test,1552,0.26386434,1
test,1553,0.6339053,1
test,1554,0.89522827,1
test,1555,0.6122762,1
test,1556,0.28212973,1
test,1557,0.340141,1
test,1558,0.8812329,1
test,1559,0.8556807,1
test,1560,0.5988631,1
test,1561,0.8561407,1
test,1562,0.7974714,1
test,1563,0.3908444,1
test,1564,0.96552706,1
test,1565,0.89357066,1
test,1566,0.48915407,1
test,1567,0.8303599,1
test,1568,0.7682157,1
test,1569,0.80222505,1
test,1570,0.8398974,1
test,1571,0.93593115,1
test,1572,0.41005802,1
test,1573,0.6552634,1
test,1574,0.33670104,1
test,1575,0.96687496,1
test,1576,0.86414146,1
test,1577,0.94999033,1
test,1578,0.9313981,1
test,1579,0.8529794,1
test,1580,0.97368115,1
test,1581,0.7085124,1
test,1582,0.7844847,1
test,1583,0.6521151,1
test,1584,0.7903993,1
test,1585,0.7798697,1
test,1586,0.7875045,1
test,1587,0.9302708,1
test,1588,0.69237864,1
test,1589,0.84971106,1
test,1590,0.86884856,1
test,1591,0.281215,1
test,1592,0.9064605,1
test,1593,0.8821991,1
test,1594,0.74749804,1
test,1595,0.46171606,1
test,1596,0.89174813,1
test,1597,0.0012318265,1
test,1598,0.8441713,1
test,1599,0.8898224,1
test,1600,0.8899599,1
test,1601,0.7327608,1
test,1602,0.92578477,1
test,1603,0.77281594,1
test,1604,0.9411969,1
test,1605,0.27994487,1
test,1606,0.2358724,1
test,1607,0.25359616,1
test,1608,0.76946235,1
test,1609,0.7866405,1
test,1610,0.7576034,1
test,1611,0.6690189,1
test,1612,0.8368807,1
test,1613,0.7662798,1
test,1614,0.79737735,1
test,1615,0.76145774,1
test,1616,0.87862456,1
test,1617,0.42830712,1
test,1618,0.9266211,1
test,1619,0.913026,1
test,1620,0.8006926,1
test,1621,0.5386108,1
test,1622,0.7251074,1
test,1623,0.97591996,1
test,1624,0.218074,1
test,1625,0.519542,1
test,1626,0.6441289,1
test,1627,0.6610202,1
test,1628,0.5919423,1
test,1629,0.98286855,1
test,1630,0.97029066,1
test,1631,0.36191577,1
test,1632,0.8008639,1
test,1633,0.4054768,1
test,1634,0.94846755,1
test,1635,0.9490674,1
test,1636,0.9628398,1
test,1637,0.9690805,1
test,1638,0.8088595,1
test,1639,0.44945374,1
test,1640,0.97931534,1
test,1641,0.48069677,1
test,1642,0.97226197,1
test,1643,0.5887524,1
test,1644,0.75256145,1
test,1645,0.99991626,1
test,1646,0.31415498,1
test,1647,0.6959819,1
test,1648,0.9016567,1
test,1649,0.13715585,1
test,1650,0.30090326,1
test,1651,0.6266403,1
test,1652,0.46174663,1
test,1653,0.48959786,1
test,1654,0.4790745,1
test,1655,0.5071682,1
test,1656,0.99811333,1
test,1657,0.9977655,1
test,1658,0.99759847,1
test,1659,0.9983572,1
test,1660,0.9927417,1
test,1661,0.9445261,1
test,1662,0.8324623,1
test,1663,0.8067033,1
test,1664,0.5301285,1
test,1665,0.52438027,1
test,1666,0.8708458,1
test,1667,0.6270368,1
test,1668,0.81055963,1
test,1669,0.679077,1
test,1670,0.36731526,1
test,1671,0.82582814,1
test,1672,0.1706472,1
test,1673,0.9996669,1
test,1674,0.99967533,1
test,1675,0.9994314,1
test,1676,0.24018444,1
test,1677,0.4197059,1
test,1678,0.16386698,1
test,1679,0.5680603,1
test,1680,0.8154504,1
test,1681,0.08304,1
test,1682,0.7539592,1
test,1683,0.4822971,1
test,1684,0.16793117,1
test,1685,0.75600064,1
test,1686,0.7210605,1
test,1687,0.99969625,1
test,1688,0.9995425,1
test,1689,0.99970406,1
test,1690,0.9555609,1
test,1691,0.6948561,1
test,1692,0.9996856,1
test,1693,0.96468353,1
test,1694,0.7385927,1
test,1695,0.6402919,1
test,1696,0.5198668,1
test,1697,0.094924964,1
test,1698,0.41521934,1
test,1699,0.83071923,1
test,1700,0.99850804,1
test,1701,0.9855958,1
test,1702,0.4671783,1
test,1703,0.52720743,1
test,1704,0.8657349,1
test,1705,0.86637086,1
test,1706,0.3874833,1
test,1707,0.8929213,1
test,1708,0.8933583,1
test,1709,0.9031937,1
test,1710,0.15715891,1
test,1711,0.60420656,1
test,1712,0.82699627,1
test,1713,0.8033502,1
test,1714,0.5787816,1
test,1715,0.8232549,1
test,1716,0.64048755,1
test,1717,0.8468139,1
test,1718,0.9283804,1
test,1719,0.79714775,1
test,1720,0.5611938,1
test,1721,0.32715872,1
test,1722,0.93771595,1
test,1723,0.27272648,1
test,1724,0.53348565,1
test,1725,0.8824834,1
test,1726,0.81684285,1
test,1727,0.92956907,1
test,1728,0.64774394,1
test,1729,0.38479415,1
test,1730,0.9668688,1
test,1731,0.8880452,1
test,1732,0.93272924,1
test,1733,0.67046285,1
test,1734,0.6978192,1
test,1735,0.7254975,1
test,1736,0.75515616,1
test,1737,0.8950085,1
test,1738,0.56782925,1
test,1739,0.553589,1
test,1740,0.80889094,1
test,1741,0.37048176,1
test,1742,0.82381845,1
test,1743,0.30377412,1
test,1744,0.9772891,1
test,1745,0.3439908,1
test,1746,0.8418477,1
test,1747,0.9495977,1
test,1748,0.7020476,1
test,1749,0.4323439,1
test,1750,0.6280947,1
test,1751,0.80086756,1
test,1752,0.740271,1
test,1753,0.22046484,1
test,1754,0.7757598,1
test,1755,0.7439617,1
test,1756,0.39806226,1
test,1757,0.88928086,1
test,1758,0.79778856,1
test,1759,0.5914382,1
test,1760,0.7831549,1
test,1761,0.96927696,1
test,1762,0.8546557,1
test,1763,0.83483726,1
test,1764,0.76193976,1
test,1765,0.790517,1
test,1766,0.088562615,1
test,1767,0.5167903,1
test,1768,0.8690994,1
test,1769,0.43715256,1
test,1770,0.89049923,1
test,1771,0.95458204,1
test,1772,0.70439863,1
test,1773,0.6953548,1
test,1774,0.5277468,1
test,1775,0.9070244,1
test,1776,0.6498755,1
test,1777,0.87845594,1
test,1778,0.8495139,1
test,1779,0.27235538,1
test,1780,0.26825714,1
test,1781,0.49789828,1
test,1782,0.5679492,1
test,1783,0.044493247,1
test,1784,0.76949894,1
test,1785,0.6854158,1
test,1786,0.77187663,1
test,1787,0.5294916,1
test,1788,0.46066806,1
test,1789,0.8743427,1
test,1790,0.18509512,1
test,1791,0.35074776,1
test,1792,0.69298494,1
test,1793,0.94252115,1
test,1794,0.8712753,1
test,1795,0.62319744,1
test,1796,0.19711539,1
test,1797,0.6287071,1
test,1798,0.83237827,1
test,1799,0.9194967,1
test,1800,0.7788892,1
test,1801,0.885409,1
test,1802,0.8974825,1
test,1803,0.9325905,1
test,1804,0.71107763,1
test,1805,0.7030153,1
test,1806,0.6590105,1
test,1807,0.72934234,1
test,1808,0.13915423,1
test,1809,0.56051195,1
test,1810,0.8637325,1
test,1811,0.66297543,1
test,1812,0.94015366,1
test,1813,0.7964071,1
test,1814,0.65308315,1
test,1815,0.956656,1
test,1816,0.91006213,1
test,1817,0.7034192,1
test,1818,0.46516845,1
test,1819,0.89134276,1
test,1820,0.77030224,1
test,1821,0.9304617,1
test,1822,0.6572853,1
test,1823,0.78285265,1
test,1824,0.7686654,1
test,1825,0.4668016,1
test,1826,0.74288917,1
test,1827,0.94577414,1
test,1828,0.75319916,1
test,1829,0.693219,1
test,1830,0.7902272,1
test,1831,0.736607,1
test,1832,0.5116143,1
test,1833,0.82448244,1
test,1834,0.8914788,1
test,1835,0.66147673,1
test,1836,0.49167526,1
test,1837,0.390708,1
test,1838,0.9965849,1
test,1839,0.99433386,1
test,1840,0.99464923,1
test,1841,0.72450113,1
test,1842,0.9383896,1
test,1843,0.76465136,1
test,1844,0.7482567,1
test,1845,0.673971,1
test,1846,0.65665996,1
test,1847,0.7816133,1
test,1848,0.77615404,1
test,1849,0.2179031,1
test,1850,0.8913425,1
test,1851,0.8837357,1
test,1852,0.47402176,1
test,1853,0.6561637,1
test,1854,0.7711558,1
test,1855,0.7685313,1
test,1856,0.2638261,1
test,1857,0.6712531,1
test,1858,0.617393,1
test,1859,0.29159984,1
test,1860,0.60757387,1
test,1861,0.6260509,1
test,1862,0.37638813,0
test,1863,0.7647476,0
test,1864,0.00052364264,0
test,1865,1.0372916e-05,0
test,1866,0.0004954977,0
test,1867,0.00074489135,0
test,1868,0.0003483697,0
test,1869,2.7912627e-05,0
test,1870,0.0016478032,0
test,1871,2.221547e-06,0
test,1872,0.00055508723,0
test,1873,0.00022758302,0
test,1874,0.022799823,0
test,1875,0.0003140728,0
test,1876,0.0003435824,0
test,1877,0.0030796945,0
test,1878,0.21746078,0
test,1879,0.0029060207,0
test,1880,0.099470444,0
test,1881,0.17292033,0
test,1882,0.055766705,0
test,1883,0.004135963,0
test,1884,0.5244314,1
test,1885,0.4417965,0
test,1886,0.8963352,0
test,1887,0.21552981,0
test,1888,0.04937487,0
test,1889,0.003995609,0
test,1890,0.008374167,0
test,1891,0.010599773,0
test,1892,0.0024309498,0
test,1893,0.039223492,0
test,1894,0.30252898,0
test,1895,9.1907095e-05,0
test,1896,0.0013968752,0
test,1897,5.3270082e-06,0
test,1898,2.1407717e-05,0
test,1899,0.2695848,0
test,1900,2.0962018e-05,0
test,1901,0.0063449675,0
test,1902,0.011566151,0
test,1903,0.004663823,0
test,1904,0.47072375,0
test,1905,0.004422573,0
test,1906,0.5223959,1
test,1907,0.0017031333,0
test,1908,0.0001130015,0
test,1909,0.0020946304,0
test,1910,0.62034386,1
test,1911,0.32317597,0
test,1912,0.0036254418,0
test,1913,0.00026813545,0
test,1914,0.0033209089,0
test,1915,0.09881234,0
test,1916,0.04645342,0
test,1917,0.00042238864,0
test,1918,0.0018055873,0
test,1919,0.019865582,1
test,1920,0.14582418,0
test,1921,0.1892208,1
test,1922,0.0020519423,0
test,1923,0.024786435,0
test,1924,0.0061341114,0
test,1925,0.0071215667,0
test,1926,2.3503897e-06,0
test,1927,0.0029918917,0
test,1928,2.3641485e-05,0
test,1929,0.27080026,0
test,1930,3.668569e-05,0
test,1931,0.00044176786,0
test,1932,0.01434607,1
test,1933,0.49916187,1
test,1934,0.31393903,0
test,1935,0.00052609504,0
test,1936,0.003502205,0
test,1937,0.41559038,0
test,1938,0.11142967,0
test,1939,0.0040363693,0
test,1940,0.25751007,0
test,1941,0.007812747,0
test,1942,0.0041613407,0
test,1943,0.20928477,0
test,1944,0.07088513,0
test,1945,0.12507941,0
test,1946,0.05825692,0
test,1947,0.0023407647,0
test,1948,0.033148073,0
test,1949,0.00095230335,0
test,1950,0.06462713,0
test,1951,0.00022888064,0
test,1952,1.4769882e-05,0
test,1953,0.016526084,0
test,1954,0.01153182,0
test,1955,1.6659664e-05,0
test,1956,6.4831576e-05,0
test,1957,0.0009318526,0
test,1958,0.0015120448,0
test,1959,0.030443868,0
test,1960,0.0015162801,0
test,1961,0.00518404,0
test,1962,0.01633861,0
test,1963,0.019439826,0
test,1964,4.9132e-05,0
test,1965,0.0011404357,0
test,1966,0.00364124,0
test,1967,4.1673e-06,0
test,1968,3.222686e-05,0
test,1969,0.3388886,0
test,1970,4.973962e-05,0
test,1971,0.073437504,0
test,1972,0.99672246,1
test,1973,0.99555486,1
test,1974,0.99602526,1
test,1975,0.9968706,1
test,1976,0.997445,1
test,1977,0.99579483,1
test,1978,0.9955783,1
test,1979,0.9942426,1
test,1980,0.9933958,1
test,1981,0.9957785,1
test,1982,0.99687153,1
test,1983,0.99358886,1
test,1984,0.9956255,1
test,1985,0.9970325,1
test,1986,0.9954653,1
test,1987,0.9944808,1
test,1988,0.99556607,1
test,1989,1.0,1
test,1990,1.0,1
test,1991,0.96680653,1
test,1992,0.9822989,1
test,1993,1.0,1
test,1994,0.96334064,1
test,1995,0.9968734,1
test,1996,0.9408916,1
test,1997,0.9492816,1
test,1998,0.3959963,0
test,1999,0.99998856,1
test,2000,0.9999895,1
test,2001,0.9999892,1
test,2002,0.99999243,1
test,2003,0.43283176,0
test,2004,0.5636711,1
test,2005,0.97536665,1
test,2006,0.99003637,1
test,2007,0.220747,0
test,2008,0.00039502102,0
test,2009,0.06739871,0
test,2010,1.0,1
test,2011,1.0,1
test,2012,0.9997389,1
test,2013,1.0,1
test,2014,1.0,1
test,2015,1.0,1
test,2016,1.0,1
test,2017,1.0,1
test,2018,1.0,1
test,2019,1.0,1
test,2020,1.0,1
test,2021,0.25909218,0
test,2022,0.14751683,0
test,2023,0.07659645,0
test,2024,0.14182645,0
test,2025,0.09105989,1
test,2026,0.07471761,0
test,2027,0.321971,0
test,2028,0.6479509,1
test,2029,0.99645084,1
test,2030,0.0018414224,0
test,2031,0.00016683181,0
test,2032,8.0454665e-05,0
test,2033,0.9608149,1
test,2034,0.032565776,0
test,2035,0.9791877,1
test,2036,0.9900334,1
test,2037,0.98039365,1
test,2038,0.99220663,1
test,2039,0.9817222,1
test,2040,0.040357444,0
test,2041,0.99999183,1
test,2042,0.38565508,1
test,2043,0.45119795,1
test,2044,0.9999524,1
test,2045,0.99984777,1
test,2046,0.99992347,1
test,2047,0.9999432,1
test,2048,0.99993813,1
test,2049,0.99993134,1
test,2050,0.99989206,1
test,2051,0.028605549,0
test,2052,0.9891926,1
test,2053,0.036728915,0
test,2054,0.06376168,0
test,2055,0.21734071,1
test,2056,0.0004169203,0
test,2057,0.001099334,0
test,2058,0.00012257695,0
test,2059,0.00073248777,0
test,2060,0.0034174998,0
test,2061,3.159955e-05,0
test,2062,0.8010377,1
test,2063,0.7924818,1
test,2064,0.8512731,1
test,2065,0.8464541,1
test,2066,0.99905145,1
test,2067,0.99826795,1
test,2068,0.99814576,1
test,2069,0.00025093614,0
test,2070,0.47295362,0
test,2071,0.039888375,0
test,2072,0.3946587,0
test,2073,0.64724916,0
test,2074,0.32027674,0
test,2075,0.5802397,0
test,2076,0.21139179,0
test,2077,0.009623684,0
test,2078,0.0010836356,0
test,2079,0.14678712,0
test,2080,0.01677608,0
test,2081,0.00014720575,0
test,2082,0.03886195,0
test,2083,0.023223467,0
test,2084,0.1138375,0
test,2085,0.16980274,0
test,2086,0.010683269,0
test,2087,0.09642106,0
test,2088,0.0002597408,0
test,2089,0.00025857773,0
test,2090,0.0008711635,0
test,2091,0.00033645146,0
test,2092,0.0025868719,0
test,2093,0.000598834,0
test,2094,0.035688948,0
test,2095,0.4803322,0
test,2096,0.3256824,0
test,2097,0.00085034844,0
test,2098,0.6435183,0
test,2099,0.8124214,0
test,2100,0.15878746,0
test,2101,0.0010163428,0
test,2102,0.009305805,0
test,2103,0.19379932,0
test,2104,0.6958777,0
test,2105,8.800576e-05,0
test,2106,7.7463614e-05,0
test,2107,0.64097345,0
test,2108,0.28487504,0
test,2109,0.0022055765,0
test,2110,0.003435365,0
test,2111,0.88699454,1
test,2112,0.38866955,0
test,2113,0.034964547,0
test,2114,0.0012714204,0
test,2115,0.9944706,1
test,2116,0.99576306,1
test,2117,0.024980702,0
test,2118,0.0017665344,0
test,2119,0.019181108,0
test,2120,0.009640011,0
test,2121,0.9999411,1
test,2122,0.99990845,1
test,2123,0.99991274,1
test,2124,0.99994,1
test,2125,0.99990666,1
test,2126,0.999923,1
test,2127,2.1672127e-05,0
test,2128,0.03316178,0
test,2129,0.019234637,0
test,2130,0.0016423059,0
test,2131,0.10338964,0
test,2132,0.0020075028,0
test,2133,9.653664e-06,0
test,2134,0.66762495,0
test,2135,0.86994755,0
test,2136,0.39162546,0
test,2137,0.0011328862,0
test,2138,0.28716037,0
test,2139,0.049720917,0
test,2140,0.003788991,0
test,2141,0.0058098705,0
test,2142,0.0032175956,0
test,2143,1.8818586e-05,0
test,2144,0.00022998007,0
test,2145,0.3497871,0
test,2146,0.45437744,0
test,2147,9.2368275e-05,0
test,2148,0.09949883,0
test,2149,0.0037090885,0
test,2150,0.9239171,1
test,2151,0.0028270856,0
test,2152,0.020516308,0
test,2153,0.4533561,0
test,2154,0.5237245,0
test,2155,0.01133238,0
test,2156,0.0061095958,0
test,2157,0.13210611,0
test,2158,0.0007719323,0
test,2159,0.7959422,0
test,2160,0.00057766866,0
test,2161,0.78085023,0
test,2162,0.013596459,0
test,2163,0.19566238,0
test,2164,0.8472455,0
test,2165,0.0074023725,0
test,2166,0.7467147,0
test,2167,0.53698075,0
test,2168,0.58909583,0
test,2169,0.0020821155,0
test,2170,0.00092567154,0
test,2171,0.067300506,0
test,2172,0.0005493294,0
test,2173,0.15120387,0
test,2174,0.8987198,1
test,2175,0.5600743,0
test,2176,0.8270269,0
test,2177,0.5093792,0
test,2178,0.116355024,0
test,2179,0.53945255,0
test,2180,0.58944666,0
test,2181,0.008858116,0
test,2182,0.005319376,0
test,2183,0.8829197,1
test,2184,0.5678645,0
test,2185,0.004509767,0
test,2186,0.5187431,0
test,2187,0.84820485,0
test,2188,0.00045076566,0
test,2189,0.70014787,0
test,2190,0.23410882,0
test,2191,0.7928795,0
test,2192,0.31384435,0
test,2193,0.16672957,0
test,2194,0.98841417,1
test,2195,0.00036364884,0
test,2196,0.068783455,0
test,2197,0.31796813,1
test,2198,0.018777644,0
test,2199,0.16016163,0
test,2200,0.17153823,0
test,2201,0.9324062,1
test,2202,0.7100426,0
test,2203,0.2829465,0
test,2204,0.0008123027,0
test,2205,0.3686515,0
test,2206,0.0006622429,0
test,2207,0.0009460206,0
test,2208,0.056184825,0
test,2209,0.1576833,0
test,2210,0.0036775218,0
test,2211,5.2491643e-05,0
test,2212,0.00043088966,0
test,2213,0.42329732,0
test,2214,0.8000313,0
test,2215,0.56189346,0
test,2216,0.014433954,0
test,2217,0.9997876,1
test,2218,0.9997399,1
test,2219,0.9997448,1
test,2220,0.99980354,1
test,2221,0.99983424,1
test,2222,0.008478555,0
test,2223,0.00011548443,0
test,2224,0.56914514,0
test,2225,0.03126769,0
test,2226,0.3556785,0
test,2227,0.5690718,0
test,2228,0.13082632,0
test,2229,0.34637335,0
test,2230,6.401732e-05,0
test,2231,0.1627578,0
test,2232,0.0001769308,0
test,2233,0.025467763,0
test,2234,0.02906746,0
test,2235,0.008279733,0
test,2236,0.0010609698,0
test,2237,0.0024746447,0
test,2238,0.0031069946,0
test,2239,6.428698e-05,0
test,2240,0.00050744234,0
test,2241,0.9915407,1
test,2242,0.0035845544,0
test,2243,0.00021245865,0
test,2244,0.0009852237,0
test,2245,0.74277043,0
test,2246,0.7425833,0
test,2247,0.0002872465,0
test,2248,0.00010800969,0
test,2249,0.0024572706,0
test,2250,0.0009625803,0
test,2251,0.00080954103,0
test,2252,0.00858135,0
test,2253,0.0021116522,0
test,2254,0.00064854266,0
test,2255,0.004990108,0
test,2256,0.002430742,0
test,2257,0.0010048422,0
test,2258,0.0009930057,0
test,2259,0.000374602,0
test,2260,0.032260217,0
test,2261,0.12755959,0
test,2262,0.04276828,0
test,2263,0.0012436423,0
test,2264,0.051130082,0
test,2265,0.019999065,0
test,2266,0.07347619,0
test,2267,0.008353665,0
test,2268,0.0021922896,0
test,2269,0.88016415,0
test,2270,0.002503661,0
test,2271,0.0008243701,0
test,2272,0.036424346,0
test,2273,0.2878408,0
test,2274,0.210812,0
test,2275,0.020379378,0
test,2276,0.00058966695,0
test,2277,0.006063514,0
test,2278,0.0016565289,0
test,2279,0.002555729,0
test,2280,0.0035438568,0
test,2281,0.05640546,0
test,2282,0.06446595,0
test,2283,0.86927986,0
test,2284,0.0012812197,0
test,2285,8.22215e-05,0
test,2286,0.17118092,0
test,2287,0.06836047,0
test,2288,0.015200565,0
test,2289,0.12138609,0
test,2290,0.01207544,0
test,2291,0.027981231,0
test,2292,0.0006223468,0
test,2293,0.018994931,0
test,2294,0.10237359,0
test,2295,0.20265582,0
test,2296,2.4917732e-05,0
test,2297,7.304821e-05,0
test,2298,8.2601706e-05,0
test,2299,0.0644797,0
test,2300,0.0004908172,0
test,2301,0.6043498,0
test,2302,0.0049984315,0
test,2303,1.5741842e-05,0
test,2304,0.00039981352,0
test,2305,7.217205e-05,0
test,2306,0.00089570484,0
test,2307,0.9954292,1
test,2308,0.99543166,1
test,2309,5.948765e-06,0
test,2310,0.0020196892,0
test,2311,0.0001787111,0
test,2312,0.000578721,0
test,2313,0.15697049,0
test,2314,0.030382304,0
test,2315,0.00021354742,0
test,2316,0.14203598,0
test,2317,0.32142752,0
test,2318,0.030263346,0
test,2319,0.00022127623,0
test,2320,0.1546643,0
test,2321,0.00055510545,0
test,2322,0.00072797766,0
test,2323,0.0007512989,0
test,2324,0.02678382,0
test,2325,0.024934132,0
test,2326,0.051722307,0
test,2327,0.014336444,0
test,2328,2.5317675e-05,0
test,2329,0.2331587,0
test,2330,0.9331374,0
test,2331,0.36687884,0
test,2332,0.099559955,0
test,2333,0.031144105,0
test,2334,0.0995726,0
test,2335,0.0006662911,0
test,2336,0.0017305895,0
test,2337,0.015751828,0
test,2338,0.0106531195,0
test,2339,0.055464428,1
test,2340,0.03912072,0
test,2341,0.58722556,0
test,2342,0.027708186,0
test,2343,0.22397077,0
test,2344,0.05220445,0
test,2345,2.4846331e-05,0
test,2346,0.023294024,0
test,2347,9.656628e-06,0
test,2348,0.06456447,0
test,2349,0.009125861,0
test,2350,0.037824973,0
test,2351,0.040403344,0
test,2352,0.015596389,0
test,2353,0.2984279,0
test,2354,0.00028077388,0
test,2355,0.00017889045,0
test,2356,0.0030539571,0
test,2357,0.00025070514,0
test,2358,0.005876131,0
test,2359,0.028873466,0
test,2360,0.05719536,0
test,2361,0.0570526,0
test,2362,5.983758e-05,0
test,2363,2.5326344e-05,0
test,2364,0.024274595,0
test,2365,0.048541237,0
test,2366,0.04975358,0
test,2367,0.03327451,0
test,2368,0.77386135,0
test,2369,0.18121189,0
test,2370,0.0053315735,0
test,2371,0.013758512,0
test,2372,0.027321696,0
test,2373,0.6904352,0
test,2374,0.009668239,0
test,2375,0.085030556,0
test,2376,0.35103047,0
test,2377,0.75983083,0
test,2378,0.0676809,0
test,2379,0.033537533,0
test,2380,0.09950155,0
test,2381,0.32604033,0
test,2382,0.0019994362,0
test,2383,0.07194694,0
test,2384,0.34617367,0
test,2385,8.197904e-05,0
test,2386,0.30181205,0
test,2387,0.0011118323,0
test,2388,0.0053760754,0
test,2389,0.0038505888,0
test,2390,4.239339e-05,0
test,2391,0.00059784483,0
test,2392,0.025008643,0
test,2393,0.00061868486,0
test,2394,0.004354647,0
test,2395,0.2685359,0
test,2396,0.06338233,0
test,2397,0.00060074136,0
test,2398,0.011354851,0
test,2399,0.28758594,0
test,2400,0.083084665,0
test,2401,0.0617925,0
test,2402,0.032660026,0
test,2403,0.051017296,0
test,2404,0.01395256,0
test,2405,0.09453913,0
test,2406,0.003720045,0
test,2407,0.0019952327,0
test,2408,0.043870144,0
test,2409,0.9971419,1
test,2410,0.5791737,0
test,2411,0.2871412,0
test,2412,0.17099132,0
test,2413,0.21703783,0
test,2414,0.053948805,0
test,2415,0.024760785,0
test,2416,1.01906e-05,0
test,2417,0.14116096,0
test,2418,0.24234211,0
test,2419,0.00675212,0
test,2420,0.016444752,0
test,2421,0.00031036724,0
test,2422,0.001286398,0
test,2423,0.0028108002,0
test,2424,0.003124094,0
test,2425,0.0061561097,0
test,2426,0.6151284,0
test,2427,0.011382565,0
test,2428,0.00031297997,0
test,2429,0.2875289,0
test,2430,0.07023295,0
test,2431,0.12723994,0
test,2432,0.060640305,0
test,2433,0.26223737,0
test,2434,0.33718002,0
test,2435,0.0011202733,0
test,2436,0.00026806185,0
test,2437,0.03126666,0
test,2438,0.00090936705,0
test,2439,0.109715424,0
test,2440,5.458464e-05,0
test,2441,0.82728994,0
test,2442,0.019888852,0
test,2443,4.574013e-05,0
test,2444,0.6125188,0
test,2445,0.9948773,1
test,2446,0.9965258,1
test,2447,0.059264727,0
test,2448,0.24357757,0
test,2449,0.02455383,0
test,2450,1.0276158e-06,0
test,2451,0.1584802,0
test,2452,0.00047216195,0
test,2453,0.032867588,0
test,2454,0.055295404,0
test,2455,0.06570853,0
test,2456,0.0005959308,0
test,2457,0.00047940167,0
test,2458,0.13018695,0
test,2459,0.08091094,0
test,2460,0.536747,0
test,2461,0.015361013,0
test,2462,0.11109494,0
test,2463,0.041932475,0
test,2464,0.74516916,0
test,2465,0.7779013,0
test,2466,0.72384775,0
test,2467,0.9919647,1
test,2468,0.9925906,1
test,2469,0.9871787,1
test,2470,0.99556106,1
test,2471,0.99756473,1
test,2472,0.9972609,1
test,2473,0.99260575,1
test,2474,0.99540585,1
test,2475,0.022412779,0
test,2476,0.1926,0
test,2477,0.17963958,0
test,2478,0.0020628406,0
test,2479,0.34897062,0
test,2480,0.0469958,0
test,2481,0.5163586,0
test,2482,0.037538636,0
test,2483,0.032215413,0
test,2484,0.064477995,0
test,2485,0.0033976596,0
test,2486,0.30313396,0
test,2487,0.033695146,0
test,2488,0.021869367,0
test,2489,0.038824454,0
test,2490,0.9213213,1
test,2491,0.13365997,0
test,2492,0.14157328,0
test,2493,0.055275206,0
test,2494,0.9272553,0
test,2495,0.084116854,0
test,2496,0.110448144,0
test,2497,0.008132482,0
test,2498,0.06786709,0
test,2499,0.04922877,0
test,2500,0.00027515867,0
test,2501,0.2365722,0
test,2502,0.14137973,0
test,2503,0.37390313,0
test,2504,0.010763253,0
test,2505,0.94368863,1
test,2506,0.00012017085,0
test,2507,0.0014017647,0
test,2508,0.036646564,0
test,2509,0.00012452969,0
test,2510,0.010718385,0
test,2511,0.00036072315,0
test,2512,4.4321336e-05,0
test,2513,0.99988043,1
test,2514,0.18245457,0
test,2515,0.067885175,0
test,2516,0.026160743,0
test,2517,0.09822927,0
test,2518,0.31694117,0
test,2519,0.28407145,0
test,2520,0.01171238,0
test,2521,0.05898299,0
test,2522,0.04198661,0
test,2523,0.2113713,0
test,2524,0.02191113,0
test,2525,0.100037165,0
test,2526,0.1034481,0
test,2527,0.025464628,0
test,2528,0.9407223,1
test,2529,0.9110165,1
test,2530,0.002093136,0
test,2531,0.0031357775,0
test,2532,0.00039077987,0
test,2533,0.10059987,0
test,2534,0.016845206,0
test,2535,0.24411762,0
test,2536,0.0003123775,0
test,2537,0.12013039,0
test,2538,0.17567728,0
test,2539,0.059031673,0
test,2540,0.24902055,0
test,2541,0.021264277,0
test,2542,0.01908718,0
test,2543,0.9819843,1
test,2544,0.98449373,1
test,2545,0.22017258,0
test,2546,0.00031621198,0
test,2547,0.00020925624,0
test,2548,0.084551245,0
test,2549,0.8811693,1
test,2550,0.87813634,1
test,2551,0.7633742,1
test,2552,0.003974884,0
test,2553,0.15853041,0
test,2554,0.06161463,0
test,2555,0.0016238968,0
test,2556,0.49722323,0
test,2557,0.11447428,0
test,2558,0.6154385,0
test,2559,0.6142557,0
test,2560,0.0020525663,0
test,2561,2.3014916e-05,0
test,2562,0.3170743,0
test,2563,0.06900945,0
test,2564,0.035506465,0
test,2565,0.16370635,0
test,2566,0.0033573392,0
test,2567,0.4208038,0
test,2568,0.00054844475,0
test,2569,0.06363925,0
test,2570,6.5316104e-05,0
test,2571,0.8053108,1
test,2572,0.46100217,0
test,2573,0.9685196,1
test,2574,0.00012595272,0
test,2575,0.0002025054,0
test,2576,0.042604223,0
test,2577,0.0007003783,0
test,2578,0.0003877832,0
test,2579,0.00051873986,0
test,2580,0.00046579083,0
test,2581,0.025116405,0
test,2582,0.023287598,0
test,2583,0.3337544,0
test,2584,0.48883447,0
test,2585,0.008856244,0
test,2586,0.0020645955,0
test,2587,0.31775102,0
test,2588,0.007819244,0
test,2589,1.8758656e-06,0
test,2590,1.9483665e-05,0
test,2591,0.01906634,0
test,2592,0.6487055,1
test,2593,0.978119,1
test,2594,0.10382299,1
test,2595,0.3096081,0
test,2596,0.14298841,0
test,2597,0.037673913,0
test,2598,0.22310084,0
test,2599,0.040965408,0
test,2600,0.039473172,0
test,2601,0.11542811,0
test,2602,0.35793433,0
test,2603,0.13240434,0
test,2604,0.9997381,1
test,2605,0.9997987,1
test,2606,0.9997663,1
test,2607,0.99979097,1
test,2608,0.9997557,1
test,2609,0.99981874,1
test,2610,0.9997116,1
test,2611,0.99986935,1
test,2612,0.9996965,1
test,2613,0.114794865,0
test,2614,0.17194112,0
test,2615,0.0004958932,0
test,2616,0.14835799,0
test,2617,0.21895199,1
test,2618,0.11428765,0
test,2619,0.34642935,0
test,2620,0.055070028,0
test,2621,0.20398417,0
test,2622,0.28500134,0
test,2623,0.10759128,0
test,2624,0.016675888,0
test,2625,0.020214044,0
test,2626,0.93811405,1
test,2627,0.94243777,1
test,2628,0.272338,1
test,2629,0.27777416,0
test,2630,0.53593755,1
test,2631,0.016462266,0
test,2632,0.19470507,0
test,2633,0.13515696,0
test,2634,0.69308686,1
test,2635,0.0002734981,0
test,2636,0.023496464,0
test,2637,0.20036538,0
test,2638,0.28191197,0
test,2639,0.0050571286,0
test,2640,0.25856835,0
test,2641,0.00012396835,0
test,2642,0.13283508,0
test,2643,0.0043952838,0
test,2644,0.2033106,0
test,2645,0.087526545,0
test,2646,0.1898781,0
test,2647,3.537065e-05,0
test,2648,0.02270887,0
test,2649,0.0069566728,0
test,2650,0.07685611,0
test,2651,0.062931456,0
test,2652,0.71486706,0
test,2653,0.1322566,0
test,2654,0.00044137955,0
test,2655,0.00018477385,0
test,2656,0.39445966,0
test,2657,0.054021887,0
test,2658,0.032583512,0
test,2659,0.044693846,0
test,2660,0.00900836,0
test,2661,0.1747933,0
test,2662,0.0028421206,0
test,2663,0.5738375,0
test,2664,0.0052975793,0
test,2665,0.0038161925,0
test,2666,0.042725697,0
test,2667,0.05859304,0
test,2668,0.0616615,0
test,2669,0.58418405,0
test,2670,0.038719628,0
test,2671,0.034598157,0
test,2672,0.15717071,0
test,2673,0.51387894,0
test,2674,0.179693,0
test,2675,0.0005036802,0
test,2676,0.013437296,0
test,2677,7.289373e-05,0
test,2678,0.40996903,0
test,2679,0.009579049,0
test,2680,0.4718599,0
test,2681,0.1249034,0
test,2682,0.006789433,0
test,2683,0.0014927151,0
test,2684,0.0057557942,0
test,2685,0.07889816,0
test,2686,0.0011469807,0
test,2687,0.104387514,0
test,2688,1.7390634e-05,0
test,2689,0.35051626,0
test,2690,0.24946469,0
test,2691,0.00048183708,0
test,2692,0.04932032,0
test,2693,0.00015267835,0
test,2694,0.0037718802,0
test,2695,0.035815,0
test,2696,0.040459357,0
test,2697,0.022057291,0
test,2698,0.002811455,0
test,2699,0.0007138349,0
test,2700,0.0017226662,0
test,2701,0.001230479,0
test,2702,0.38650945,0
test,2703,0.18313882,0
test,2704,0.007540626,0
test,2705,0.00073271006,0
test,2706,0.06651308,0
test,2707,0.036115322,0
test,2708,0.02258575,0
test,2709,0.024835328,0
test,2710,0.002360671,0
test,2711,0.001149848,0
test,2712,0.09644496,0
test,2713,0.0068455376,0
test,2714,0.08660684,0
test,2715,0.008319692,0
test,2716,0.00021864714,0
test,2717,0.7256108,0
test,2718,0.19594964,0
test,2719,0.06430773,0
test,2720,0.09782122,0
test,2721,0.011630621,0
test,2722,0.96539694,1
test,2723,0.00010265516,0
test,2724,0.00010770895,0
test,2725,0.0009842423,0
test,2726,0.21062204,0
test,2727,8.740276e-05,0
test,2728,0.0007530744,0
test,2729,0.017278008,0
test,2730,0.29960126,0
test,2731,0.002495422,0
test,2732,0.0144074345,0
test,2733,0.0001830141,0
test,2734,0.2016948,0
test,2735,0.4345434,0
test,2736,0.048060402,0
test,2737,0.4041788,0
test,2738,0.13412185,0
test,2739,0.18496352,0
test,2740,0.05624929,0
test,2741,0.06908814,0
test,2742,0.07025473,0
test,2743,0.29830885,0
test,2744,0.07484214,0
test,2745,0.030238403,0
test,2746,0.7394197,0
test,2747,0.00023663841,0
test,2748,0.061392877,0
test,2749,0.02580498,0
test,2750,0.041403696,0
test,2751,0.045441315,0
test,2752,0.033262033,0
test,2753,2.3866793e-05,0
test,2754,0.6710955,0
test,2755,0.16064133,0
test,2756,0.025260316,0
test,2757,0.3509402,0
test,2758,0.032661226,0
test,2759,0.3837954,0
test,2760,0.008432822,0
test,2761,0.022290135,0
test,2762,0.15165955,0
test,2763,0.060221486,0
test,2764,0.02184791,0
test,2765,0.036624257,0
test,2766,0.15981328,0
test,2767,2.0603295e-05,0
test,2768,0.023720961,0
test,2769,0.014481474,0
test,2770,0.14756466,0
test,2771,0.13599293,0
test,2772,0.00018047179,0
test,2773,0.37475187,0
test,2774,0.30523133,0
test,2775,0.0037776683,0
test,2776,0.21775079,0
test,2777,0.16143455,0
test,2778,0.11132039,0
test,2779,0.15700886,0
test,2780,0.05402633,0
test,2781,0.0004927323,0
test,2782,0.0016947458,0
test,2783,0.21343295,0
test,2784,0.00087480765,0
test,2785,0.00019604183,0
test,2786,0.0034011411,0
test,2787,2.3779212e-05,0
test,2788,0.044682015,0
test,2789,0.13208593,0
test,2790,0.00045201843,0
test,2791,0.060007177,0
test,2792,0.0010258356,0
test,2793,0.009944623,0
test,2794,0.03203687,0
test,2795,0.052588273,0
test,2796,0.07250278,0
test,2797,0.051902734,0
test,2798,0.10048754,0
test,2799,0.16496445,0
test,2800,0.0019135225,0
test,2801,0.049953833,0
test,2802,0.101357706,0
test,2803,0.11709814,0
test,2804,0.15376158,0
test,2805,0.08706798,0
test,2806,0.22940706,0
test,2807,0.06900214,0
test,2808,8.277455e-05,0
test,2809,0.00018370383,0
test,2810,0.0001990863,0
test,2811,0.062803544,0
test,2812,0.0035441986,0
test,2813,0.054194417,0
test,2814,0.00012614288,0
test,2815,0.022734258,0
test,2816,0.16436358,0
test,2817,0.0033260074,0
test,2818,0.006800403,0
test,2819,0.08058653,0
test,2820,0.14508724,0
test,2821,0.084139965,0
test,2822,4.4262793e-05,0
test,2823,0.27386183,0
test,2824,0.00038740187,0
test,2825,0.39506876,0
test,2826,0.00017423704,0
test,2827,0.018964669,0
test,2828,0.008142235,0
test,2829,0.14662181,0
test,2830,0.019391397,0
test,2831,0.05696209,0
test,2832,0.13805248,0
test,2833,0.046020046,0
test,2834,0.23520759,0
test,2835,0.111979276,0
test,2836,0.17299989,0
test,2837,0.012145105,0
test,2838,0.02150969,0
test,2839,0.11816185,0
test,2840,0.1813495,0
test,2841,0.010871365,0
test,2842,0.07036639,0
test,2843,0.031397868,0
test,2844,0.15400979,0
test,2845,0.00015867769,0
test,2846,0.012277271,0
test,2847,0.020699786,0
test,2848,6.335172e-05,0
test,2849,4.583596e-06,0
test,2850,0.07058801,0
test,2851,0.106864415,0
test,2852,0.013959508,0
test,2853,0.08395022,0
test,2854,0.020355273,0
test,2855,0.1931612,0
test,2856,0.28900474,0
test,2857,0.49661443,0
test,2858,0.052396644,0
test,2859,0.3950029,0
test,2860,0.00022825082,0
test,2861,0.022709409,0
test,2862,0.31727007,0
test,2863,0.44089302,0
test,2864,0.047726247,0
test,2865,0.00033521975,0
test,2866,0.0021304502,0
test,2867,0.30706352,0
test,2868,0.09531191,0
test,2869,0.0135055985,0
test,2870,0.075642824,0
test,2871,0.035680976,0
test,2872,0.00058579695,0
test,2873,0.03243554,0
test,2874,0.113530345,0
test,2875,0.008655651,0
test,2876,0.11192762,0
test,2877,0.0015603936,0
test,2878,0.19221619,0
test,2879,0.00015869645,0
test,2880,4.0475234e-06,0
test,2881,0.3261699,0
test,2882,0.26515743,0
test,2883,0.11007349,0
test,2884,0.1800975,0
test,2885,0.17779297,0
test,2886,0.10772818,0
test,2887,0.001979565,0
test,2888,0.014497706,0
test,2889,0.0047611343,0
test,2890,9.075237e-06,0
test,2891,0.033092607,0
test,2892,0.002151413,0
test,2893,0.46833208,0
test,2894,0.13272963,0
test,2895,0.089793436,0
test,2896,0.2692258,0
test,2897,0.32092142,0
test,2898,0.052255798,0
test,2899,2.5522688e-05,0
test,2900,0.0012892424,0
test,2901,0.049011096,0
test,2902,0.22045347,0
test,2903,0.0006011486,0
test,2904,0.23464495,0
test,2905,0.09755263,0
test,2906,0.055090964,0
test,2907,0.004454821,0
test,2908,0.0480906,0
test,2909,0.15093417,0
test,2910,0.008940273,0
test,2911,0.00052325794,0
test,2912,0.011629322,0
test,2913,5.2592455e-05,0
test,2914,0.00059340295,0
test,2915,4.1175794e-05,0
test,2916,1.880409e-05,0
test,2917,2.5678986e-05,0
test,2918,0.45870048,0
test,2919,0.01782655,0
test,2920,0.0004126533,0
test,2921,0.0075350604,0
test,2922,0.000723918,0
test,2923,0.00048974395,0
test,2924,0.18858723,0
test,2925,0.0015601574,0
test,2926,0.110788964,0
test,2927,0.011944587,0
test,2928,0.0014705658,0
test,2929,0.05658195,0
test,2930,0.015298682,0
test,2931,0.006801083,0
test,2932,1.0729795e-05,0
test,2933,0.041656006,0
test,2934,0.003920909,0
test,2935,0.0048062135,0
test,2936,0.038713302,0
test,2937,0.03161764,0
test,2938,0.00022612758,0
test,2939,0.12883039,0
test,2940,0.0775122,0
test,2941,0.20219494,0
test,2942,0.037194405,0
test,2943,0.000994387,0
test,2944,0.03052088,0
test,2945,0.008522839,0
test,2946,0.09705373,0
test,2947,0.26486498,0
test,2948,0.49554595,0
test,2949,0.010024212,0
test,2950,0.23631853,0
test,2951,0.0058484026,0
test,2952,0.018322803,0
test,2953,0.026540512,0
test,2954,0.04188842,0
test,2955,0.24837644,0
test,2956,0.30956715,0
test,2957,0.00015666253,0
test,2958,0.022691589,0
test,2959,0.12952016,0
test,2960,0.08175728,0
test,2961,0.4236954,0
test,2962,0.00028423133,0
test,2963,0.0036679232,0
test,2964,0.04337403,0
test,2965,0.27450722,0
test,2966,0.03148446,0
test,2967,0.40186492,0
test,2968,0.5203756,0
test,2969,0.13648209,0
test,2970,0.06287367,0
test,2971,0.08028633,0
test,2972,0.05549639,0
test,2973,0.00072729326,0
test,2974,0.001292173,0
test,2975,0.028953793,0
test,2976,0.10986777,0
test,2977,0.1347061,0
test,2978,0.00012736228,0
test,2979,0.07745339,0
test,2980,0.12690516,0
test,2981,0.17473596,0
test,2982,0.19212444,0
test,2983,0.008029826,0
test,2984,0.029546058,0
test,2985,0.07238476,0
test,2986,0.020461159,0
test,2987,0.103190936,0
test,2988,0.0007638439,0
test,2989,0.00012333893,0
test,2990,0.06216991,0
test,2991,0.131147,0
test,2992,0.830024,0
test,2993,0.61829615,0
test,2994,0.067781836,0
test,2995,0.17436004,0
test,2996,0.043458674,0
test,2997,0.023992823,0
test,2998,0.4570149,0
test,2999,0.108752795,0
test,3000,0.36307785,0
test,3001,0.023524784,0
test,3002,0.012030849,0
test,3003,0.013282632,0
test,3004,0.008513806,0
test,3005,0.03201503,0
test,3006,0.10896086,0
test,3007,2.9053308e-05,0
test,3008,0.00059002254,0
test,3009,0.511587,0
test,3010,0.2586756,0
test,3011,0.11945832,0
test,3012,0.010779898,0
test,3013,0.07877883,0
test,3014,0.083063796,0
test,3015,0.107356675,0
test,3016,0.0015881245,0
test,3017,0.09783525,0
test,3018,0.0009338694,0
test,3019,6.739587e-05,0
test,3020,0.82780814,0
test,3021,0.0006625705,0
test,3022,0.7290103,0
test,3023,0.6583781,0
test,3024,0.007424678,0
test,3025,0.019140266,0
test,3026,0.0013278638,0
test,3027,0.07073178,0
test,3028,0.09064057,0
test,3029,0.26677614,0
test,3030,0.7393586,0
test,3031,0.00015273834,0
test,3032,0.00047071226,0
test,3033,0.0004923123,0
test,3034,0.107759625,0
test,3035,0.017814957,0
test,3036,0.15837172,0
test,3037,0.002759128,0
test,3038,0.138967,0
test,3039,0.118430085,0
test,3040,0.1294469,0
test,3041,0.008878782,0
test,3042,0.48102888,0
test,3043,0.41440296,0
test,3044,0.31015754,0
test,3045,0.04150556,0
test,3046,0.14007671,0
test,3047,0.049893413,0
test,3048,0.23275054,0
test,3049,0.00025669494,0
test,3050,0.0011648783,0
test,3051,0.052305248,0
test,3052,0.284662,0
test,3053,0.2530487,0
test,3054,0.036691926,0
test,3055,0.0017501467,0
test,3056,0.5117736,0
test,3057,0.019653728,0
test,3058,0.08352477,0
test,3059,0.119626366,0
test,3060,0.08799945,0
test,3061,7.147126e-05,0
test,3062,0.43722785,0
test,3063,1.9844627e-05,0
test,3064,6.8639696e-05,0
test,3065,6.7348396e-05,0
test,3066,0.0077903382,0
test,3067,0.0008560829,0
test,3068,0.00035758445,0
test,3069,0.009241352,0
test,3070,0.0010116238,0
test,3071,0.0026254337,0
test,3072,0.024546146,0
test,3073,0.3704283,0
test,3074,0.016203638,0
test,3075,0.80973226,0
test,3076,0.060085144,0
test,3077,0.25049543,0
test,3078,0.060001504,0
test,3079,0.007933043,0
test,3080,0.091983296,0
test,3081,0.36054468,0
test,3082,0.046553507,0
test,3083,0.21494949,0
test,3084,0.0077289566,0
test,3085,0.16397135,0
test,3086,0.32056987,0
test,3087,0.06924663,0
test,3088,0.000671451,0
test,3089,0.028127324,0
test,3090,0.8735466,0
test,3091,0.19584227,0
test,3092,0.6271709,0
test,3093,0.008782404,0
test,3094,0.0018008248,0
test,3095,0.40258613,0
test,3096,0.011806628,0
test,3097,0.0012692002,0
test,3098,0.00027687763,0
test,3099,0.18726906,0
test,3100,0.060214397,0
test,3101,0.0014351291,0
test,3102,0.4081849,0
test,3103,0.084067754,0
test,3104,0.7791912,0
test,3105,0.047760356,0
test,3106,0.027976584,0
test,3107,0.0027537448,0
test,3108,0.0050392733,0
test,3109,0.016241362,0
test,3110,0.09462206,0
test,3111,0.17651835,0
test,3112,0.75331354,0
test,3113,0.55143034,0
test,3114,0.06977882,0
test,3115,0.00011491508,0
test,3116,0.001166104,0
test,3117,2.8974233e-05,0
test,3118,0.85299295,0
test,3119,0.00050904346,0
test,3120,0.19450574,0
test,3121,0.10212499,0
test,3122,2.772599e-05,0
test,3123,0.0014855555,0
test,3124,0.00038231764,0
test,3125,0.08489249,0
test,3126,0.018608436,0
test,3127,0.82606316,0
test,3128,0.05804422,0
test,3129,0.2949905,0
test,3130,0.66277117,0
test,3131,0.0003975385,0
test,3132,0.13770518,1
test,3133,0.00014682065,0
test,3134,0.0012620854,0
test,3135,0.35408643,0
test,3136,0.39704615,0
test,3137,0.12170777,0
test,3138,3.3338874e-05,0
test,3139,0.19829027,0
test,3140,0.21893296,0
test,3141,0.00030909243,0
test,3142,0.06610718,0
test,3143,0.07546677,0
test,3144,0.00034230063,0
test,3145,0.27375066,0
test,3146,0.10566418,0
test,3147,0.00095339963,0
test,3148,0.00070581713,0
test,3149,0.17326175,0
test,3150,0.10107848,0
test,3151,0.0024951156,0
test,3152,0.07469685,0
test,3153,0.00033607348,0
test,3154,0.48670992,0
test,3155,0.03211047,0
test,3156,0.2673746,0
test,3157,0.020220174,0
test,3158,0.0040311012,0
test,3159,0.0028314013,0
test,3160,0.06899082,0
test,3161,0.062331453,0
test,3162,0.009870325,0
test,3163,0.6136005,0
test,3164,0.034786656,0
test,3165,0.0018086865,0
test,3166,0.012124218,0
test,3167,0.037180346,0
test,3168,0.02441131,0
test,3169,4.8405014e-05,0
test,3170,0.13610113,0
test,3171,0.004606665,0
test,3172,0.008468715,0
test,3173,0.043554634,0
test,3174,0.020470135,0
test,3175,0.26416564,0
test,3176,0.12377404,0
test,3177,0.0012710032,0
test,3178,0.3342501,0
test,3179,0.7691825,0
test,3180,0.33080786,0
test,3181,0.002811463,0
test,3182,0.5802903,0
test,3183,0.002551444,0
test,3184,0.0003147283,0
test,3185,0.247816,0
test,3186,0.028997108,0
test,3187,0.26077726,0
test,3188,0.0044265552,0
test,3189,0.005400724,0
test,3190,0.0036610672,0
test,3191,0.00962046,0
test,3192,0.0035956688,0
test,3193,0.007977791,0
test,3194,0.004870331,0
test,3195,0.26353914,0
test,3196,0.27665523,0
test,3197,0.72871685,0
test,3198,0.02072865,0
test,3199,0.10485549,0
test,3200,0.00023066261,0
test,3201,5.441687e-05,0
test,3202,0.6773666,0
test,3203,0.00010250198,0
test,3204,0.00032071755,0
test,3205,0.0014403723,1
test,3206,0.07359478,0
test,3207,0.34155357,0
test,3208,0.53165025,0
test,3209,0.00029342822,0
test,3210,5.080236e-05,0
test,3211,0.13711959,0
test,3212,0.027450506,0
test,3213,0.04908524,0
test,3214,0.054686695,0
test,3215,0.23720747,0
test,3216,0.05802741,0
test,3217,0.0017769453,0
test,3218,0.004003816,0
test,3219,0.06992064,0
test,3220,0.03591478,0
test,3221,0.5059242,0
test,3222,0.036525264,0
test,3223,0.0016305153,0
test,3224,0.012290531,0
test,3225,0.010784466,0
test,3226,0.009145182,0
test,3227,0.16272646,0
test,3228,0.4308194,0
test,3229,0.00075055397,0
test,3230,0.8401247,0
test,3231,0.060055796,0
test,3232,0.00045147867,0
test,3233,3.4140267e-05,0
test,3234,0.8441844,0
test,3235,0.21131599,0
test,3236,0.097904325,0
test,3237,0.2284048,0
test,3238,0.00018985187,0
test,3239,0.038590055,0
test,3240,0.0010650347,0
test,3241,0.00077764574,0
test,3242,0.06818926,0
test,3243,0.0028326283,0
test,3244,0.004962773,0
test,3245,1.0822863e-05,0
test,3246,0.13065629,0
test,3247,0.0007933083,0
test,3248,0.0004056333,0
test,3249,0.08307368,0
test,3250,0.00017214476,0
test,3251,0.08234164,0
test,3252,0.2765823,0
test,3253,0.30780134,0
test,3254,0.0053999736,0
test,3255,0.018164316,0
test,3256,0.0014079122,0
test,3257,0.00040883216,0
test,3258,0.09789977,0
test,3259,0.3502923,0
test,3260,0.0004997215,0
test,3261,0.10721617,0
test,3262,0.29170355,0
test,3263,0.18947352,0
test,3264,0.00221682,0
test,3265,0.22048663,0
test,3266,0.00010873825,0
test,3267,0.0019510394,0
test,3268,0.12967974,0
test,3269,0.028242461,0
test,3270,0.061337184,0
test,3271,0.7388638,0
test,3272,0.0127327135,0
test,3273,0.006857484,0
test,3274,0.10946446,0
test,3275,0.10782425,0
test,3276,0.06864856,0
test,3277,0.0005509533,0
test,3278,0.00023541063,0
test,3279,0.022558818,0
test,3280,0.022267327,0
test,3281,0.06778364,0
test,3282,0.0003911009,0
test,3283,0.02569821,0
test,3284,0.39176005,0
test,3285,0.42009294,0
test,3286,0.25265932,0
test,3287,0.0007772394,0
test,3288,0.00063959364,0
test,3289,6.214655e-05,0
test,3290,0.3218892,0
test,3291,0.24958931,0
test,3292,0.001981022,0
test,3293,0.35555416,0
test,3294,0.19898672,0
test,3295,0.76977277,0
test,3296,2.9085855e-05,0
test,3297,0.0001726955,0
test,3298,0.44143122,0
test,3299,1.3310462e-05,0
test,3300,0.00074876833,0
test,3301,0.23322077,0
test,3302,0.0015366202,0
test,3303,0.012182094,0
test,3304,0.0004140032,0
test,3305,0.01342377,0
test,3306,0.00053156965,0
test,3307,0.0005104345,0
test,3308,0.00074044924,0
test,3309,0.0029997535,0
test,3310,0.0021836688,0
test,3311,0.00030496056,0
test,3312,0.0062163267,0
test,3313,0.00095936575,0
test,3314,0.023791356,0
test,3315,0.014420313,0
test,3316,0.04339665,0
test,3317,0.022099178,0
test,3318,0.04190436,0
test,3319,0.04407271,0
test,3320,0.6220131,0
test,3321,0.16231729,0
test,3322,0.00735371,0
test,3323,0.85956216,0
test,3324,0.9072072,0
test,3325,3.447979e-05,0
test,3326,0.5766059,0
test,3327,0.0011824257,0
test,3328,0.000107827225,0
test,3329,0.19077404,0
test,3330,0.45416507,0
test,3331,0.1923203,0
test,3332,0.84379685,0
test,3333,0.0010150287,0
test,3334,0.023817627,0
test,3335,0.0060218005,0
test,3336,0.0636669,0
test,3337,0.00020238901,0
test,3338,0.2669199,0
test,3339,0.16521075,0
test,3340,0.4719161,0
test,3341,0.23242474,0
test,3342,0.015369093,0
test,3343,0.2619112,0
test,3344,0.0008704765,0
test,3345,0.024494119,0
test,3346,0.05404772,0
test,3347,0.74406016,0
test,3348,0.0005812251,0
test,3349,0.006765574,0
test,3350,0.008498837,0
test,3351,0.3746832,0
test,3352,0.25184122,0
test,3353,0.2741867,0
test,3354,0.0034254375,0
test,3355,0.13955799,0
test,3356,0.00092478195,0
test,3357,0.00046830933,0
test,3358,0.17166638,0
test,3359,0.0021706428,0
test,3360,0.3563658,0
test,3361,0.00052390626,0
test,3362,0.25799683,0
test,3363,0.06767102,0
test,3364,0.02617762,0
test,3365,0.090351254,0
test,3366,0.004294612,0
test,3367,0.011047528,0
test,3368,0.15255271,0
test,3369,0.34881482,0
test,3370,0.19639225,0
test,3371,0.13082774,0
test,3372,1.43826965e-05,0
test,3373,0.1041421,0
test,3374,0.25412476,0
test,3375,0.005164163,0
test,3376,0.0011919831,0
test,3377,0.0013624869,0
test,3378,0.00095190376,0
test,3379,0.00052629516,0
test,3380,0.00019644189,0
test,3381,0.41522703,0
test,3382,0.41404635,0
test,3383,0.15740554,0
test,3384,0.00020068225,0
test,3385,0.00030248854,0
test,3386,0.5931657,0
test,3387,0.0004918682,0
test,3388,0.00017470085,0
test,3389,0.030465793,0
test,3390,2.4925526e-05,0
test,3391,0.0018014808,0
test,3392,0.00032550882,0
test,3393,4.9679747e-05,0
test,3394,0.00027952014,0
test,3395,0.007594256,0
test,3396,0.8907846,0
test,3397,0.0004541213,0
test,3398,0.0010991759,0
test,3399,0.0328821,0
test,3400,0.13175775,0
test,3401,0.18482849,0
test,3402,0.21233112,0
test,3403,0.0241402,0
test,3404,0.00015511604,0
test,3405,0.0008808223,0
test,3406,0.24807975,0
test,3407,0.18252623,0
test,3408,0.37814474,0
test,3409,0.0003120521,0
test,3410,0.04765876,0
test,3411,8.215998e-05,0
test,3412,0.00024620586,0
test,3413,0.23970035,0
test,3414,0.00012765506,0
test,3415,0.00040897366,0
test,3416,0.9452495,0
test,3417,0.0005399802,0
test,3418,0.35294232,0
test,3419,0.00029327942,0
test,3420,0.011731817,0
test,3421,0.1300654,0
test,3422,0.00030735135,0
test,3423,0.0091892285,0
test,3424,8.446367e-05,0
test,3425,0.004324891,0
test,3426,0.0001644821,0
test,3427,0.00055705017,0
test,3428,0.006142506,0
test,3429,0.0070817336,0
test,3430,1.68704e-05,0
test,3431,0.0026112518,0
test,3432,5.490131e-05,0
test,3433,0.008896752,0
test,3434,0.09672782,0
test,3435,0.63978106,0
test,3436,8.283287e-06,0
test,3437,0.104916155,0
test,3438,0.03899997,0
test,3439,0.0077750534,0
test,3440,0.85894203,0
test,3441,0.7580021,0
test,3442,0.6406738,0
test,3443,0.002819643,0
test,3444,0.025771594,0
test,3445,9.702587e-07,0
test,3446,0.00013669989,0
test,3447,0.045868862,0
test,3448,0.2528838,0
test,3449,0.09870611,0
test,3450,0.225464,0
test,3451,0.8172506,0
test,3452,0.75684094,0
test,3453,0.006924963,0
test,3454,0.26537633,0
test,3455,0.70041513,1
test,3456,0.21152467,0
test,3457,0.4652718,0
test,3458,0.062849686,0
test,3459,0.0002298516,0
test,3460,0.24469703,0
test,3461,0.0004916874,0
test,3462,0.8144791,0
test,3463,0.81688696,0
test,3464,9.426025e-05,0
test,3465,0.00034919434,0
test,3466,0.0007235732,0
test,3467,4.737829e-05,0
test,3468,0.02245469,0
test,3469,0.0035401243,0
test,3470,0.00012084549,0
test,3471,0.34650415,0
test,3472,0.014267715,0
test,3473,0.0028413923,0
test,3474,0.17924812,0
test,3475,0.30699012,0
test,3476,0.14062461,0
test,3477,0.0004773126,0
test,3478,0.0072477967,0
test,3479,0.00087802816,0
test,3480,0.0012614304,0
test,3481,0.19186653,0
test,3482,0.00017662806,0
test,3483,0.01186618,0
test,3484,0.4127642,0
test,3485,0.7701534,0
test,3486,6.74086e-05,0
test,3487,0.392041,0
test,3488,8.035838e-06,0
test,3489,0.1668653,0
test,3490,0.0036202352,0
test,3491,0.0028045536,0
test,3492,0.001003047,0
test,3493,0.5681426,0
test,3494,0.007849528,0
test,3495,0.6362977,0
test,3496,0.2525166,0
test,3497,0.07305638,0
test,3498,0.41291142,0
test,3499,0.039254833,0
test,3500,0.0064876056,0
test,3501,0.0013086145,0
test,3502,0.025633864,0
test,3503,0.019846644,0
test,3504,0.78404605,0
test,3505,0.008300637,0
test,3506,0.5764286,0
test,3507,0.00025183184,0
test,3508,0.016768057,0
test,3509,0.26265174,0
test,3510,0.0022098117,0
test,3511,0.0005238214,0
test,3512,0.0003741286,0
test,3513,0.006282854,0
test,3514,1.1189291e-05,0
test,3515,0.010059156,0
test,3516,0.03166298,0
test,3517,0.0035845935,0
test,3518,0.0007038866,0
test,3519,0.65102553,0
test,3520,0.025089534,0
test,3521,0.7259325,0
test,3522,0.020489762,0
test,3523,0.013383879,0
test,3524,0.0032930681,0
test,3525,0.014618638,0
test,3526,0.48020992,0
test,3527,0.8804046,0
test,3528,0.0048126155,0
test,3529,0.08679744,0
test,3530,0.0005387453,0
test,3531,0.8372803,0
test,3532,0.61131954,0
test,3533,0.0010996534,0
test,3534,0.0034240605,0
test,3535,0.26239747,0
test,3536,0.000201844,0
test,3537,0.24892989,0
test,3538,0.042274885,0
test,3539,0.7035963,0
test,3540,0.64402246,0
test,3541,0.014076744,0
test,3542,0.00034016496,0
test,3543,0.00031628675,0
test,3544,0.0008973829,0
test,3545,0.00090124406,0
test,3546,0.00444637,0
test,3547,0.5855568,0
test,3548,0.36586043,0
test,3549,1.1198814e-05,0
test,3550,0.33909827,0
test,3551,0.58206415,0
test,3552,0.56023586,0
test,3553,0.0009906972,0
test,3554,0.0033873708,0
test,3555,0.6380334,0
test,3556,0.01696113,0
test,3557,0.88009703,0
test,3558,0.012473106,0
test,3559,0.00023049639,0
test,3560,0.13195807,0
test,3561,0.001796823,0
test,3562,0.00024684024,0
test,3563,0.001449886,0
test,3564,0.0018002928,0
test,3565,0.34792352,0
test,3566,0.0046815667,0
test,3567,0.026101653,0
test,3568,0.0030889548,0
test,3569,0.04129441,0
test,3570,0.006398804,0
test,3571,9.4401476e-05,0
test,3572,0.00020641733,0
test,3573,0.007850547,0
test,3574,0.017567417,0
test,3575,0.008936518,0
test,3576,0.011483442,0
test,3577,0.013955493,0
test,3578,0.0005215267,0
test,3579,0.00010260417,0
test,3580,0.42080715,0
test,3581,0.000414004,0
test,3582,0.0003423158,0
test,3583,3.3155047e-05,0
test,3584,0.009639104,0
test,3585,0.00022938289,0
test,3586,0.050337806,0
test,3587,0.46104088,0
test,3588,0.0069083506,0
test,3589,0.5850956,0
test,3590,0.009683743,0
test,3591,0.004540112,0
test,3592,0.36048383,0
test,3593,0.004451451,0
test,3594,0.00038055872,0
test,3595,0.00043237724,0
test,3596,0.0025728315,0
test,3597,0.038247086,0
test,3598,0.29730108,0
test,3599,0.35257462,0
test,3600,0.018991914,0
test,3601,0.0021649604,0
test,3602,0.1931328,0
test,3603,0.2737284,0
test,3604,0.0013105929,0
test,3605,0.61013997,0
test,3606,0.017081138,0
test,3607,0.012193777,0
test,3608,0.4270927,0
test,3609,0.3447643,0
test,3610,0.0017887547,0
test,3611,0.04312526,0
test,3612,0.00013270605,0
test,3613,0.004130554,0
test,3614,0.20081046,0
test,3615,0.011236378,0
test,3616,0.00042466287,0
test,3617,0.5710592,0
test,3618,0.39148593,0
test,3619,0.7314296,0
test,3620,0.8155188,0
test,3621,0.4815184,0
test,3622,0.008008846,0
test,3623,0.42132849,0
test,3624,0.57383966,0
test,3625,0.06866704,0
test,3626,0.00087244855,0
test,3627,0.4769407,0
test,3628,0.011843525,0
test,3629,0.19340228,0
test,3630,0.015161961,0
test,3631,0.03175438,0
test,3632,0.5252036,0
test,3633,0.78206414,0
test,3634,0.03352736,0
test,3635,0.4464869,0
test,3636,0.5803199,0
test,3637,0.0005309918,0
test,3638,0.6081601,0
test,3639,0.37681007,0
test,3640,0.0004658057,0
test,3641,0.0048050373,0
test,3642,0.84529877,0
test,3643,0.29852578,0
test,3644,0.52989936,0
test,3645,0.000481173,0
test,3646,0.031771902,0
test,3647,0.44717202,0
test,3648,0.30384484,0
test,3649,0.20812258,0
test,3650,0.0002177538,0
test,3651,0.6834259,0
test,3652,0.11793197,0
test,3653,0.112324595,0
test,3654,0.12548567,0
test,3655,0.3334288,0
test,3656,0.021947656,0
test,3657,0.014881415,0
test,3658,0.046993174,0
test,3659,0.0018121888,0
test,3660,0.033323362,0
test,3661,0.054839753,0
test,3662,0.0017175153,0
test,3663,0.30454642,0
test,3664,0.00010821659,0
test,3665,0.31028178,0
test,3666,0.00015969557,0
test,3667,0.038683977,0
test,3668,0.006997789,0
test,3669,0.0025752129,0
test,3670,0.0004659982,0
test,3671,0.0077910163,0
test,3672,0.018857438,0
test,3673,0.0051937965,0
test,3674,0.021919908,0
test,3675,0.01297226,0
test,3676,0.7488599,0
test,3677,0.004404374,0
test,3678,0.015511435,0
test,3679,0.7327584,0
test,3680,0.7042724,0
test,3681,0.638068,0
test,3682,0.69628114,0
test,3683,0.4460261,0
test,3684,0.8909141,0
test,3685,0.008172613,0
test,3686,0.07825765,0
test,3687,0.376046,0
test,3688,0.31532866,0
test,3689,0.5745935,0
test,3690,0.1818135,0
test,3691,0.19200248,0
test,3692,0.00017394059,0
test,3693,0.0032905433,0
test,3694,0.84101725,0
test,3695,0.0012514086,0
test,3696,0.12342858,0
test,3697,0.0009885564,0
test,3698,0.16459855,0
test,3699,0.004275199,0
test,3700,0.0036080177,0
test,3701,0.012720048,0
test,3702,0.6383539,0
test,3703,0.017173398,0
test,3704,0.7815202,0
test,3705,0.59226775,0
test,3706,0.2281304,0
test,3707,0.7716527,0
test,3708,0.007478248,0
test,3709,0.013082698,0
test,3710,0.0041588475,0
test,3711,0.014197977,0
test,3712,0.19639711,0
test,3713,0.24397577,0
test,3714,0.05964225,0
test,3715,0.1500943,0
test,3716,0.0046495893,0
test,3717,0.06074911,0
test,3718,0.016036075,0
test,3719,0.013709669,0
test,3720,0.049165905,1
test,3721,0.812938,0
test,3722,0.64982665,0
test,3723,0.005639817,0
test,3724,0.008399935,0
test,3725,0.021729395,0
test,3726,0.7361573,0
test,3727,0.3100345,0
test,3728,0.21299826,0
test,3729,0.0107445195,0
test,3730,0.3823547,0
test,3731,0.6123555,0
test,3732,0.002878354,0
test,3733,0.004613365,0
test,3734,0.00085969846,0
test,3735,0.17837486,0
test,3736,0.008858116,0
test,3737,0.08853558,0
test,3738,0.008628606,0
test,3739,0.83686316,0
test,3740,0.81716686,0
test,3741,0.0055920193,0
test,3742,0.011305331,0
test,3743,0.010197652,0
test,3744,0.66899145,0
test,3745,0.0007567169,0
test,3746,0.0027030844,0
test,3747,2.4953115e-05,0
test,3748,0.6722819,0
test,3749,0.43519467,0
test,3750,0.00027590105,0
test,3751,0.008096011,0
test,3752,0.018422093,0
test,3753,0.5268487,0
test,3754,0.0015542406,0
test,3755,0.0015780492,0
test,3756,0.0019124463,0
test,3757,0.0026411784,0
test,3758,0.0015935183,0
test,3759,0.21156076,0
test,3760,0.0013431709,0
test,3761,0.5876112,0
test,3762,0.06570404,0
test,3763,0.45812735,0
test,3764,0.00012446038,0
test,3765,0.21019816,0
test,3766,0.18059777,0
test,3767,0.005447706,0
test,3768,0.06821745,0
test,3769,0.0006210385,0
test,3770,1.5737282e-06,0
test,3771,0.0013430741,0
test,3772,0.0028798266,0
test,3773,0.15202223,0
test,3774,0.0025039504,0
test,3775,0.0036713087,0
test,3776,0.00032590004,0
test,3777,0.00033164743,0
test,3778,0.08359963,0
test,3779,0.0021126934,0
test,3780,0.15035522,0
test,3781,7.888398e-05,0
test,3782,0.0007799471,0
test,3783,0.019460432,0
test,3784,0.17594156,0
test,3785,0.72787935,0
test,3786,0.0021326512,0
test,3787,0.0016525412,0
test,3788,0.029723512,0
test,3789,0.00034488144,0
test,3790,0.93473566,0
test,3791,0.0005139193,0
test,3792,6.846705e-05,0
test,3793,0.35444307,0
test,3794,0.49518076,0
test,3795,0.09548103,0
test,3796,0.0048584063,0
test,3797,0.00012295025,0
test,3798,0.001154358,0
test,3799,8.3793486e-05,0
test,3800,0.30352595,0
test,3801,0.0006747163,0
test,3802,0.0012336981,0
test,3803,0.04295574,0
test,3804,0.022030463,0
test,3805,0.00437129,0
test,3806,0.45914245,0
test,3807,0.011652204,0
test,3808,0.0045170593,0
test,3809,0.4094863,0
test,3810,0.0023622832,0
test,3811,0.0045444737,0
test,3812,0.6321603,0
test,3813,0.0009320848,0
test,3814,0.00033103809,0
test,3815,0.008631185,0
test,3816,0.7568039,0
test,3817,0.0025864537,0
test,3818,4.9256552e-05,0
test,3819,0.13235667,0
test,3820,0.018886274,0
test,3821,0.00037474258,0
test,3822,5.6791528e-06,0
test,3823,0.0054915235,0
test,3824,8.866195e-06,0
test,3825,0.0004251909,0
test,3826,0.82243574,0
test,3827,0.00012354633,0
test,3828,0.0014002828,0
test,3829,0.0042373496,0
test,3830,0.0041193725,0
test,3831,0.13775814,0
test,3832,0.0005703668,0
test,3833,0.00074832176,0
test,3834,0.50650823,0
test,3835,0.00016753242,0
test,3836,0.038541272,0
test,3837,0.69625324,0
test,3838,0.0011723108,0
test,3839,0.0008116203,0
test,3840,0.0012179833,0
test,3841,0.00077513873,0
test,3842,0.00031739898,0
test,3843,0.07187957,0
test,3844,0.0007373573,0
test,3845,0.045951866,0
test,3846,0.7105417,0
test,3847,0.00016699097,0
test,3848,0.0002743121,0
test,3849,0.27444822,0
test,3850,0.036527004,0
test,3851,0.0017447766,0
test,3852,0.00084177154,0
test,3853,0.0026639642,0
test,3854,0.0042633447,0
test,3855,0.00027975906,0
test,3856,0.09004925,0
test,3857,4.3235876e-05,0
test,3858,0.0026967893,0
test,3859,0.24657705,0
test,3860,0.00025655743,0
test,3861,8.544397e-05,0
test,3862,6.490346e-05,0
test,3863,0.020246992,0
test,3864,0.0010036081,0
test,3865,0.20548764,0
test,3866,0.0044736583,0
test,3867,0.002193762,0
test,3868,0.0005499956,0
test,3869,0.0033656156,0
test,3870,0.0005536476,0
test,3871,0.010654954,0
test,3872,0.0024734854,0
test,3873,0.10532259,0
test,3874,0.0038780926,0
test,3875,2.8290813e-05,0
test,3876,0.00039061558,0
test,3877,0.00032700086,0
test,3878,0.027073786,0
test,3879,5.0143575e-05,0
test,3880,0.00032879235,0
test,3881,8.35954e-05,0
test,3882,5.910469e-05,0
test,3883,0.67953813,0
test,3884,0.0029243594,0
test,3885,0.0037569588,0
test,3886,4.017591e-05,0
test,3887,0.6474955,0
test,3888,0.00029370977,0
test,3889,0.40762928,0
test,3890,0.25961795,1
test,3891,0.008368233,0
test,3892,0.042070948,0
test,3893,0.33437166,0
test,3894,0.003061105,0
test,3895,0.00054235576,0
test,3896,0.19712956,0
test,3897,0.0056423936,0
test,3898,0.843731,0
test,3899,0.42389616,0
test,3900,0.0032690787,0
test,3901,0.40165645,0
test,3902,0.00074517354,0
test,3903,0.0005567454,0
test,3904,0.12335651,0
test,3905,0.006345935,0
test,3906,0.0007796461,0
test,3907,0.0064390535,0
test,3908,0.0005721628,0
test,3909,0.089430094,0
test,3910,0.12970078,0
test,3911,1.4079112e-06,0
test,3912,0.054679547,0
test,3913,0.0002631329,0
test,3914,0.00016918009,0
test,3915,0.004721503,0
test,3916,0.00053533434,0
test,3917,0.0008351197,0
test,3918,0.00076911517,0
test,3919,0.00041433345,0
test,3920,0.27541605,0
test,3921,0.00012994965,0
test,3922,7.822122e-06,0
test,3923,0.00013585782,0
test,3924,0.00012485025,0
test,3925,0.0013668537,0
test,3926,0.268611,0
test,3927,0.0017620331,0
test,3928,0.0032677704,0
test,3929,0.1276842,0
test,3930,0.15936412,0
test,3931,0.26602414,0
test,3932,0.48962465,0
test,3933,2.1672355e-05,0
test,3934,9.588338e-05,0
test,3935,0.0002619372,0
test,3936,0.0001520255,0
test,3937,9.3666196e-05,0
test,3938,2.304751e-05,0
test,3939,0.2507074,0
test,3940,0.639431,0
test,3941,0.00062803295,0
test,3942,0.00015079744,0
test,3943,0.22670037,0
test,3944,0.000103561186,0
test,3945,0.18847485,0
test,3946,0.013418693,0
test,3947,2.882263e-05,0
test,3948,0.001417398,0
test,3949,0.5538782,0
test,3950,0.003386484,0
test,3951,0.048399344,0
test,3952,0.0052767848,0
test,3953,0.006399705,0
test,3954,0.0196962,0
test,3955,0.04658259,0
test,3956,0.000308749,0
test,3957,0.25548056,0
test,3958,0.44724238,0
test,3959,0.118113935,0
test,3960,0.01805214,0
test,3961,0.004466019,0
test,3962,0.023765532,0
test,3963,0.18120234,0
test,3964,0.050636157,0
test,3965,0.00045018469,0
test,3966,0.019479213,0
test,3967,0.001069625,0
test,3968,0.024458185,0
test,3969,0.14280617,0
test,3970,0.000121634184,0
test,3971,0.0009862258,0
test,3972,0.011954816,0
test,3973,0.00071055634,0
test,3974,2.3671759e-05,0
test,3975,8.824131e-05,0
test,3976,0.0016243922,0
test,3977,0.6446838,0
test,3978,7.332128e-06,0
test,3979,0.000290426,0
test,3980,0.17396109,0
test,3981,0.070503235,0
test,3982,0.016448915,0
test,3983,0.06153709,0
test,3984,0.007931538,0
test,3985,0.2262789,0
test,3986,0.022643333,0
test,3987,0.32532406,0
test,3988,0.0259347,0
test,3989,0.103850074,0
test,3990,0.08448738,0
test,3991,0.16144851,0
test,3992,0.025774563,0
test,3993,0.2527447,0
test,3994,0.3167794,0
test,3995,0.0009716119,0
test,3996,0.56836534,0
test,3997,0.027847812,0
test,3998,0.0044472096,0
test,3999,0.020859301,0
test,4000,0.04496032,0
test,4001,0.2470012,0
test,4002,0.34957755,0
test,4003,0.072397135,0
test,4004,2.4224697e-05,0
test,4005,2.4573292e-05,0
test,4006,1.0720181e-05,0
test,4007,2.1249738e-05,0
test,4008,0.21008113,0
test,4009,0.3420119,0
test,4010,0.37019253,0
test,4011,0.03796136,0
test,4012,0.104384266,0
test,4013,0.013526203,0
test,4014,0.00015051344,0
test,4015,0.0005281921,0
test,4016,0.49667484,0
test,4017,8.6061766e-05,0
test,4018,0.018553581,0
test,4019,0.32575655,0
test,4020,0.045834128,0
test,4021,0.00041067487,0
test,4022,0.012276322,0
test,4023,0.0016804264,0
test,4024,0.0003809871,0
test,4025,0.22390476,0
test,4026,0.40764394,0
test,4027,0.11211265,0
test,4028,0.056602854,0
test,4029,0.0050873333,0
test,4030,0.11589555,0
test,4031,4.598869e-05,0
test,4032,0.29891086,0
test,4033,0.03251701,0
test,4034,0.20195708,0
test,4035,0.77111006,0
test,4036,0.20465174,0
test,4037,0.8596865,0
test,4038,0.15592608,0
test,4039,0.0027968944,0
test,4040,0.0008061858,0
test,4041,0.019089354,0
test,4042,0.014056792,0
test,4043,0.3042492,0
test,4044,0.007972947,0
test,4045,0.16696583,0
test,4046,0.1582185,0
test,4047,0.061168246,0
test,4048,0.13133541,0
test,4049,0.84631264,0
test,4050,0.33291095,0
test,4051,0.31371465,0
test,4052,0.005063762,0
test,4053,0.00022103458,0
test,4054,0.0027645163,0
test,4055,0.05140367,0
test,4056,0.048843198,0
test,4057,0.5492743,0
test,4058,0.26536658,0
test,4059,0.2552475,0
test,4060,0.0013687608,0
test,4061,0.0003285298,0
test,4062,0.0003424183,0
test,4063,0.40046683,0
test,4064,0.28143618,0
test,4065,0.52754486,0
test,4066,0.3094433,0
test,4067,0.060853064,0
test,4068,1.643572e-05,0
test,4069,0.0004940995,0
test,4070,0.085517436,0
test,4071,0.029779514,0
test,4072,0.3629551,0
test,4073,0.0876239,0
test,4074,0.0027923444,0
test,4075,0.77789646,0
test,4076,0.42454118,0
test,4077,0.02204828,0
test,4078,0.0045440337,0
test,4079,0.052891668,0
test,4080,0.6326645,0
test,4081,0.0055607865,0
test,4082,0.064776,0
test,4083,0.06934254,0
test,4084,0.0003135525,0
test,4085,0.35292575,0
test,4086,0.0005587733,0
test,4087,0.011285522,0
test,4088,0.00031398985,0
test,4089,2.064137e-05,0
test,4090,0.00925933,0
test,4091,0.041809894,0
test,4092,1.3822929e-05,0
test,4093,0.06827653,0
test,4094,0.04777657,0
test,4095,0.0072521204,0
test,4096,0.00602357,0
test,4097,0.009499827,0
test,4098,0.023272462,0
test,4099,0.05976631,0
test,4100,6.934822e-05,0
test,4101,0.009678806,0
test,4102,0.076444075,0
test,4103,0.22427127,0
test,4104,0.00026522373,0
test,4105,0.2996997,0
test,4106,0.31370458,0
test,4107,0.02466961,0
test,4108,0.97083485,0
test,4109,0.06359882,0
test,4110,5.663689e-05,0
test,4111,0.0019895649,0
test,4112,0.0041667274,0
test,4113,0.19948155,0
test,4114,0.25808665,0
test,4115,0.0012564338,0
test,4116,0.06643853,0
test,4117,0.2712525,0
test,4118,0.100025445,0
test,4119,0.489786,0
test,4120,0.00080757204,0
test,4121,3.2150274e-05,0
test,4122,0.43364945,0
test,4123,0.53625894,0
test,4124,0.009025796,0
test,4125,0.035556704,0
test,4126,0.074159406,0
test,4127,0.3696437,0
test,4128,0.00011830404,0
test,4129,0.011219636,0
test,4130,0.000114643306,0
test,4131,0.53989613,0
test,4132,0.46133804,0
test,4133,0.34902397,0
test,4134,0.00014320605,0
test,4135,0.0003972447,0
test,4136,0.020292511,0
test,4137,0.14608206,0
test,4138,7.972249e-05,0
test,4139,6.5123735e-05,0
test,4140,0.13885912,0
test,4141,0.0106870355,0
test,4142,0.5511694,0
test,4143,0.00028049908,0
test,4144,0.28698117,0
test,4145,0.017553054,0
test,4146,0.028529149,0
test,4147,0.21766222,0
test,4148,0.01115008,0
test,4149,0.07103382,0
test,4150,0.27530515,0
test,4151,0.39125124,0
test,4152,0.039438024,0
test,4153,0.022672435,0
test,4154,0.022618743,0
test,4155,0.61655617,0
test,4156,0.010602225,0
test,4157,0.0028733658,0
test,4158,0.0031495837,0
test,4159,0.031284895,0
test,4160,0.069126606,0
test,4161,0.02668349,0
test,4162,0.06553209,0
test,4163,0.3338267,0
test,4164,0.679669,0
test,4165,0.0013697512,0
test,4166,0.0017309033,0
test,4167,0.0035020483,0
test,4168,0.0020789013,0
test,4169,0.018426692,0
test,4170,0.13162895,0
test,4171,0.51526105,0
test,4172,0.56732607,0
test,4173,0.00025665553,0
test,4174,0.26052308,0
test,4175,0.14782278,0
test,4176,0.16860601,0
test,4177,0.00023016303,0
test,4178,0.20065863,0
test,4179,0.0012638057,0
test,4180,0.03603455,0
test,4181,0.08163073,0
test,4182,0.055844106,0
test,4183,0.22306621,0
test,4184,0.0927178,0
test,4185,0.16147749,0
test,4186,0.041489363,0
test,4187,0.06107852,0
test,4188,0.18561351,0
test,4189,0.0046519493,0
test,4190,0.001062019,0
test,4191,0.09608503,0
test,4192,0.010418104,0
test,4193,0.06825185,0
test,4194,0.21826588,0
test,4195,0.051097147,0
test,4196,0.00044242124,0
test,4197,0.00030453753,0
test,4198,0.00027030075,0
test,4199,0.00091806194,0
test,4200,0.00029167248,0
test,4201,0.00025509374,0
test,4202,0.16431358,0
test,4203,0.22692741,0
test,4204,0.00030311986,0
test,4205,0.2199318,0
test,4206,8.627327e-06,0
test,4207,0.013821481,0
test,4208,0.0042017926,0
test,4209,1.5970412e-05,0
test,4210,0.00028079905,0
test,4211,0.23485903,0
test,4212,0.16842477,0
test,4213,0.09681445,0
test,4214,0.0015387675,0
test,4215,0.07836107,0
test,4216,0.059270732,0
test,4217,0.00022852085,0
test,4218,0.06656168,0
test,4219,0.21962398,0
test,4220,0.06577887,0
test,4221,0.0011535215,0
test,4222,0.63613635,0
test,4223,0.2765528,0
test,4224,0.2827645,0
test,4225,0.38632506,0
test,4226,0.35295227,0
test,4227,0.2105738,0
test,4228,0.24186166,0
test,4229,0.42055777,0
test,4230,0.27790558,0
test,4231,0.22130486,0
test,4232,0.22708686,0
test,4233,0.16947117,0
test,4234,0.03600425,0
test,4235,0.0014800493,0
test,4236,7.5124175e-05,0
test,4237,0.00040598534,0
test,4238,0.00015024657,0
test,4239,0.3072598,0
test,4240,0.00023749303,0
test,4241,0.17666392,0
test,4242,0.11199146,0
test,4243,3.9808983e-05,0
test,4244,0.15399836,0
test,4245,9.74706e-06,0
test,4246,0.003230099,0
test,4247,0.007184034,0
test,4248,0.74399257,0
test,4249,0.009964605,0
test,4250,0.008404119,0
test,4251,0.0042751846,0
test,4252,0.0004593291,0
test,4253,0.057463743,0
test,4254,3.845684e-05,0
test,4255,0.0019860612,0
test,4256,0.0005846326,0
test,4257,0.255405,0
test,4258,0.09161555,0
test,4259,0.24778832,0
test,4260,0.35550344,0
test,4261,0.046445232,0
test,4262,9.8914745e-05,0
test,4263,0.10984589,0
test,4264,0.21418889,0
test,4265,0.0076877903,0
test,4266,0.017842436,0
test,4267,0.011286829,0
test,4268,0.021050649,0
test,4269,0.0081317015,0
test,4270,0.019748813,0
test,4271,7.821583e-05,0
test,4272,0.27728027,0
test,4273,0.55849993,0
test,4274,0.07828495,0
test,4275,0.3302305,0
test,4276,0.018979006,0
test,4277,0.04464638,0
test,4278,0.013845438,0
test,4279,0.008207994,0
test,4280,0.00027694282,0
test,4281,5.845e-06,0
test,4282,0.061197832,0
test,4283,0.008100172,0
test,4284,0.029696507,0
test,4285,0.12583832,0
test,4286,0.02544247,0
test,4287,0.0008388529,0
test,4288,0.022776177,0
test,4289,1.7955772e-05,0
test,4290,0.008158224,0
test,4291,0.004845929,0
test,4292,0.0005434253,0
test,4293,0.31228667,0
test,4294,2.6362794e-05,0
test,4295,0.35450166,0
test,4296,0.21316361,0
test,4297,0.18300404,0
test,4298,2.007707e-05,0
test,4299,0.1771994,0
test,4300,0.24150178,0
test,4301,0.03763918,0
test,4302,0.09596031,0
test,4303,0.043113545,0
test,4304,0.29901052,0
test,4305,0.03369866,0
test,4306,0.0013373813,0
test,4307,0.00031813604,0
test,4308,0.030656865,0
test,4309,0.18099199,0
test,4310,0.07526095,0
test,4311,0.021876462,0
test,4312,0.23535468,0
test,4313,0.0006827778,0
test,4314,0.008265173,0
test,4315,0.0015712634,0
test,4316,0.28550285,0
test,4317,0.4109612,0
test,4318,0.41348484,0
test,4319,0.16487738,0
test,4320,0.4787367,0
test,4321,0.063786834,0
test,4322,0.22672223,0
test,4323,0.008968625,0
test,4324,0.12902416,0
test,4325,0.019836355,0
test,4326,0.035333883,0
test,4327,0.17116615,0
test,4328,7.73464e-05,0
test,4329,0.14524867,0
test,4330,0.0011271561,0
test,4331,0.1178946,0
test,4332,0.00012501416,0
test,4333,0.011375473,0
test,4334,0.00093319116,0
test,4335,0.5779646,0
test,4336,6.046119e-05,0
test,4337,0.04914616,0
test,4338,0.0010029427,0
test,4339,0.8364759,0
test,4340,0.34036925,0
test,4341,0.11202157,0
test,4342,0.00021498466,0
test,4343,0.17927039,0
test,4344,0.77392626,0
test,4345,0.030917075,0
test,4346,0.034351744,0
test,4347,0.57383096,0
test,4348,0.009663593,0
test,4349,0.0024987215,0
test,4350,0.36747032,0
test,4351,0.008936721,0
test,4352,0.16971451,0
test,4353,0.029493533,0
test,4354,0.09872463,0
test,4355,0.10994273,0
test,4356,0.3274758,0
test,4357,0.0024111865,0
test,4358,0.78986126,0
test,4359,0.8348558,0
test,4360,0.2080592,0
test,4361,0.26197422,0
test,4362,0.31011415,0
test,4363,0.3843788,0
test,4364,0.49207038,0
test,4365,0.00069860416,0
test,4366,0.10965599,0
test,4367,0.00094666565,0
test,4368,0.011103464,0
test,4369,0.012221343,0
test,4370,0.0017338044,0
test,4371,0.39359403,0
test,4372,0.0001703389,0
test,4373,0.00023777422,0
test,4374,0.48776656,0
test,4375,0.05603047,0
test,4376,0.23634246,0
test,4377,0.0001591676,0
test,4378,0.000112918344,0
test,4379,0.016067557,0
test,4380,0.05811108,0
test,4381,0.022658983,0
test,4382,0.082323335,0
test,4383,0.018604329,0
test,4384,0.07965331,0
test,4385,0.008508808,0
test,4386,0.00019287139,0
test,4387,0.20200369,0
test,4388,0.0001286148,0
test,4389,0.0012348233,0
test,4390,0.0058475323,0
test,4391,0.027150495,0
test,4392,0.23195232,0
test,4393,3.5341006e-06,0
test,4394,0.43110505,0
test,4395,0.0005934976,0
test,4396,0.5044147,0
test,4397,0.00031541105,0
test,4398,7.622392e-05,0
test,4399,0.12942663,0
test,4400,0.002380811,0
test,4401,0.050718747,0
test,4402,0.05449145,0
test,4403,0.020590508,0
test,4404,0.00041389823,0
test,4405,0.2762544,0
test,4406,0.013245299,0
test,4407,0.23290122,0
test,4408,0.8465238,0
test,4409,0.3598346,0
test,4410,0.1177345,0
test,4411,0.10177627,0
test,4412,0.040247984,0
test,4413,0.045194253,0
test,4414,0.069609314,0
test,4415,0.41982275,0
test,4416,0.009623925,0
test,4417,0.068143815,0
test,4418,0.571169,0
test,4419,0.086982876,0
test,4420,0.0052538505,0
test,4421,0.49240223,0
test,4422,0.51498014,0
test,4423,0.47573698,0
test,4424,0.46079403,0
test,4425,0.28805116,0
test,4426,0.13070288,0
test,4427,0.12128339,0
test,4428,0.3059121,0
test,4429,0.2177368,0
test,4430,0.1352112,0
test,4431,0.00029815876,0
test,4432,0.08089373,0
test,4433,0.17322145,0
test,4434,4.224339e-05,0
test,4435,0.14597838,0
test,4436,0.095629446,0
test,4437,0.13400267,0
test,4438,0.31765038,0
test,4439,6.019754e-06,0
test,4440,0.0006857259,0
test,4441,0.06353731,0
test,4442,0.20962968,0
test,4443,0.22618414,0
test,4444,3.1565814e-05,0
test,4445,0.026795136,0
test,4446,0.36067066,0
test,4447,0.059709035,0
test,4448,0.07798659,0
test,4449,0.21013387,0
test,4450,0.11108458,0
test,4451,0.15307294,0
test,4452,0.46418953,0
test,4453,0.3977471,0
test,4454,0.10232763,0
test,4455,0.39734417,0
test,4456,0.00454211,0
test,4457,0.005172637,0
test,4458,0.44758427,0
test,4459,0.4507251,0
test,4460,0.37132192,0
test,4461,0.08896178,0
test,4462,0.121271566,0
test,4463,0.0423892,0
test,4464,0.34988323,0
test,4465,0.26226863,0
test,4466,0.35233256,0
test,4467,0.22309953,0
test,4468,0.038175356,0
test,4469,0.37793234,0
test,4470,0.060651224,0
test,4471,0.00072544534,0
test,4472,0.65282786,0
test,4473,0.0012534688,0
test,4474,0.01680954,0
test,4475,0.30224213,0
test,4476,0.007255905,0
test,4477,0.03869604,0
test,4478,0.00012387973,0
test,4479,9.499694e-05,0
test,4480,0.083389156,0
test,4481,0.3549313,0
test,4482,0.14882757,0
test,4483,0.5891096,0
test,4484,1.976496e-05,0
test,4485,0.06819363,0
test,4486,0.00014576149,0
test,4487,0.04115712,0
test,4488,0.12852062,0
test,4489,0.39662233,0
test,4490,0.18853644,0
test,4491,0.2767675,0
test,4492,0.032564994,0
test,4493,0.094186924,0
test,4494,0.1034572,0
test,4495,0.03215148,0
test,4496,0.060376044,0
test,4497,0.22769839,0
test,4498,0.094405346,0
test,4499,0.009372801,0
test,4500,0.2681031,0
test,4501,0.78393656,0
test,4502,0.00024031913,0
test,4503,0.9261785,0
test,4504,0.00087658153,0
test,4505,0.012128017,0
test,4506,0.19327869,0
test,4507,0.115723744,0
test,4508,0.0020887305,0
test,4509,0.00035656526,0
test,4510,0.0030696634,0
test,4511,0.012796311,0
test,4512,0.123286925,0
test,4513,0.15874442,0
test,4514,0.0012683754,0
test,4515,0.108009614,0
test,4516,0.4621798,0
test,4517,0.45329797,0
test,4518,0.46225113,0
test,4519,0.00035903123,0
test,4520,0.20458604,0
test,4521,0.04224507,0
test,4522,0.0017666311,0
test,4523,0.01305754,0
test,4524,0.07083465,0
test,4525,0.00013426987,0
test,4526,0.36376044,0
test,4527,0.00068209483,0
test,4528,5.920911e-05,0
test,4529,0.34986284,0
test,4530,0.18746519,0
test,4531,1.5783751e-05,0
test,4532,0.106716484,0
test,4533,0.009709375,0
test,4534,0.6039997,0
test,4535,0.46182668,0
test,4536,0.05813799,0
test,4537,0.00866877,0
test,4538,0.07631104,0
test,4539,0.013176115,0
test,4540,0.18921542,1
test,4541,0.130061,0
test,4542,0.00023877474,0
test,4543,0.19117872,0
test,4544,0.35157928,0
test,4545,0.0041270284,0
test,4546,0.009258644,0
test,4547,0.00012891082,0
test,4548,0.1953639,0
test,4549,2.6909875e-05,0
test,4550,0.008747868,0
test,4551,0.22499646,0
test,4552,0.15686929,0
test,4553,0.0008141024,0
test,4554,1.1618674e-05,0
test,4555,0.08274551,0
test,4556,0.06389685,0
test,4557,0.0026361751,0
test,4558,0.1990915,0
test,4559,1.1371383e-05,0
test,4560,0.34741902,0
test,4561,0.4422711,0
test,4562,0.07783486,0
test,4563,0.069598,0
test,4564,0.07085676,0
test,4565,0.07119393,0
test,4566,0.040461708,0
test,4567,0.0003317328,0
test,4568,0.00052712404,0
test,4569,0.00016416622,0
test,4570,0.0049932455,0
test,4571,0.17953792,0
test,4572,0.18528268,0
test,4573,0.10380538,0
test,4574,0.10738095,0
test,4575,0.21756336,0
test,4576,0.5054642,0
test,4577,0.28242785,0
test,4578,0.03105367,0
test,4579,0.044489246,0
test,4580,0.00018843652,0
test,4581,0.09938114,0
test,4582,0.09055735,0
test,4583,0.28740054,0
test,4584,0.20809764,0
test,4585,0.0057668705,0
test,4586,0.30054957,0
test,4587,0.16998869,0
test,4588,0.082171775,0
test,4589,0.030640734,0
test,4590,7.927461e-05,0
test,4591,0.012762767,0
test,4592,0.00022218871,0
test,4593,0.22492689,0
test,4594,0.0018982377,0
test,4595,0.056226186,0
test,4596,0.0006432619,0
test,4597,0.1783799,0
test,4598,0.21791099,0
test,4599,0.17412426,0
test,4600,0.018638462,0
test,4601,0.01857981,0
test,4602,0.0064469054,0
test,4603,4.1830728e-05,0
test,4604,0.0020095787,0
test,4605,0.02106709,0
test,4606,0.017306387,0
test,4607,0.1556042,0
test,4608,0.00025713607,0
test,4609,0.062326826,0
test,4610,0.028191553,0
test,4611,0.0030068452,0
test,4612,0.0002445523,0
test,4613,0.09448355,0
test,4614,0.062132597,0
test,4615,0.75254387,0
test,4616,0.17917113,0
test,4617,0.007174898,0
test,4618,0.35810253,0
test,4619,0.34035805,0
test,4620,0.49300244,0
test,4621,0.23765835,0
test,4622,0.08814063,0
test,4623,0.00011199451,0
test,4624,1.44558535e-05,0
test,4625,0.0015492345,0
test,4626,0.005478323,0
test,4627,0.0040508276,0
test,4628,0.0015355686,0
test,4629,0.004483014,0
test,4630,0.008108854,0
test,4631,0.039883263,0
test,4632,0.0043985047,0
test,4633,0.40608668,0
test,4634,0.0016376199,0
test,4635,0.015315752,0
test,4636,0.40850696,0
test,4637,0.68271554,0
test,4638,2.1913853e-05,0
test,4639,0.2626432,0
test,4640,0.2637106,0
test,4641,0.022210814,0
test,4642,0.053143334,0
test,4643,0.000121442026,0
test,4644,0.045733187,0
test,4645,0.08696784,0
test,4646,0.26644585,0
test,4647,0.0010682701,0
test,4648,0.1273337,0
test,4649,8.491568e-05,0
test,4650,0.18343596,0
test,4651,0.06887056,0
test,4652,0.000116899835,0
test,4653,0.29264376,0
test,4654,0.0004174904,0
test,4655,0.06303295,0
test,4656,0.015745798,0
test,4657,0.0013723098,0
test,4658,0.09556192,0
test,4659,0.011336965,0
test,4660,0.0018256233,0
test,4661,0.12185032,0
test,4662,0.0015758931,0
test,4663,0.0123904925,0
test,4664,0.019043861,0
test,4665,0.00050456624,0
test,4666,0.0019578703,0
test,4667,0.030034026,0
test,4668,0.081587896,0
test,4669,0.46613333,0
test,4670,0.5840032,0
test,4671,0.00029103883,0
test,4672,0.0345338,0
test,4673,0.37370008,0
test,4674,0.0043447902,0
test,4675,0.4706472,0
test,4676,0.0012483735,0
test,4677,0.00050633686,0
test,4678,2.5115649e-05,0
test,4679,9.762577e-06,0
test,4680,0.0073783314,0
test,4681,0.14458913,0
test,4682,0.14476557,0
test,4683,0.21489777,0
test,4684,0.32991412,0
test,4685,0.1698102,0
test,4686,0.69143987,0
test,4687,0.05008201,0
test,4688,1.4992143e-05,0
test,4689,5.4304688e-05,0
test,4690,0.0010051362,0
test,4691,0.041047487,0
test,4692,0.06481919,0
test,4693,0.00013925778,0
test,4694,0.00020819271,0
test,4695,0.31588888,0
test,4696,0.15266886,0
test,4697,0.14291574,0
test,4698,0.0031933568,0
test,4699,0.002589755,0
test,4700,0.030424973,0
test,4701,0.014467133,0
test,4702,0.15961452,0
test,4703,0.0014617475,0
test,4704,0.08534493,0
test,4705,0.003246494,0
test,4706,0.0019101306,0
test,4707,0.012451195,0
test,4708,0.0037627139,0
test,4709,0.010210136,0
test,4710,0.004433295,0
test,4711,0.005287059,0
test,4712,0.0067702476,0
test,4713,0.0028835426,0
test,4714,0.019164007,0
test,4715,0.001556874,0
test,4716,0.6224356,0
test,4717,7.491571e-05,0
test,4718,0.022314595,0
test,4719,0.068316,0
test,4720,0.00024071676,0
test,4721,0.0050240573,0
test,4722,0.08668102,0
test,4723,0.19234043,0
test,4724,0.35784182,0
test,4725,0.7950327,0
test,4726,0.54696846,0
test,4727,0.010260601,0
test,4728,0.37831673,0
test,4729,0.00021890707,0
test,4730,0.01462306,0
test,4731,0.04083426,0
test,4732,0.6827971,0
test,4733,0.5482073,0
test,4734,0.0048057055,0
test,4735,0.0003473076,0
test,4736,0.068669565,0
test,4737,0.0031803816,0
test,4738,0.019554392,0
test,4739,0.011438536,0
test,4740,0.0014638591,0
test,4741,0.023980811,0
test,4742,0.37046316,0
test,4743,0.2267392,0
test,4744,0.0040269047,0
test,4745,0.0004254372,0
test,4746,0.02667013,0
test,4747,0.0004459088,0
test,4748,0.20819484,0
test,4749,0.00017490721,0
test,4750,0.17561857,0
test,4751,0.31615418,0
test,4752,0.023805058,0
test,4753,0.018209863,0
test,4754,0.0070195086,0
test,4755,0.015647592,0
test,4756,0.0013101585,0
test,4757,0.030013572,0
test,4758,0.021278076,0
test,4759,0.00052876555,0
test,4760,0.00019991833,0
test,4761,0.02651975,0
test,4762,0.3335374,0
test,4763,0.008482515,0
test,4764,0.089721724,0
test,4765,0.0002933692,0
test,4766,0.26285988,0
test,4767,2.9170665e-06,0
test,4768,0.02869578,0
test,4769,0.36311287,0
test,4770,0.012087111,0
test,4771,0.0028423718,0
test,4772,0.014672104,0
test,4773,4.4674685e-05,0
test,4774,4.328373e-05,0
test,4775,0.00062298146,0
test,4776,0.20244937,0
test,4777,2.2221082e-05,0
test,4778,0.26829475,0
test,4779,0.0007777842,0
test,4780,0.024268439,0
test,4781,0.0006605111,0
test,4782,0.0046978793,0
test,4783,0.00080441585,0
test,4784,0.20961732,0
test,4785,0.6357672,0
test,4786,0.003040345,0
test,4787,0.31313637,0
test,4788,0.000107642416,0
test,4789,0.0009083841,0
test,4790,0.14874968,0
test,4791,0.11085769,0
test,4792,0.26602247,0
test,4793,0.027072234,0
test,4794,0.007733994,0
test,4795,0.10039804,0
test,4796,0.01414237,0
test,4797,0.10010355,0
test,4798,0.0013778651,0
test,4799,0.24307679,0
test,4800,0.00019225336,0
test,4801,0.0008199187,0
test,4802,0.26053575,0
test,4803,0.0022641313,0
test,4804,0.10456771,0
test,4805,0.01956813,0
test,4806,0.000115324525,0
test,4807,0.01292852,0
test,4808,0.007054226,0
test,4809,0.12781356,0
test,4810,0.1506526,0
test,4811,0.13902876,0
test,4812,0.51295555,0
test,4813,0.012099463,0
test,4814,0.12075801,0
test,4815,0.6355386,0
test,4816,0.00016347719,0
test,4817,0.080127954,0
test,4818,0.023671603,0
test,4819,8.577345e-05,0
test,4820,0.0010712296,0
test,4821,0.00021157507,0
test,4822,0.02290956,0
test,4823,0.2826884,0
test,4824,0.23289394,0
test,4825,0.00033994284,0
test,4826,0.04069001,0
test,4827,6.057407e-05,0
test,4828,0.38483176,0
test,4829,0.000465599,0
test,4830,0.15885393,0
test,4831,8.222018e-05,0
test,4832,0.007015156,0
test,4833,0.3463651,0
test,4834,0.76767987,0
test,4835,0.075353965,0
test,4836,0.0034175206,0
test,4837,0.07660127,0
test,4838,2.6835072e-05,0
test,4839,0.014161058,0
test,4840,0.041559745,0
test,4841,0.06265449,0
test,4842,0.5117036,0
test,4843,0.0004281823,0
test,4844,0.0012301926,0
test,4845,0.008378128,0
test,4846,0.013321385,0
test,4847,0.00047222385,0
test,4848,2.3264538e-05,0
test,4849,0.04003111,0
test,4850,0.00044690113,0
test,4851,0.005694289,0
test,4852,0.0031545353,0
test,4853,0.092167765,0
test,4854,0.23001179,0
test,4855,0.40527636,0
test,4856,0.00012552051,0
test,4857,0.35206634,0
test,4858,0.06948253,0
test,4859,0.0031254916,0
test,4860,0.007843768,0
test,4861,0.029085046,0
test,4862,0.07642849,0
test,4863,0.06425937,0
test,4864,0.19128335,0
test,4865,0.0002497342,0
test,4866,0.00047706833,0
test,4867,0.0029994054,0
test,4868,0.7552466,0
test,4869,0.006240969,0
test,4870,0.43344688,0
test,4871,0.00086146634,0
test,4872,0.0015413866,0
test,4873,0.019802423,0
test,4874,0.121539794,0
test,4875,0.047464166,0
test,4876,0.00024022863,0
test,4877,0.0016125783,0
test,4878,0.01035179,0
test,4879,5.678318e-05,0
test,4880,0.5507325,0
test,4881,0.024287226,0
test,4882,0.12847306,0
test,4883,0.94666743,0
test,4884,0.6217164,0
test,4885,0.93048686,0
test,4886,0.9172997,0
test,4887,0.94764715,0
test,4888,0.9367194,0
test,4889,0.0041002524,0
test,4890,0.6107941,0
test,4891,0.0002639266,0
test,4892,0.0027284718,0
test,4893,0.0414376,0
test,4894,0.42784303,0
test,4895,0.0007748803,0
test,4896,0.5263505,0
test,4897,0.0029140813,0
test,4898,0.0007813914,0
test,4899,0.0389142,0
test,4900,0.015937801,0
test,4901,0.0034798025,0
test,4902,0.066410206,0
test,4903,7.758293e-05,0
test,4904,0.3310071,0
test,4905,0.687186,0
test,4906,0.0005258234,0
test,4907,0.09061744,0
test,4908,0.0014118933,0
test,4909,0.024883706,0
test,4910,0.032707207,0
test,4911,0.29461113,0
test,4912,0.04430867,0
test,4913,0.032290466,0
test,4914,0.3656931,0
test,4915,0.033061203,0
test,4916,6.7656656e-05,0
test,4917,0.0047642305,0
test,4918,0.0013225975,0
test,4919,0.31919336,0
test,4920,0.2119064,0
test,4921,0.001670234,0
test,4922,8.880596e-05,0
test,4923,0.53443986,0
test,4924,0.5823628,0
test,4925,0.56096196,0
test,4926,0.03205314,0
test,4927,0.5068692,0
test,4928,8.520341e-07,0
test,4929,0.0008871943,0
test,4930,0.35218748,0
test,4931,0.44337755,0
test,4932,0.00067721744,0
test,4933,3.2765292e-05,0
test,4934,1.4125618e-09,0
test,4935,1.6839869e-07,0
test,4936,7.988639e-07,0
test,4937,0.022596795,0
test,4938,0.06305377,0
test,4939,0.0010665384,0
test,4940,0.11967338,0
test,4941,0.0029380126,0
test,4942,0.001005483,0
test,4943,0.0018571527,0
test,4944,7.5884504e-06,0
test,4945,0.00010024212,0
test,4946,0.00010303626,0
test,4947,0.00021875394,0
test,4948,2.579058e-05,0
test,4949,0.00019116372,0
test,4950,0.00583917,0
test,4951,0.080709,0
test,4952,0.15184096,0
test,4953,5.0316557e-06,0
test,4954,0.004218451,0
test,4955,0.0018119885,0
test,4956,0.48338923,0
test,4957,8.862577e-06,0
test,4958,1.5311982e-05,0
test,4959,6.183771e-06,0
test,4960,1.2708919e-06,0
test,4961,0.003372978,0
test,4962,0.0049439236,0
test,4963,1.9062212e-05,0
test,4964,0.0070082406,0
test,4965,4.4856675e-05,0
test,4966,1.3314515e-06,0
test,4967,2.3259154e-06,0
test,4968,3.9193e-06,0
test,4969,3.208629e-05,0
test,4970,0.0014510213,0
test,4971,0.00072926324,0
test,4972,0.17315626,0
test,4973,0.21001792,0
test,4974,0.0035611652,0
test,4975,0.25808612,0
test,4976,0.09019014,0
test,4977,0.00024723148,0
test,4978,0.24851474,0
test,4979,0.1425925,0
test,4980,0.002085592,0
test,4981,0.00011620543,0
test,4982,0.37183037,0
test,4983,0.05297171,0
test,4984,0.12861711,0
test,4985,0.00048396992,0
test,4986,0.46107632,0
test,4987,0.7486204,0
test,4988,0.00037754833,0
test,4989,0.00025559228,0
test,4990,0.0018575151,0
test,4991,0.055112366,0
test,4992,0.23997192,0
test,4993,0.0004977069,0
test,4994,0.00020033277,0
test,4995,0.7996548,0
test,4996,1.8236408e-07,0
test,4997,0.0025101977,0
test,4998,0.21577129,0
test,4999,0.1035063,0
test,5000,0.0036767342,0
test,5001,0.003642434,0
test,5002,0.11166295,0
test,5003,0.026904698,0
test,5004,7.76537e-05,0
test,5005,0.5726326,0
test,5006,0.0045737512,0
test,5007,0.015328973,0
test,5008,2.4804262e-05,0
test,5009,6.5672975e-05,0
test,5010,0.010570698,0
test,5011,5.8743324e-05,0
test,5012,0.042687196,0
test,5013,0.018028716,0
test,5014,0.0011874512,0
test,5015,0.06993241,0
test,5016,0.0001162256,0
test,5017,0.00070243515,0
test,5018,0.00011886786,0
test,5019,0.0002059581,0
test,5020,0.007964727,0
test,5021,0.31032303,0
test,5022,0.9445633,0
test,5023,0.046100155,0
test,5024,9.607705e-06,0
test,5025,0.0010903883,0
test,5026,0.084554985,0
test,5027,0.0014986563,0
test,5028,0.00016796525,0
test,5029,0.29808247,0
test,5030,0.0016034617,0
test,5031,0.00086895906,0
test,5032,0.006316468,0
test,5033,0.007834731,0
test,5034,0.69481844,0
test,5035,0.033055816,0
test,5036,0.047922127,0
test,5037,0.077330574,0
test,5038,0.008521836,0
test,5039,0.0064898925,0
test,5040,0.029762449,0
test,5041,0.013229044,0
test,5042,1.0651883e-05,0
test,5043,0.0007558125,0
test,5044,0.16643184,0
test,5045,0.12133005,0
test,5046,0.27555904,0
test,5047,0.0036253936,0
test,5048,0.022657504,0
test,5049,0.006811188,0
test,5050,0.0004111692,0
test,5051,0.93808687,0
test,5052,0.0005852269,0
test,5053,0.00028330015,0
test,5054,8.764698e-05,0
test,5055,0.51710397,0
test,5056,0.0077609993,0
test,5057,0.259732,0
test,5058,2.8477365e-05,0
test,5059,0.25335518,0
test,5060,0.1670787,0
test,5061,0.00029290945,0
test,5062,5.8370977e-05,0
test,5063,0.0015856698,0
test,5064,0.6880342,0
test,5065,0.00023739615,0
test,5066,0.4295483,0
test,5067,0.35998106,0
test,5068,0.10608134,0
test,5069,0.5951178,0
test,5070,0.051464666,0
test,5071,0.532319,0
test,5072,0.0014021838,0
test,5073,0.0027052641,0
test,5074,0.056392457,0
test,5075,0.00020249054,0
test,5076,0.003311204,0
test,5077,0.005201719,0
test,5078,0.0051129926,0
test,5079,0.017356053,0
test,5080,0.40552324,0
test,5081,0.37889138,0
test,5082,0.0007575153,0
test,5083,0.5435805,0
test,5084,0.06387,0
test,5085,0.0029397223,0
test,5086,4.479781e-05,0
test,5087,0.09365266,0
test,5088,0.008719092,0
test,5089,0.0038089664,0
test,5090,0.0020403068,0
test,5091,0.00031337913,0
test,5092,0.008485411,0
test,5093,0.09892184,0
test,5094,0.10175322,0
test,5095,0.10732033,0
test,5096,0.00063040777,0
test,5097,0.04319767,0
test,5098,0.15684557,0
test,5099,0.6449206,0
test,5100,0.00064867275,0
test,5101,0.47913605,0
test,5102,0.0085740555,0
test,5103,0.07898562,0
test,5104,0.45958656,0
test,5105,0.05332227,0
test,5106,0.12419158,0
test,5107,0.04906054,0
test,5108,0.04384374,0
test,5109,6.857395e-05,0
test,5110,0.0057729045,0
test,5111,0.00012627503,0
test,5112,0.22800408,0
test,5113,0.0038801613,0
test,5114,0.044716842,0
test,5115,0.0056302417,0
test,5116,0.0064014876,0
test,5117,2.0210078e-05,0
test,5118,7.2809395e-05,0
test,5119,0.00012748099,0
test,5120,0.00017846691,0
test,5121,9.241242e-05,0
test,5122,0.0015213737,0
test,5123,0.44074318,0
test,5124,0.8079784,0
test,5125,2.0772035e-05,0
test,5126,0.0019561194,0
test,5127,0.006389295,0
test,5128,6.718898e-06,0
test,5129,0.0048989533,0
test,5130,0.46864778,0
test,5131,0.1131159,0
test,5132,0.00022606376,0
test,5133,0.012916204,0
test,5134,0.1501574,0
test,5135,0.1981976,0
test,5136,0.22468309,0
test,5137,0.0040050093,0
test,5138,0.04646764,0
test,5139,0.28759414,0
test,5140,0.0052354066,0
test,5141,0.06759614,0
test,5142,0.002474306,0
test,5143,0.011910582,0
test,5144,0.000125238,0
test,5145,0.34306082,0
test,5146,0.63649344,0
test,5147,0.07536795,0
test,5148,0.019749269,0
test,5149,0.01362871,0
test,5150,0.03145093,0
test,5151,0.0007655202,0
test,5152,0.0013482635,0
test,5153,0.20655534,0
test,5154,0.0025188497,0
test,5155,0.17856093,0
test,5156,0.09559373,0
test,5157,0.00013268516,0
test,5158,0.19079208,0
test,5159,0.010528917,0
test,5160,0.00022010504,0
test,5161,0.00016316464,0
test,5162,0.36327022,0
test,5163,0.05043763,0
test,5164,0.0070819287,0
test,5165,0.00033499068,0
test,5166,0.38624534,0
test,5167,0.008332003,0
test,5168,0.003065375,0
test,5169,0.008012096,0
test,5170,0.002218963,0
test,5171,0.7173379,0
test,5172,0.45269376,0
test,5173,0.00018375603,0
test,5174,8.891019e-05,0
test,5175,0.0002280609,0
test,5176,0.008654366,0
test,5177,0.11125816,0
test,5178,0.00072685326,0
test,5179,0.1250701,0
test,5180,0.001094349,0
test,5181,5.5512635e-05,0
test,5182,0.00076378015,0
test,5183,0.0032172534,0
test,5184,0.4163579,0
test,5185,0.0013409929,0
test,5186,0.0008476255,0
test,5187,0.83922946,0
test,5188,0.060593307,0
test,5189,0.020008516,0
test,5190,0.8040397,0
test,5191,0.3418498,0
test,5192,0.63442147,0
test,5193,0.00015578409,0
test,5194,0.56581163,0
test,5195,0.5724995,0
test,5196,0.0015625271,0
test,5197,0.3237776,0
test,5198,0.05805198,0
test,5199,0.0060726795,0
test,5200,9.19099e-05,0
test,5201,0.534683,0
test,5202,0.29768252,0
test,5203,0.087372154,0
test,5204,0.19204316,0
test,5205,0.0017068108,0
test,5206,7.141131e-05,0
test,5207,0.0048046745,0
test,5208,0.010195678,0
test,5209,0.004881219,0
test,5210,0.0015989123,0
test,5211,0.25376803,0
test,5212,0.00024489153,0
test,5213,0.0007989351,0
test,5214,0.01708719,0
test,5215,0.00040807205,0
test,5216,0.31548706,0
test,5217,0.16664314,0
test,5218,0.0031754754,0
test,5219,0.0023874782,0
test,5220,0.18343951,0
test,5221,0.5338305,0
test,5222,0.0006162115,0
test,5223,0.00016287566,0
test,5224,0.68609095,0
test,5225,0.008938655,0
test,5226,0.00022259455,0
test,5227,0.0029443847,0
test,5228,0.23930581,0
test,5229,0.4553751,0
test,5230,0.18824196,0
test,5231,0.023177039,0
test,5232,0.00029254775,0
test,5233,0.21026826,0
test,5234,0.5800824,0
test,5235,0.041011497,0
test,5236,0.70008457,0
test,5237,0.00046138308,0
test,5238,0.4352797,0
test,5239,0.0006502301,0
test,5240,5.5291108e-05,0
test,5241,0.00044233885,0
test,5242,0.23136206,0
test,5243,0.00010684477,0
test,5244,0.44254425,0
test,5245,0.1773761,0
test,5246,0.00059802237,0
test,5247,0.044152103,0
test,5248,0.012477032,0
test,5249,0.21569034,0
test,5250,0.0012626235,0
test,5251,0.40424228,0
test,5252,0.32863805,0
test,5253,0.0005699505,0
test,5254,0.45595175,0
test,5255,0.29380116,0
test,5256,0.023128238,0
test,5257,0.57050997,0
test,5258,0.0027110337,0
test,5259,0.39909187,0
test,5260,0.5983983,0
test,5261,0.008736604,0
test,5262,0.00015513376,0
test,5263,0.010891739,0
test,5264,0.08358274,0
test,5265,0.0014215554,0
test,5266,0.20483136,0
test,5267,0.01548374,0
test,5268,0.0029532856,0
test,5269,0.004751286,0
test,5270,0.0042047305,0
test,5271,2.3305218e-05,0
test,5272,0.00010517983,0
test,5273,0.00014108137,0
test,5274,1.728915e-05,0
test,5275,0.7699768,0
test,5276,0.6586305,0
test,5277,0.6530858,0
test,5278,0.0032282942,0
test,5279,0.011276894,0
test,5280,0.009513522,0
test,5281,0.5313077,0
test,5282,0.2357884,0
test,5283,0.0009932804,0
test,5284,0.0030456756,0
test,5285,0.00041749937,0
test,5286,0.005075114,0
test,5287,0.0013122803,0
test,5288,0.0041468283,0
test,5289,0.3619093,0
test,5290,0.22463861,0
test,5291,0.028392369,0
test,5292,0.7053168,0
test,5293,0.15009558,0
test,5294,0.5086038,0
test,5295,0.016960472,0
test,5296,0.57145727,0
test,5297,0.3562154,0
test,5298,0.025752386,0
test,5299,0.0011869541,0
test,5300,0.0012047739,0
test,5301,0.08968838,0
test,5302,0.06350028,0
test,5303,0.00020955474,0
test,5304,0.3630178,0
test,5305,0.4368212,0
test,5306,0.009352483,0
test,5307,0.0048436327,0
test,5308,0.054001275,0
test,5309,0.6081786,0
test,5310,0.19377463,0
test,5311,0.0023144665,0
test,5312,0.5249089,0
test,5313,0.0016599311,0
test,5314,0.023225991,0
test,5315,0.0007293515,0
test,5316,0.00522972,0
test,5317,0.0035511453,0
test,5318,0.00773563,0
test,5319,0.5514498,0
test,5320,0.09014615,0
test,5321,0.018116757,0
test,5322,0.22836412,0
test,5323,0.3747368,0
test,5324,0.3290882,0
test,5325,0.41937613,0
test,5326,0.00013509888,0
test,5327,0.0011327486,0
test,5328,0.081181675,0
test,5329,0.0052189482,0
test,5330,0.0020317363,0
test,5331,0.00024178404,0
test,5332,0.00031510092,0
test,5333,0.0010106113,0
test,5334,0.022539927,0
test,5335,0.0004088608,0
test,5336,0.05375672,0
test,5337,0.23783997,0
test,5338,0.0062039616,0
test,5339,0.7109177,0
test,5340,0.005899335,0
test,5341,0.022950742,0
test,5342,0.64624,0
test,5343,0.0012758189,0
test,5344,0.17393573,0
test,5345,0.040550813,0
test,5346,0.016943106,0
test,5347,0.020048203,0
test,5348,0.00012188822,0
test,5349,0.0143244285,0
test,5350,0.00037903228,0
test,5351,0.23138249,0
test,5352,0.09859049,0
test,5353,0.0072567984,0
test,5354,0.7127339,0
test,5355,0.052285507,0
test,5356,0.89145803,0
test,5357,0.2642184,0
test,5358,0.0019751426,0
test,5359,0.0087883165,0
test,5360,0.57197934,0
test,5361,0.23436126,0
test,5362,0.0036128827,0
test,5363,0.21261153,0
test,5364,0.5716146,0
test,5365,0.0036190262,0
test,5366,0.00035285717,0
test,5367,0.5688244,0
test,5368,0.29338387,0
test,5369,0.0025786224,0
test,5370,0.052823666,0
test,5371,0.24189964,0
test,5372,0.23470269,0
test,5373,0.003555677,0
test,5374,0.001263468,0
test,5375,0.76550704,0
test,5376,0.009293639,0
test,5377,0.8348376,0
test,5378,0.0025450874,0
test,5379,0.0001229179,0
test,5380,0.41662043,0
test,5381,0.01493867,0
test,5382,0.00016725328,0
test,5383,0.052072708,0
test,5384,0.0059087663,0
test,5385,0.0066077258,0
test,5386,0.007701111,0
test,5387,0.0023998441,0
test,5388,0.0030985288,0
test,5389,0.0010118497,0
test,5390,0.00060888234,0
test,5391,0.52177614,0
test,5392,0.014159847,0
test,5393,0.006374802,0
test,5394,0.39340356,0
test,5395,0.3462942,0
test,5396,0.00022448483,0
test,5397,0.43230125,0
test,5398,0.0074394206,0
test,5399,0.12500124,0
test,5400,0.1964762,0
test,5401,0.1713511,0
test,5402,0.3218723,0
test,5403,0.2624372,0
test,5404,0.000456424,0
test,5405,0.004241758,0
test,5406,0.19864379,0
test,5407,2.3959446e-05,0
test,5408,0.0014410322,0
test,5409,0.012833931,0
test,5410,0.18152995,0
test,5411,0.0075236233,0
test,5412,0.111470096,0
test,5413,0.067850985,0
test,5414,0.66261417,0
test,5415,0.07569748,0
test,5416,0.001128778,0
test,5417,0.037602536,0
test,5418,0.0011940503,0
test,5419,0.00012794924,0
test,5420,0.003076848,0
test,5421,0.00064407906,0
test,5422,0.50746906,0
test,5423,0.022826226,0
test,5424,0.031438224,0
test,5425,0.00018674784,0
test,5426,0.056217596,0
test,5427,0.22811514,0
test,5428,0.07236534,0
test,5429,0.004377624,0
test,5430,0.0016883854,0
test,5431,0.48425892,0
test,5432,0.018079845,0
test,5433,0.01575818,0
test,5434,0.015121409,0
test,5435,0.0011820281,0
test,5436,0.5178064,0
test,5437,0.61883295,0
test,5438,0.57419336,0
test,5439,0.009708073,0
test,5440,0.016770495,0
test,5441,0.0010467876,0
test,5442,0.0001806908,0
test,5443,0.10779363,0
test,5444,0.45458797,0
test,5445,0.08188839,0
test,5446,0.023550032,0
test,5447,0.48247156,0
test,5448,0.17892829,0
test,5449,0.00241447,0
test,5450,0.010800563,0
test,5451,7.1563136e-06,0
test,5452,0.0051695067,0
test,5453,0.6296848,0
test,5454,0.002374565,0
test,5455,0.014992346,0
test,5456,0.0046677976,0
test,5457,0.0017837102,0
test,5458,0.002083181,0
test,5459,0.008372761,0
test,5460,0.49746263,0
test,5461,0.32685393,0
test,5462,0.0011527527,0
test,5463,0.005957157,0
test,5464,0.00129024,0
test,5465,0.0010863013,0
test,5466,0.04560755,0
test,5467,0.31683376,1
test,5468,0.44841483,1
test,5469,0.42202327,0
test,5470,0.850948,1
test,5471,0.29313356,1
test,5472,0.87183946,0
test,5473,0.2837894,1
test,5474,0.7440976,0
test,5475,0.833259,1
test,5476,0.65567446,0
test,5477,0.6041832,0
test,5478,0.8138359,0
test,5479,0.23909386,1
test,5480,0.81699383,0
test,5481,0.6570112,1
test,5482,0.644819,1
test,5483,0.73400456,0
test,5484,0.87626064,1
test,5485,0.5893129,1
test,5486,0.48030987,1
test,5487,0.71916425,1
test,5488,0.1494985,1
test,5489,0.7248773,1
test,5490,0.7477324,1
test,5491,0.08358231,0
test,5492,0.8576676,1
test,5493,0.74447155,0
test,5494,0.5346882,0
test,5495,0.56317323,0
test,5496,0.8024662,0
test,5497,0.4549918,1
test,5498,0.76559246,0
test,5499,0.48715237,1
test,5500,0.80174464,0
test,5501,0.76649225,0
test,5502,0.84212697,1
test,5503,0.79839593,1
test,5504,0.8093655,1
test,5505,0.82823557,0
test,5506,0.8047317,1
test,5507,0.80042714,0
test,5508,0.74880767,1
test,5509,0.14132749,1
test,5510,0.8494807,1
test,5511,0.17729092,0
test,5512,0.6994401,0
test,5513,0.6054809,1
test,5514,0.5614071,0
test,5515,0.6609963,0
test,5516,0.688174,1
test,5517,0.5936302,1
test,5518,0.67295635,0
test,5519,0.31521258,0
test,5520,0.06772486,0
test,5521,0.39338225,0
test,5522,0.57595575,1
test,5523,0.4054568,0
test,5524,0.59511524,0
test,5525,0.6755968,1
test,5526,0.684402,1
test,5527,0.15938134,0
test,5528,0.60433215,1
test,5529,0.02769294,0
test,5530,0.2681832,0
test,5531,0.7867837,1
test,5532,0.35126424,1
test,5533,0.69593775,0
test,5534,0.98140246,1
test,5535,0.0027813152,0
test,5536,0.9776538,1
test,5537,0.8285481,1
test,5538,0.98992616,1
test,5539,0.98644656,1
test,5540,0.61656445,1
test,5541,0.9912245,1
test,5542,0.6625527,0
test,5543,0.9848391,1
test,5544,0.43861493,1
test,5545,0.27760345,0
test,5546,0.3025238,0
test,5547,0.0013272254,0
test,5548,0.5979189,0
test,5549,0.5980578,0
test,5550,0.42785612,0
test,5551,0.053919483,0
test,5552,0.8216342,1
test,5553,0.054893363,0
test,5554,0.6917324,1
test,5555,0.10157865,1
test,5556,0.70041054,1
test,5557,0.6493598,1
test,5558,0.72105753,1
test,5559,0.2241763,0
test,5560,0.74152094,1
test,5561,0.7118329,1
test,5562,0.7499329,1
test,5563,0.366007,0
test,5564,0.0031426684,0
test,5565,0.2079639,0
test,5566,0.16883032,0
test,5567,0.017376868,0
test,5568,0.33967492,0
test,5569,0.764109,1
test,5570,0.7898401,1
test,5571,0.70959795,1
test,5572,0.02332575,0
test,5573,0.04038157,0
test,5574,0.055130303,1
test,5575,0.06549019,0
test,5576,1.2867355e-05,0
test,5577,0.19627804,0
test,5578,0.013311098,0
test,5579,0.00016739208,0
test,5580,0.0010838235,0
test,5581,0.02186838,0
test,5582,0.011751788,0
test,5583,0.21544524,1
test,5584,0.009348168,0
test,5585,0.10138118,0
test,5586,0.07867497,0
test,5587,0.40686625,0
test,5588,0.47743535,1
test,5589,0.5884249,0
test,5590,0.101685055,0
test,5591,0.3379533,0
test,5592,0.040997468,0
test,5593,0.0111214,0
test,5594,0.031127123,0
test,5595,0.0033367195,0
test,5596,0.045077287,0
test,5597,0.3571072,0
test,5598,0.46298605,0
test,5599,0.05067436,0
test,5600,1.5944936e-05,0
test,5601,0.094949774,0
test,5602,0.012822735,0
test,5603,0.084007606,0
test,5604,0.680475,1
test,5605,0.00037552774,0
test,5606,0.046091903,0
test,5607,0.20311801,0
test,5608,0.0011039427,0
test,5609,0.25676703,0
test,5610,0.42398578,1
test,5611,0.15861948,0
test,5612,0.1744669,0
test,5613,0.54455066,0
test,5614,0.12293928,0
test,5615,0.02033114,0
test,5616,0.36982766,0
test,5617,0.34658477,0
test,5618,0.4255864,0
test,5619,0.13010357,1
test,5620,0.19479713,0
test,5621,0.051197983,0
test,5622,0.3230334,0
test,5623,0.42832366,0
test,5624,0.38786125,0
test,5625,0.014383127,1
test,5626,0.78015435,1
test,5627,0.7763957,0
test,5628,0.7649632,1
test,5629,0.034613244,0
test,5630,0.5029511,0
test,5631,0.44534522,0
test,5632,0.332867,0
test,5633,0.0003288745,0
test,5634,0.040260814,0
test,5635,0.2675497,0
test,5636,0.62279433,1
test,5637,0.5989261,1
test,5638,0.5203038,1
test,5639,0.6929141,1
test,5640,0.0009998897,0
test,5641,0.757195,1
test,5642,0.6757504,1
test,5643,0.77194715,1
test,5644,0.49788514,1
test,5645,0.010041376,0
test,5646,0.0013502449,0
test,5647,0.0041559734,0
test,5648,0.6700964,1
test,5649,0.40897363,0
test,5650,0.72351897,1
test,5651,0.629527,1
test,5652,0.5912669,1
test,5653,0.6360922,1
test,5654,0.7238142,1
test,5655,0.68623257,1
test,5656,0.5912121,1
test,5657,0.5826658,1
test,5658,0.73297465,1
test,5659,0.6986388,1
test,5660,0.6985785,1
test,5661,0.22028401,0
test,5662,0.023079546,0
test,5663,0.026600821,0
test,5664,0.8512914,1
test,5665,0.0035359852,0
test,5666,0.22756052,1
test,5667,0.00015496051,0
test,5668,0.08975521,1
test,5669,0.6820675,1
test,5670,0.5067036,0
test,5671,0.5282687,1
test,5672,0.7563528,1
test,5673,0.5777937,0
test,5674,0.0032532935,0
test,5675,0.5072936,1
test,5676,0.05758371,0
test,5677,0.060845844,0
test,5678,0.026050815,0
test,5679,0.0486584,0
test,5680,0.025519395,0
test,5681,0.0011479333,0
test,5682,0.06359046,0
test,5683,0.6028961,1
test,5684,0.0031996123,0
test,5685,0.06736386,0
test,5686,0.41751608,1
test,5687,0.48584342,1
test,5688,0.4366038,0
test,5689,0.4182257,0
test,5690,0.45477667,1
test,5691,0.4662937,1
test,5692,0.01288401,0
test,5693,0.85653555,1
test,5694,0.0014745593,0
test,5695,0.09633043,0
test,5696,0.041125167,1
test,5697,0.40659297,0
test,5698,0.12715575,0
test,5699,0.8820143,1
test,5700,0.11435302,0
test,5701,0.009742387,0
test,5702,0.42346808,0
test,5703,0.38492557,0
test,5704,0.24433404,0
test,5705,0.00070251786,0
test,5706,0.27573043,1
test,5707,0.08590705,0
test,5708,0.81680775,0
test,5709,0.2039422,0
test,5710,0.0027496726,0
test,5711,0.042740174,0
test,5712,0.071898475,1
test,5713,0.214298,1
test,5714,0.3015816,0
test,5715,0.008162388,0
test,5716,0.53536814,1
test,5717,0.051886946,0
test,5718,0.013057941,0
test,5719,0.65975,1
test,5720,0.5035659,1
test,5721,0.6060668,1
test,5722,0.78940403,0
test,5723,0.5769805,0
test,5724,0.52591634,1
test,5725,0.5521111,0
test,5726,0.37855142,0
test,5727,0.033289112,0
test,5728,0.15958452,1
test,5729,0.53036416,1
test,5730,0.44457504,0
test,5731,0.09106193,0
test,5732,0.2314801,0
test,5733,0.023884477,0
test,5734,0.011926514,0
test,5735,0.2813006,0
test,5736,0.03481095,0
test,5737,0.46870118,0
test,5738,0.42419505,0
test,5739,0.001694545,0
test,5740,0.2266075,0
test,5741,0.7828867,1
test,5742,0.031258274,0
test,5743,0.011736944,0
test,5744,0.87620664,1
test,5745,0.8935409,0
test,5746,0.8715942,1
test,5747,0.16933423,0
test,5748,0.7678698,0
test,5749,7.53228e-05,0
test,5750,0.00086502713,0
test,5751,0.00022758801,0
test,5752,0.0153691815,0
test,5753,0.002250517,0
test,5754,0.6750736,1
test,5755,0.22903883,0
test,5756,0.30273616,0
test,5757,0.00019781794,0
test,5758,0.4425509,1
test,5759,0.13979378,0
test,5760,0.17451832,1
test,5761,0.121298365,0
test,5762,0.7455613,0
test,5763,0.06411465,0
test,5764,0.41363224,0
test,5765,0.10480756,0
test,5766,0.16724241,0
test,5767,0.20890658,1
test,5768,0.75203913,0
test,5769,0.580263,1
test,5770,0.994181,1
test,5771,0.9892826,1
test,5772,0.9924235,1
test,5773,0.9939467,1
test,5774,0.9947295,1
test,5775,0.9924162,1
test,5776,0.9893104,1
test,5777,0.99110913,1
test,5778,0.9897562,1
test,5779,0.99344605,1
test,5780,0.99225384,1
test,5781,0.20621282,1
test,5782,0.5209316,0
test,5783,0.11414641,0
test,5784,0.0005003234,0
test,5785,0.00069293147,0
test,5786,0.0042955806,0
test,5787,0.015138996,0
test,5788,0.34105217,1
test,5789,0.05823535,0
test,5790,0.0052381414,0
test,5791,0.2660578,0
test,5792,0.29302004,0
test,5793,0.70040107,0
test,5794,0.0011890138,0
test,5795,0.0033615779,0
test,5796,0.0008566949,0
test,5797,0.6530632,0
test,5798,0.60029954,0
test,5799,0.0028934197,0
test,5800,0.024538143,0
test,5801,0.012924845,0
test,5802,0.026020119,0
test,5803,0.00095020974,0
test,5804,0.7176739,0
test,5805,0.14319323,0
test,5806,0.38179526,0
test,5807,0.010760807,0
test,5808,0.12712805,0
test,5809,0.071877025,0
test,5810,0.13157783,0
test,5811,0.0072287587,0
test,5812,0.00511502,0
test,5813,0.05684163,0
test,5814,0.0013791305,0
test,5815,0.11788559,0
test,5816,0.65238655,0
test,5817,0.6087567,1
test,5818,0.2631224,0
test,5819,0.0002902433,0
test,5820,0.0041550063,0
test,5821,0.08306063,0
test,5822,0.0011802315,0
test,5823,0.5406741,1
test,5824,0.19231632,1
test,5825,0.54317117,0
test,5826,0.9991113,1
test,5827,0.0012279033,0
test,5828,0.9994473,1
test,5829,0.9995152,1
test,5830,0.004649567,0
test,5831,0.99923867,1
test,5832,0.024675364,0
test,5833,0.0016518355,0
test,5834,0.0020885088,0
test,5835,0.47271758,0
test,5836,0.59444094,1
test,5837,0.50630796,0
test,5838,0.14077309,1
test,5839,0.38429767,0
test,5840,0.050432056,0
test,5841,0.0008393971,0
test,5842,0.29353783,0
test,5843,0.0019208366,0
test,5844,0.0011488751,0
test,5845,0.026018841,0
test,5846,0.022164917,0
test,5847,0.021548918,0
test,5848,0.0029146026,0
test,5849,0.017273486,0
test,5850,0.36594883,0
test,5851,0.0004177388,0
test,5852,0.0028642076,0
test,5853,0.07262731,0
test,5854,0.2598523,0
test,5855,0.42448676,0
test,5856,0.15263504,0
test,5857,0.73202646,0
test,5858,0.25043657,0
test,5859,0.17561795,0
test,5860,0.43732727,0
test,5861,0.352294,0
test,5862,0.20642874,0
test,5863,0.0066614104,0
test,5864,0.24790032,0
test,5865,0.43240923,0
test,5866,0.36285904,0
test,5867,0.011397813,0
test,5868,0.33525026,1
test,5869,0.27727678,0
test,5870,0.14605474,0
test,5871,0.17079636,1
test,5872,0.043488286,0
test,5873,0.7671155,0
test,5874,0.1391181,1
test,5875,0.7643892,0
test,5876,0.13108507,0
test,5877,0.36425072,0
test,5878,0.027014088,1
test,5879,0.37865996,0
test,5880,0.77870744,0
test,5881,0.034781747,0
test,5882,0.7372771,0
test,5883,0.7061776,0
test,5884,0.7447555,1
test,5885,0.02068776,0
test,5886,0.7184936,0
test,5887,0.7385622,0
test,5888,0.008755558,1
test,5889,0.0015768298,0
test,5890,0.021652235,0
test,5891,0.4125062,1
test,5892,0.33697048,0
test,5893,0.7175822,0
test,5894,0.99855095,1
test,5895,0.002125316,0
test,5896,0.9991741,1
test,5897,0.9995419,1
test,5898,0.9990247,1
test,5899,0.72823966,1
test,5900,0.2523791,0
test,5901,0.72034925,1
test,5902,0.5747098,0
test,5903,0.34859803,0
test,5904,0.18566006,0
test,5905,0.1810199,0
test,5906,0.71446335,0
test,5907,0.002528265,0
test,5908,0.30300173,0
test,5909,0.0012714458,0
test,5910,0.5948615,0
test,5911,0.02258224,0
test,5912,0.80317515,1
test,5913,0.26660106,0
test,5914,0.6834576,1
test,5915,0.36170414,0
test,5916,0.7026818,0
test,5917,0.16533113,1
test,5918,0.0008499669,0
test,5919,0.13098861,1
test,5920,0.0007098206,0
test,5921,0.3160221,0
test,5922,0.004636522,0
test,5923,0.9862573,1
test,5924,0.35241452,1
test,5925,0.12797467,1
test,5926,0.057973664,1
test,5927,0.22252822,0
test,5928,0.2856363,0
test,5929,0.21442766,0
test,5930,0.0016951469,0
test,5931,0.9113065,1
test,5932,0.9918555,1
test,5933,0.39891678,1
test,5934,0.020529259,0
test,5935,0.12551226,1
test,5936,0.9989929,1
test,5937,2.7358565e-05,0
test,5938,0.06360855,0
test,5939,0.325592,0
test,5940,0.3329135,0
test,5941,0.32303277,0
test,5942,0.011135279,0
test,5943,0.9183483,0
test,5944,0.33220974,0
test,5945,0.2638757,0
test,5946,0.8847145,1
test,5947,0.5538416,0
test,5948,0.2061391,0
test,5949,0.44959614,0
test,5950,0.7509576,0
test,5951,0.0098224655,0
test,5952,0.0021535777,0
test,5953,0.8442261,0
test,5954,0.01217922,0
test,5955,0.00719118,0
test,5956,0.77040136,0
test,5957,0.39512867,0
test,5958,0.03730432,0
test,5959,0.0010241952,0
test,5960,0.21686436,0
test,5961,0.0015709791,0
test,5962,0.020130133,0
test,5963,0.5700133,1
test,5964,0.00019958842,0
test,5965,0.24913399,0
test,5966,0.014485911,0
test,5967,0.012864619,0
test,5968,0.003435391,0
test,5969,0.29735428,1
test,5970,0.00090973795,0
test,5971,0.15848866,0
test,5972,0.027559213,0
test,5973,0.7646655,0
test,5974,0.21295206,0
test,5975,0.040068652,0
test,5976,0.0009619532,0
test,5977,0.0026622838,0
test,5978,0.91368806,0
test,5979,0.0008017657,0
test,5980,0.8627208,0
test,5981,0.122138746,0
test,5982,0.1645914,0
test,5983,0.05821546,0
test,5984,0.12618579,0
test,5985,0.102194265,0
test,5986,0.07387493,0
test,5987,0.0013354811,0
test,5988,0.028748963,0
test,5989,0.010789665,0
test,5990,0.8269191,1
test,5991,0.7401031,0
test,5992,0.487707,1
test,5993,0.01905806,0
test,5994,0.17007127,0
test,5995,0.5785929,0
test,5996,0.19734734,0
test,5997,0.70939076,0
test,5998,0.98357,1
test,5999,0.32677588,0
test,6000,0.3037364,0
test,6001,0.23418964,0
test,6002,0.18158175,0
test,6003,0.64185816,0
test,6004,0.25656867,0
test,6005,0.6506996,0
test,6006,0.9913452,1
test,6007,0.9883149,1
test,6008,0.21187486,0
test,6009,0.99033123,1
test,6010,0.29260802,0
test,6011,0.61382544,0
test,6012,0.99315125,1
test,6013,0.66215086,0
test,6014,0.99049,1
test,6015,0.98634243,1
test,6016,0.9874783,1
test,6017,0.6764081,0
test,6018,0.9890742,1
test,6019,0.30029866,0
test,6020,0.3192933,0
test,6021,0.34265074,1
test,6022,0.25790316,0
test,6023,0.13727312,0
test,6024,0.0006390456,0
test,6025,0.2696011,1
test,6026,0.0010345072,0
test,6027,0.010798576,0
test,6028,0.005570405,0
test,6029,0.19769888,0
test,6030,0.30879527,0
test,6031,0.8705186,1
test,6032,0.055298716,0
test,6033,0.90315026,0
test,6034,0.0026259758,0
test,6035,0.012961111,0
test,6036,0.6759548,0
test,6037,0.0010006921,0
test,6038,0.3728308,0
test,6039,0.0056467373,0
test,6040,0.66980445,0
test,6041,0.7315,0
test,6042,0.048170317,0
test,6043,0.29174873,0
test,6044,0.005543883,0
test,6045,0.36964533,0
test,6046,0.21485098,0
test,6047,0.60542077,1
test,6048,9.021637e-05,0
test,6049,0.8259073,1
test,6050,0.006727595,0
test,6051,0.0013894412,0
test,6052,0.49041063,1
test,6053,0.00037853594,0
test,6054,0.5200273,1
test,6055,0.7518193,0
test,6056,0.0060927467,0
test,6057,0.009039164,0
test,6058,0.712587,0
test,6059,0.023314733,0
test,6060,0.00041288388,0
test,6061,0.34820464,0
test,6062,0.0014070603,0
test,6063,0.28435537,0
test,6064,0.018703464,0
test,6065,0.44786555,0
test,6066,0.17811124,0
test,6067,0.013536196,0
test,6068,0.0029462033,0
test,6069,0.8264039,0
test,6070,0.022482993,0
test,6071,0.013454433,0
test,6072,0.013135418,0
test,6073,0.80614066,0
test,6074,0.017174011,0
test,6075,0.75874096,0
test,6076,0.016351849,0
test,6077,0.0043144664,0
test,6078,0.010005089,0
test,6079,0.023934249,0
test,6080,0.0028630036,0
test,6081,0.032100808,0
test,6082,0.45567855,1
test,6083,0.33258426,0
test,6084,0.0011449999,0
test,6085,0.27196628,0
test,6086,0.10451766,0
test,6087,0.8425993,0
test,6088,0.00057339517,0
test,6089,0.16818699,0
test,6090,0.9998187,1
test,6091,0.99985653,1
test,6092,0.9999202,1
test,6093,0.99982893,1
test,6094,0.99976176,1
test,6095,0.7700868,0
test,6096,0.9997921,1
test,6097,0.8265585,1
test,6098,0.9998569,1
test,6099,0.9998865,1
test,6100,0.99981445,1
test,6101,0.9998559,1
test,6102,0.9997861,1
test,6103,0.9998984,1
test,6104,0.99988794,1
test,6105,0.9997783,1
test,6106,0.99982715,1
test,6107,0.99984336,1
test,6108,0.9998308,1
test,6109,0.35028648,0
test,6110,0.99981713,1
test,6111,0.99978054,1
test,6112,0.99983275,1
test,6113,0.9998509,1
test,6114,0.72647727,1
test,6115,0.70492995,1
test,6116,0.022863312,0
test,6117,0.7311473,0
test,6118,1.7565313e-05,1
test,6119,0.99971443,1
test,6120,0.0010863737,0
test,6121,0.9999203,1
test,6122,0.999781,1
test,6123,0.99962354,1
test,6124,0.0002911848,0
test,6125,0.9996942,1
test,6126,0.16055018,0
test,6127,0.999567,1
test,6128,0.99434453,1
test,6129,0.29763258,0
test,6130,0.9956527,1
test,6131,0.99841756,1
test,6132,0.99655473,1
test,6133,0.9940272,1
test,6134,0.99898064,1
test,6135,0.13758332,0
test,6136,0.21503022,0
test,6137,0.3051552,0
test,6138,0.8048719,1
test,6139,0.74890196,0
test,6140,0.2800477,0
test,6141,0.19137192,1
test,6142,0.70718944,0
test,6143,0.8097104,0
test,6144,0.2414654,0
test,6145,0.21284361,0
test,6146,0.25907895,0
test,6147,0.24798693,0
test,6148,0.32273123,1
test,6149,0.76827145,0
test,6150,0.2100671,0
test,6151,0.41564876,0
test,6152,0.045040816,0
test,6153,0.02402898,0
test,6154,0.71268016,0
test,6155,0.02609258,0
test,6156,0.6547872,1
test,6157,0.5656183,1
test,6158,0.9998197,1
test,6159,0.99950755,1
test,6160,0.99977547,1
test,6161,0.9997139,1
test,6162,0.9997424,1
test,6163,0.0006621249,0
test,6164,0.09152673,0
test,6165,0.8559573,0
test,6166,0.04690619,0
test,6167,3.97359e-05,0
test,6168,0.12842931,0
test,6169,0.0022783005,0
test,6170,0.9997504,1
test,6171,0.9997828,1
test,6172,0.999863,1
test,6173,0.99975735,1
test,6174,0.9996486,1
test,6175,0.9998247,1
test,6176,0.99970084,1
test,6177,0.9997961,1
test,6178,0.99976045,1
test,6179,0.9997309,1
test,6180,0.9996567,1
test,6181,0.99967515,1
test,6182,0.99970675,1
test,6183,0.5975789,1
test,6184,0.53473926,0
test,6185,0.7163474,0
test,6186,0.24399137,0
test,6187,0.6158464,0
test,6188,0.6541,0
test,6189,0.8193381,0
test,6190,0.28463984,0
test,6191,0.44348702,0
test,6192,0.003334223,0
test,6193,0.27863428,1
test,6194,0.8273038,0
test,6195,0.05009138,0
test,6196,0.6994927,1
test,6197,0.687713,1
test,6198,0.0028893643,0
test,6199,0.0001756578,0
test,6200,0.6554003,0
test,6201,0.61811435,0
test,6202,0.10629198,0
test,6203,0.7705819,0
test,6204,0.19190213,0
test,6205,0.6231921,0
test,6206,0.92528313,0
test,6207,0.89940035,0
test,6208,0.81982154,0
test,6209,0.5367832,1
test,6210,0.86050135,1
test,6211,0.85264575,1
test,6212,0.8723978,0
test,6213,0.8471176,0
test,6214,0.88505614,1
test,6215,0.005194041,0
test,6216,0.86781275,1
test,6217,0.85696423,1
test,6218,0.8506814,1
test,6219,0.83837473,0
test,6220,0.9087311,0
test,6221,0.046566773,0
test,6222,0.7011032,1
test,6223,0.0023082348,0
test,6224,0.0017261483,0
test,6225,0.7255406,1
test,6226,0.21661407,0
test,6227,0.0023830328,0
test,6228,0.00054315553,0
test,6229,0.108982384,0
test,6230,0.012063352,0
test,6231,0.060464215,0
test,6232,0.36479732,0
test,6233,0.9954244,1
test,6234,0.05578328,0
test,6235,0.9929188,1
test,6236,0.2434287,0
test,6237,0.9201322,0
test,6238,0.6484374,0
test,6239,0.5485215,0
test,6240,0.8195987,1
test,6241,0.69956803,0
test,6242,0.724161,0
test,6243,0.8292138,1
test,6244,0.7373682,0
test,6245,0.72878575,0
test,6246,0.6972791,0
test,6247,0.791525,1
test,6248,0.0049815844,0
test,6249,0.036305666,0
test,6250,0.64517593,1
test,6251,0.71125734,1
test,6252,0.039097693,0
test,6253,0.9979422,1
test,6254,0.9868234,1
test,6255,0.98656386,1
test,6256,0.9859593,1
test,6257,0.99163586,1
test,6258,0.9953114,1
test,6259,0.99579346,1
test,6260,0.04197464,0
test,6261,0.9848887,1
test,6262,0.9799026,1
test,6263,0.017066894,0
test,6264,0.989771,1
test,6265,0.0034298645,0
test,6266,0.002661209,0
test,6267,0.03140987,0
test,6268,0.0021677671,0
test,6269,0.9708027,1
test,6270,0.98219955,1
test,6271,0.98148197,1
test,6272,0.01942894,0
test,6273,0.0082663065,0
test,6274,0.007746042,0
test,6275,0.97997975,1
test,6276,0.0021486322,0
test,6277,0.9807614,1
test,6278,0.011762412,0
test,6279,0.976932,1
test,6280,0.9755045,1
test,6281,0.98761153,1
test,6282,0.0027028685,0
test,6283,0.00019928247,0
test,6284,7.342948e-05,0
test,6285,0.009833397,0
test,6286,0.519189,1
test,6287,0.017640447,0
test,6288,0.0020286215,0
test,6289,0.0008193916,0
test,6290,0.0008125122,0
test,6291,0.99882334,1
test,6292,0.99825877,1
test,6293,0.99842376,1
test,6294,0.9988988,1
test,6295,0.9985181,1
test,6296,0.998716,1
test,6297,0.9992731,1
test,6298,0.9990663,1
test,6299,0.9990927,1
test,6300,0.99870944,1
test,6301,0.003062057,0
test,6302,0.0029965588,0
test,6303,0.32170635,0
test,6304,0.74193746,0
test,6305,0.6975335,0
test,6306,0.8061162,0
test,6307,0.2928002,0
test,6308,0.7976061,0
test,6309,0.25607198,0
test,6310,0.016151274,0
test,6311,0.7290799,0
test,6312,0.75580716,0
test,6313,0.78413737,0
test,6314,0.78784037,0
test,6315,0.7980709,0
test,6316,0.8002501,0
test,6317,0.35812542,1
test,6318,0.038138043,0
test,6319,0.0054638796,0
test,6320,0.014667445,0
test,6321,0.007960285,0
test,6322,0.51785266,1
test,6323,0.57762814,0
test,6324,0.57169616,1
test,6325,0.0007545833,0
test,6326,0.8029735,0
test,6327,0.20882322,0
test,6328,1.0828562e-05,0
test,6329,0.00058907457,0
test,6330,0.6891344,0
test,6331,0.74825156,0
test,6332,4.964887e-05,0
test,6333,0.0013453915,0
test,6334,1.525796e-05,0
test,6335,6.356897e-05,0
test,6336,0.71849895,0
test,6337,0.79019386,0
test,6338,0.72393364,0
test,6339,0.719574,0
test,6340,0.45617083,0
test,6341,0.7144247,1
test,6342,0.99868935,1
test,6343,0.998931,1
test,6344,0.9973891,1
test,6345,0.99845153,1
test,6346,0.99904615,1
test,6347,0.014874155,0
test,6348,0.019250285,0
test,6349,0.4408535,0
test,6350,0.707229,1
test,6351,0.28256014,0
test,6352,0.05285157,0
test,6353,0.9983764,1
test,6354,0.9985198,1
test,6355,0.47589803,1
test,6356,0.025008481,0
test,6357,0.0112543,0
test,6358,0.017953165,0
test,6359,0.036150705,0
test,6360,0.9994955,1
test,6361,0.0011583262,0
test,6362,0.99868983,1
test,6363,0.017936643,0
test,6364,0.5652011,0
test,6365,0.99941725,1
test,6366,0.9996636,1
test,6367,0.99965715,1
test,6368,0.9994592,1
test,6369,0.9996358,1
test,6370,0.9994009,1
test,6371,0.0011952672,0
test,6372,0.79157025,0
test,6373,0.25433433,0
test,6374,0.29608536,0
test,6375,0.7077231,0
test,6376,0.35526463,0
test,6377,0.32685208,0
test,6378,0.8209336,1
test,6379,0.7562673,0
test,6380,0.5157789,0
test,6381,0.8003397,0
test,6382,0.45228228,0
test,6383,0.33999762,0
test,6384,0.0005780983,0
test,6385,0.5090383,0
test,6386,0.23986915,1
test,6387,0.020997683,0
test,6388,0.001402455,0
test,6389,0.95476544,1
test,6390,9.289677e-05,0
test,6391,0.000117674,0
test,6392,0.5175003,1
test,6393,0.8368088,1
test,6394,0.90825796,1
test,6395,0.008408273,0
test,6396,0.0061556874,0
test,6397,0.86381054,1
test,6398,0.8871646,1
test,6399,0.0027322166,0
test,6400,0.92572826,1
test,6401,0.013050082,0
test,6402,0.9018014,0
test,6403,0.003148811,0
test,6404,0.0016383107,0
test,6405,0.00088802446,0
test,6406,0.17604081,0
test,6407,0.8969877,1
test,6408,0.008932816,0
test,6409,0.0016178341,0
test,6410,0.00048234855,0
test,6411,0.00027956546,0
test,6412,0.002534745,0
test,6413,0.002020643,0
test,6414,0.0011839044,0
test,6415,0.83713,1
test,6416,0.36114827,0
test,6417,0.31623596,0
test,6418,0.29141757,0
test,6419,0.4976469,0
test,6420,0.99832916,1
test,6421,0.998981,1
test,6422,0.9985697,1
test,6423,0.99698395,1
test,6424,0.9987723,1
test,6425,0.99928176,1
test,6426,0.9985148,1
test,6427,0.129559,0
test,6428,0.121924356,0
test,6429,0.5081918,0
test,6430,0.0071348166,0
test,6431,0.99909717,1
test,6432,0.99890953,1
test,6433,0.9992307,1
test,6434,0.9992908,1
test,6435,0.99890274,1
test,6436,0.99901175,1
test,6437,0.2418476,0
test,6438,0.29479855,0
test,6439,0.9949014,1
test,6440,0.0032836162,0
test,6441,0.039935738,0
test,6442,0.9966052,1
test,6443,0.9908752,1
test,6444,0.011173078,0
test,6445,0.12716931,0
test,6446,0.31350225,0
test,6447,0.99579674,1
test,6448,0.0019385114,0
test,6449,0.98500216,1
test,6450,0.9937598,1
test,6451,0.9925463,1
test,6452,0.008299734,0
test,6453,0.009769464,0
test,6454,0.99947083,1
test,6455,0.9989084,1
test,6456,0.99959147,1
test,6457,0.00078613136,0
test,6458,0.0090981005,0
test,6459,0.00050610764,0
test,6460,0.00079599145,0
test,6461,0.18793811,1
test,6462,0.14244117,0
test,6463,0.10267578,0
test,6464,0.05950525,0
test,6465,0.09603314,0
test,6466,0.2867351,0
test,6467,0.12785633,0
test,6468,0.19338684,1
test,6469,0.46607804,0
test,6470,0.24813084,0
test,6471,0.49806622,0
test,6472,0.14422537,0
test,6473,0.4527378,0
test,6474,0.00093324936,0
test,6475,0.0024404202,0
test,6476,0.54093057,0
test,6477,0.03373042,0
test,6478,0.2241105,1
test,6479,0.3013962,0
test,6480,0.6206535,0
test,6481,0.12182395,0
test,6482,0.73753583,1
test,6483,0.6350016,1
test,6484,0.29182142,1
test,6485,0.78953016,0
test,6486,0.46602643,0
test,6487,0.79258776,1
test,6488,0.63249373,1
test,6489,0.0022842945,0
test,6490,0.0002044141,0
test,6491,0.22248316,0
test,6492,0.8732373,1
test,6493,0.07658957,0
test,6494,0.14062619,0
test,6495,0.9996614,1
test,6496,0.9995114,1
test,6497,0.9994357,1
test,6498,0.9995989,1
test,6499,0.99983275,1
test,6500,0.9998316,1
test,6501,0.7028665,1
test,6502,0.16079569,0
test,6503,0.003929436,0
test,6504,0.000450304,0
test,6505,0.9973085,1
test,6506,0.9948144,1
test,6507,0.995569,1
test,6508,0.99665356,1
test,6509,0.9959828,1
test,6510,0.99746245,1
test,6511,0.9972317,1
test,6512,0.9960731,1
test,6513,0.9960973,1
test,6514,0.22379541,0
test,6515,0.2725743,0
test,6516,0.9989714,1
test,6517,0.99907565,1
test,6518,0.99899244,1
test,6519,0.9984201,1
test,6520,0.99880123,1
test,6521,0.9985993,1
test,6522,0.11643432,0
test,6523,0.14890432,0
test,6524,0.37417814,0
test,6525,0.19234377,0
test,6526,0.20949689,0
test,6527,0.3880719,0
test,6528,0.67115396,0
test,6529,0.080592506,0
test,6530,0.18830214,0
test,6531,0.09223065,0
test,6532,0.77707934,1
test,6533,0.0761818,0
test,6534,0.11211023,0
test,6535,0.17664833,0
test,6536,0.008588018,0
test,6537,0.3990984,0
test,6538,0.0386874,0
test,6539,0.75185597,1
test,6540,0.040976785,0
test,6541,0.69349533,1
test,6542,0.5874015,0
test,6543,0.49796203,1
test,6544,0.3260614,1
test,6545,0.35541597,0
test,6546,0.37331027,0
test,6547,0.7452322,1
test,6548,0.410108,1
test,6549,0.32547715,0
test,6550,0.14167356,1
test,6551,0.5051961,0
test,6552,0.0018825425,0
test,6553,0.017617216,0
test,6554,0.002341082,0
test,6555,0.63745344,1
test,6556,0.000494479,0
test,6557,0.6922986,1
test,6558,0.0005727583,0
test,6559,0.40906215,1
test,6560,0.5949355,1
test,6561,0.0013285873,0
test,6562,0.2092678,1
test,6563,0.0032544227,0
test,6564,0.00062556047,0
test,6565,0.2756595,0
test,6566,0.86513925,1
test,6567,0.86907387,1
test,6568,0.005596171,0
test,6569,0.0031211344,0
test,6570,0.0012313331,0
test,6571,0.9211683,1
test,6572,0.0025720096,0
test,6573,0.0040359916,0
test,6574,0.4510941,1
test,6575,0.04944142,0
test,6576,0.49928513,0
test,6577,0.35920033,1
test,6578,0.3839043,0
test,6579,0.5077051,0
test,6580,0.7088972,1
test,6581,0.22087324,0
test,6582,0.17375043,0
test,6583,0.46748805,0
test,6584,0.13369583,0
test,6585,0.13414931,1
test,6586,0.28100637,1
test,6587,0.0083287805,0
test,6588,0.48959997,0
test,6589,0.7296363,1
test,6590,0.57041705,1
test,6591,0.5062085,0
test,6592,0.73118496,0
test,6593,0.17860787,0
test,6594,0.448418,1
test,6595,0.7911046,1
test,6596,0.0018906425,0
test,6597,0.37745026,1
test,6598,0.48225197,1
test,6599,0.7512323,1
test,6600,0.61896396,1
test,6601,0.68955004,0
test,6602,0.41973513,1
test,6603,0.43881637,1
test,6604,0.51262367,0
test,6605,0.0025510788,0
test,6606,0.6024238,1
test,6607,0.4285482,0
test,6608,0.4699947,1
test,6609,0.6085128,1
test,6610,0.6120379,1
test,6611,0.35334197,0
test,6612,0.08382287,0
test,6613,0.4142981,1
test,6614,0.2854766,1
test,6615,0.0037367,0
test,6616,0.19382936,0
test,6617,0.5426835,1
test,6618,0.5677078,1
test,6619,0.19570692,1
test,6620,0.32067955,1
test,6621,0.19416592,0
test,6622,0.2930939,0
test,6623,0.773265,1
test,6624,0.66683936,1
test,6625,0.0016438325,0
test,6626,0.43075994,0
test,6627,0.51444536,1
test,6628,0.8714928,1
test,6629,0.04257818,1
test,6630,0.04315129,1
test,6631,0.5827912,1
test,6632,0.418849,1
test,6633,0.14470558,0
test,6634,0.4852195,1
test,6635,0.40736395,1
test,6636,0.08264101,0
test,6637,0.82090867,1
test,6638,0.1108953,1
test,6639,0.64502656,1
test,6640,0.64301324,1
test,6641,0.46678996,0
test,6642,0.07020671,0
test,6643,0.999475,1
test,6644,0.99877685,1
test,6645,0.99917763,1
test,6646,0.9992542,1
test,6647,0.99955535,1
test,6648,0.9991901,1
test,6649,0.99888134,1
test,6650,0.99936485,1
test,6651,0.89073074,1
test,6652,0.8412687,1
test,6653,0.8132447,1
test,6654,0.5057372,1
test,6655,0.123436004,0
test,6656,0.8245831,1
test,6657,0.6654981,1
test,6658,0.4339707,1
test,6659,0.8323021,1
test,6660,0.106324084,0
test,6661,0.8551298,1
test,6662,0.30813897,1
test,6663,0.6436715,0
test,6664,0.2049613,1
test,6665,0.999487,1
test,6666,0.99961346,1
test,6667,0.999467,1
test,6668,0.9996997,1
test,6669,0.40509826,1
test,6670,0.44841745,1
test,6671,0.53617543,1
test,6672,0.46175817,1
test,6673,0.5521977,1
test,6674,0.7391406,1
test,6675,0.55407166,1
test,6676,0.34802887,1
test,6677,0.8278302,1
test,6678,0.15650107,1
test,6679,0.46237195,1
test,6680,0.5987451,1
test,6681,0.8555214,1
test,6682,0.79341197,1
test,6683,0.718191,1
test,6684,0.6477103,1
test,6685,0.56448734,1
test,6686,0.8400406,1
test,6687,0.71512127,1
test,6688,0.9027678,1
test,6689,0.876297,1
test,6690,0.87112397,1
test,6691,0.8697884,1
test,6692,0.86588556,1
test,6693,0.91747737,1
test,6694,0.6640229,1
test,6695,0.8885958,1
test,6696,0.8986057,1
test,6697,0.6075289,1
test,6698,0.8199029,1
test,6699,0.8514241,1
test,6700,0.85053194,1
test,6701,0.88964915,1
test,6702,0.8251256,1
test,6703,0.875314,1
test,6704,0.8840138,1
test,6705,0.8595338,1
test,6706,0.86484635,1
test,6707,0.86347747,1
test,6708,0.88163745,1
test,6709,0.86207396,1
test,6710,0.65026534,1
test,6711,0.7678151,1
test,6712,0.54336554,1
test,6713,0.80096805,1
test,6714,0.6374443,1
test,6715,0.5503765,1
test,6716,0.8840539,1
test,6717,0.33598658,1
test,6718,0.6575724,1
test,6719,0.80078727,1
test,6720,0.36896658,1
test,6721,0.5004672,1
test,6722,0.7798424,1
test,6723,0.7475586,1
test,6724,0.8912183,0
test,6725,0.13029452,1
test,6726,0.15393147,1
test,6727,0.0019309922,0
test,6728,0.36386153,1
test,6729,0.50005305,1
test,6730,0.5117284,1
test,6731,0.86272854,0
test,6732,0.80184346,1
test,6733,0.74798304,1
test,6734,0.0061712516,0
test,6735,0.7451024,1
test,6736,0.8177673,1
test,6737,0.84029925,1
test,6738,0.4876865,1
test,6739,0.87100726,1
test,6740,0.5147938,1
test,6741,0.28125036,1
test,6742,0.10827336,1
test,6743,0.54422796,1
test,6744,0.6753812,1
test,6745,0.45706394,1
test,6746,0.039684836,0
test,6747,0.42626923,1
test,6748,0.72414,1
test,6749,0.8203063,1
test,6750,0.8887247,1
test,6751,0.3363752,1
test,6752,0.36859477,1
test,6753,0.8591615,1
test,6754,0.5182811,1
test,6755,0.5852082,1
test,6756,0.7391951,0
test,6757,0.5690191,1
test,6758,0.8040769,1
test,6759,0.82632124,1
test,6760,0.7906531,1
test,6761,0.69009566,1
test,6762,0.43380523,1
test,6763,0.604836,1
test,6764,0.91179794,1
test,6765,0.81312525,1
test,6766,0.5358299,0
test,6767,0.43032798,1
test,6768,0.82347995,0
test,6769,0.54800546,1
test,6770,0.79326135,1
test,6771,0.31305945,1
test,6772,0.63304484,1
test,6773,0.99901587,1
test,6774,0.8636478,1
test,6775,0.4705408,0
test,6776,0.9992079,1
test,6777,0.5636259,1
test,6778,0.9994944,1
test,6779,0.7117695,1
test,6780,0.9995478,1
test,6781,0.99934715,1
test,6782,0.539374,1
test,6783,0.842553,1
test,6784,0.9996929,1
test,6785,0.46175024,1
test,6786,0.99959284,1
test,6787,0.99947894,1
test,6788,0.56587255,0
test,6789,0.75897825,0
test,6790,0.990539,1
test,6791,0.0787189,1
test,6792,0.66643256,1
test,6793,0.6605277,1
test,6794,0.99957603,1
test,6795,0.9992775,1
test,6796,0.48443773,1
test,6797,0.9996552,1
test,6798,0.9991718,1
test,6799,0.99936146,1
test,6800,0.5500686,1
test,6801,0.99959475,1
test,6802,0.99947137,1
test,6803,0.934977,1
test,6804,0.760144,1
test,6805,0.7740731,1
test,6806,0.4081195,1
test,6807,0.71870613,1
test,6808,0.9994429,1
test,6809,0.0016347831,0
test,6810,0.430486,1
test,6811,0.39664987,1
test,6812,0.0034558838,0
test,6813,0.79662675,1
test,6814,0.14039369,1
test,6815,0.59641933,1
test,6816,0.255334,0
test,6817,0.70597804,1
test,6818,0.4879159,1
test,6819,0.9997948,1
test,6820,0.9999018,1
test,6821,0.99983627,1
test,6822,0.99990886,1
test,6823,0.8141914,1
test,6824,0.9998826,1
test,6825,0.9999181,1
test,6826,0.99988985,1
test,6827,0.30813703,1
test,6828,0.26912192,0
test,6829,0.43782344,1
test,6830,0.71922404,1
test,6831,0.006549073,0
test,6832,0.78331345,0
test,6833,0.010113681,1
test,6834,0.49482688,1
test,6835,0.45937794,1
test,6836,0.36324745,1
test,6837,0.75543433,0
test,6838,0.8033613,1
test,6839,0.6863142,1
test,6840,0.0003598881,0
test,6841,0.8007696,1
test,6842,0.23166054,0
test,6843,0.014303257,0
test,6844,0.7918159,1
test,6845,0.42194065,1
test,6846,0.005172681,0
test,6847,0.9989243,1
test,6848,0.9990428,1
test,6849,0.9992369,1
test,6850,0.9970355,1
test,6851,0.38796908,0
test,6852,0.99919116,1
test,6853,0.9995015,1
test,6854,0.995265,1
test,6855,0.99896723,1
test,6856,0.9979181,1
test,6857,0.9961021,1
test,6858,0.9992071,1
test,6859,0.4407278,1
test,6860,0.7710888,1
test,6861,0.99776477,1
test,6862,0.99842346,1
test,6863,0.66652304,1
test,6864,0.9979067,1
test,6865,0.654199,1
test,6866,0.7705698,1
test,6867,0.7870915,1
test,6868,0.5367447,0
test,6869,0.020805195,0
test,6870,0.8066407,1
test,6871,0.72388124,1
test,6872,0.77525854,1
test,6873,0.71538806,1
test,6874,0.7977048,1
test,6875,0.76665694,1
test,6876,0.44241738,1
test,6877,0.40792155,1
test,6878,0.28183565,0
test,6879,0.6155423,0
test,6880,0.8439702,1
test,6881,0.5176688,1
test,6882,0.99912745,1
test,6883,0.99910057,1
test,6884,0.9988082,1
test,6885,0.34013394,1
test,6886,0.00019114786,0
test,6887,0.8167703,1
test,6888,0.7605305,1
test,6889,0.9993109,1
test,6890,0.99940497,1
test,6891,0.0643684,1
test,6892,0.2579527,1
test,6893,0.03642975,1
test,6894,0.7909169,1
test,6895,0.23835853,0
test,6896,0.7834681,0
test,6897,0.86119306,1
test,6898,0.055785995,0
test,6899,0.007537394,0
test,6900,0.0019314665,0
test,6901,0.54975915,1
test,6902,0.7541078,1
test,6903,0.81427103,1
test,6904,0.0068173516,0
test,6905,0.43777317,1
test,6906,0.64989936,1
test,6907,0.44457197,0
test,6908,0.8805423,1
test,6909,0.32292992,1
test,6910,0.4841675,1
test,6911,0.99911094,1
test,6912,0.998565,1
test,6913,0.99795914,1
test,6914,0.99842155,1
test,6915,0.14249858,1
test,6916,0.099150784,1
test,6917,0.7391091,1
test,6918,0.040350225,0
test,6919,0.9961162,1
test,6920,0.99543196,1
test,6921,0.7244574,1
test,6922,0.19368696,0
test,6923,0.9040575,1
test,6924,0.7221007,1
test,6925,0.56989866,0
test,6926,0.99639916,1
test,6927,0.9958714,1
test,6928,0.9949099,1
test,6929,0.9965609,1
test,6930,0.99558824,1
test,6931,0.99749017,1
test,6932,0.73549056,1
test,6933,0.29564026,1
test,6934,0.9955476,1
test,6935,0.09463608,1
test,6936,0.99332756,1
test,6937,0.99587756,1
test,6938,0.9980589,1
test,6939,0.4420359,0
test,6940,0.53189945,1
test,6941,0.8531533,1
test,6942,0.48795447,0
test,6943,0.04266654,0
test,6944,0.7804383,1
test,6945,0.99939823,1
test,6946,0.999061,1
test,6947,0.9992639,1
test,6948,0.7785467,1
test,6949,0.795475,1
test,6950,0.9991341,1
test,6951,0.9170199,1
test,6952,0.676124,1
test,6953,0.732365,1
test,6954,0.7872743,1
test,6955,0.34129196,1
test,6956,0.75591797,1
test,6957,0.7976697,1
test,6958,0.0013621678,0
test,6959,0.7861136,1
test,6960,0.9779654,0
test,6961,0.55250573,1
test,6962,0.7669031,1
test,6963,0.32731003,1
test,6964,0.7667225,1
test,6965,0.99573153,1
test,6966,0.99088347,1
test,6967,0.6691526,1
test,6968,0.71428823,0
test,6969,0.9976906,1
test,6970,0.51259863,1
test,6971,0.6400635,1
test,6972,0.5704677,1
test,6973,0.7916795,1
test,6974,0.9701779,1
test,6975,0.7026041,1
test,6976,0.0048570763,0
test,6977,0.3505075,1
test,6978,0.89160174,1
test,6979,0.39237013,1
test,6980,0.8017027,1
test,6981,0.8400323,1
test,6982,0.4813255,1
test,6983,0.034851216,0
test,6984,0.39259258,1
test,6985,0.81299263,1
test,6986,0.4118376,1
test,6987,0.8472621,1
test,6988,0.83524364,1
test,6989,0.4372949,1
test,6990,0.9990319,1
test,6991,0.7837253,1
test,6992,0.7589622,1
test,6993,0.66552025,1
test,6994,0.99964464,1
test,6995,0.9993034,1
test,6996,0.9996528,1
test,6997,0.5105679,1
test,6998,0.9995213,1
test,6999,0.9989926,1
test,7000,0.99947876,1
test,7001,0.3649539,1
test,7002,0.9994387,1
test,7003,0.28052187,1
test,7004,0.99919933,1
test,7005,0.8162637,1
test,7006,0.7532819,1
test,7007,0.23068403,0
test,7008,0.22251001,1
test,7009,0.8621259,1
test,7010,0.610816,1
test,7011,0.9214281,1
test,7012,0.58331525,1
test,7013,0.4661931,0
test,7014,0.7961017,0
test,7015,0.4800461,1
test,7016,0.65880066,1
test,7017,0.7673186,1
test,7018,0.78858376,0
test,7019,0.7411286,1
test,7020,0.993296,1
test,7021,0.9924417,1
test,7022,0.68151945,1
test,7023,0.9920787,1
test,7024,0.50052595,1
test,7025,0.7858717,1
test,7026,0.5616183,0
test,7027,0.88053465,0
test,7028,0.999132,1
test,7029,0.99842453,1
test,7030,0.9989417,1
test,7031,0.9984171,1
test,7032,0.9991012,1
test,7033,0.0014017979,0
test,7034,0.10227305,0
test,7035,0.0002991083,0
test,7036,0.9639461,1
test,7037,0.9993626,1
test,7038,0.78024095,0
test,7039,0.99965113,1
test,7040,7.859952e-06,0
test,7041,0.13255452,0
test,7042,3.2613732e-06,0
test,7043,0.96954465,1
test,7044,0.9992049,1
test,7045,2.8173265e-05,0
test,7046,0.9653905,1
test,7047,0.0001722541,0
test,7048,0.99953425,1
test,7049,4.0703035e-06,0
test,7050,0.9731108,1
test,7051,1.1293978e-05,0
test,7052,0.8742672,1
test,7053,0.494113,1
test,7054,0.9993259,1
test,7055,0.9991606,1
test,7056,0.99922794,1
test,7057,0.99890095,1
test,7058,0.9994065,1
test,7059,0.9992177,1
test,7060,0.8312304,1
test,7061,0.7979698,0
test,7062,0.7744384,1
test,7063,0.13433117,1
test,7064,0.7906195,1
test,7065,0.79044425,1
test,7066,0.3137214,1
test,7067,0.9992457,1
test,7068,0.9992506,1
test,7069,0.9987515,1
test,7070,0.72155774,1
test,7071,0.83719546,1
test,7072,0.77650356,1
test,7073,0.7457525,1
test,7074,0.9858881,1
test,7075,0.9939388,1
test,7076,0.96999156,1
test,7077,0.8119919,1
test,7078,0.20420587,0
test,7079,0.31975877,1
test,7080,0.9985954,1
test,7081,0.99599355,1
test,7082,0.9954476,1
test,7083,0.8969915,1
test,7084,0.47367647,1
test,7085,0.84392697,1
test,7086,0.99947834,1
test,7087,0.99822545,1
test,7088,0.997753,1
test,7089,0.9983555,1
test,7090,0.6637876,1
test,7091,0.5199318,1
test,7092,0.58574784,1
test,7093,0.45701337,1
test,7094,0.5304282,1
test,7095,0.52864134,1
test,7096,0.89290345,1
test,7097,0.8501231,1
test,7098,0.77032745,1
test,7099,0.82860565,1
test,7100,0.7271117,1
test,7101,0.9990541,1
test,7102,0.999224,1
test,7103,0.7450644,1
test,7104,0.6829031,1
test,7105,0.99922967,1
test,7106,0.9994226,1
test,7107,0.99957705,1
test,7108,0.99935395,1
test,7109,0.8566813,1
test,7110,0.40725696,1
test,7111,0.32993057,1
test,7112,0.9976454,1
test,7113,0.3640568,1
test,7114,0.99709654,1
test,7115,0.99637187,1
test,7116,0.9964633,1
test,7117,0.9955878,1
test,7118,0.7735331,1
test,7119,0.8128479,1
test,7120,0.66354895,1
test,7121,0.7183953,1
test,7122,0.7108735,1
test,7123,0.7162947,1
test,7124,0.33401424,1
test,7125,0.70300686,1
test,7126,0.6850102,1
test,7127,0.37533972,1
test,7128,0.7176304,1
test,7129,0.027293155,0
test,7130,0.81243443,1
test,7131,0.8315814,1
test,7132,0.7215221,1
test,7133,0.7245002,1
test,7134,0.88282555,1
test,7135,0.999357,1
test,7136,0.7948319,1
test,7137,0.54323626,1
test,7138,0.99934655,1
test,7139,0.99960023,1
test,7140,0.7511039,1
test,7141,0.7398315,1
test,7142,0.8863434,1
test,7143,0.01137809,0
test,7144,0.843506,1
test,7145,0.5803144,1
test,7146,0.31850913,0
test,7147,0.6681597,0
test,7148,0.7611999,1
test,7149,0.80773944,1
test,7150,0.99965113,1
test,7151,0.9994278,1
test,7152,0.0003172722,0
test,7153,0.99922204,1
test,7154,0.032167777,0
test,7155,0.99955463,1
test,7156,0.72032166,1
test,7157,0.99952626,1
test,7158,0.9995036,1
test,7159,0.9995936,1
test,7160,0.99927664,1
test,7161,0.9988485,1
test,7162,0.99960035,1
test,7163,0.99932003,1
test,7164,0.99921185,1
test,7165,0.99955654,1
test,7166,0.9994933,1
test,7167,0.9996131,1
test,7168,0.99937415,1
test,7169,0.5091482,1
test,7170,0.9994885,1
test,7171,0.771249,0
test,7172,0.96526396,1
test,7173,0.99967784,1
test,7174,0.99935776,1
test,7175,0.80083317,1
test,7176,0.9743775,1
test,7177,0.2138463,0
test,7178,0.9992652,1
test,7179,0.9993694,1
test,7180,0.075313576,0
test,7181,0.9995708,1
test,7182,0.8398021,1
test,7183,0.0038887854,0
test,7184,0.74713016,0
test,7185,0.77295446,1
test,7186,0.6306083,1
test,7187,0.6845541,0
test,7188,0.67090505,0
test,7189,0.34305042,1
test,7190,0.89396244,1
test,7191,0.6017475,1
test,7192,0.9005648,1
test,7193,0.6234895,1
test,7194,0.71077174,1
test,7195,0.51248896,1
test,7196,0.67315143,1
test,7197,0.8579438,1
test,7198,0.7895762,1
test,7199,0.55986255,1
test,7200,0.9478753,1
test,7201,0.49721828,1
test,7202,0.00010866444,0
test,7203,0.79565966,1
test,7204,0.9102866,1
test,7205,0.78096724,1
test,7206,0.3131363,1
test,7207,0.20301446,1
test,7208,3.38374e-07,0
test,7209,0.8569406,1
test,7210,2.765144e-06,0
test,7211,0.6191564,0
test,7212,0.003763402,1
test,7213,0.85627663,1
test,7214,0.99858534,1
test,7215,0.99903214,1
test,7216,0.9994792,1
test,7217,0.6315868,0
test,7218,0.99923676,1
test,7219,0.998926,1
test,7220,0.6993069,1
test,7221,0.63601065,1
test,7222,0.75081116,1
test,7223,0.7910669,1
test,7224,0.37239265,1
test,7225,0.87197864,1
test,7226,0.27291194,1
test,7227,0.930661,1
test,7228,0.006553815,0
test,7229,0.99702835,1
test,7230,0.012989647,0
test,7231,0.99823046,1
test,7232,0.78243554,1
test,7233,0.0037409342,0
test,7234,0.99787563,1
test,7235,0.89063674,1
test,7236,0.9974996,1
test,7237,0.9131685,1
test,7238,0.99886775,1
test,7239,0.9984086,1
test,7240,0.48533106,0
test,7241,0.99973077,1
test,7242,0.999841,1
test,7243,0.99987406,1
test,7244,0.997045,1
test,7245,0.9971404,1
test,7246,0.047059227,0
test,7247,0.9973107,1
test,7248,0.030996533,0
test,7249,0.032010175,0
test,7250,0.005333319,0
test,7251,0.7945797,1
test,7252,0.027309567,0
test,7253,0.8296813,1
test,7254,0.893166,1
test,7255,0.43975142,0
test,7256,0.7649509,1
test,7257,0.3612702,1
test,7258,0.2907883,1
test,7259,0.9996279,1
test,7260,0.9995845,1
test,7261,0.18785667,1
test,7262,0.7852448,1
test,7263,0.91237426,1
test,7264,0.16785751,0
test,7265,0.59106094,1
test,7266,0.7728915,1
test,7267,0.2927947,0
test,7268,0.7459092,1
test,7269,0.36046338,0
test,7270,0.80178505,1
test,7271,0.7752343,1
test,7272,0.34396547,0
test,7273,0.7029081,1
test,7274,0.7410279,1
test,7275,0.6350268,1
test,7276,0.71526515,1
test,7277,0.8013215,1
test,7278,0.9992029,1
test,7279,0.65345335,1
test,7280,0.9998357,1
test,7281,0.99977404,1
test,7282,0.9998974,1
test,7283,0.9998317,1
test,7284,0.9997984,1
test,7285,0.9997745,1
test,7286,0.46741974,1
test,7287,0.9998197,1
test,7288,0.16277716,1
test,7289,0.46921542,1
test,7290,0.32809344,1
test,7291,0.9993279,1
test,7292,0.99947494,1
test,7293,0.99900544,1
test,7294,0.9990307,1
test,7295,0.9993519,1
test,7296,0.9987688,1
test,7297,0.9993122,1
test,7298,0.99913794,1
test,7299,0.8021814,1
test,7300,0.9994751,1
test,7301,0.46118066,1
test,7302,0.00027431885,0
test,7303,0.8318049,1
test,7304,0.6877197,1
test,7305,0.46879146,1
test,7306,0.83220166,1
test,7307,0.47926772,1
test,7308,0.8012513,1
test,7309,0.55586886,1
test,7310,0.5185684,1
test,7311,0.5274423,1
test,7312,0.758805,1
test,7313,0.8352717,1
test,7314,0.6536165,1
test,7315,0.0056084646,0
test,7316,0.013462832,0
test,7317,0.7119425,1
test,7318,0.6545701,1
test,7319,0.38728824,1
test,7320,0.43914783,1
test,7321,0.6243855,1
test,7322,0.73714703,1
test,7323,0.9998425,1
test,7324,0.9997478,1
test,7325,0.99973583,1
test,7326,0.99983174,1
test,7327,0.99975634,1
test,7328,0.9995906,1
test,7329,0.99965084,1
test,7330,0.999641,1
test,7331,0.9996103,1
test,7332,0.9998389,1
test,7333,0.9997171,1
test,7334,0.9996292,1
test,7335,0.99966055,1
test,7336,0.99975044,1
test,7337,0.99962616,1
test,7338,0.9997097,1
test,7339,0.9997415,1
test,7340,0.9996679,1
test,7341,0.9998442,1
test,7342,0.9998093,1
test,7343,0.999586,1
test,7344,0.9996357,1
test,7345,0.9996984,1
test,7346,0.9997278,1
test,7347,0.84237003,1
test,7348,0.7994899,0
test,7349,0.22442135,0
test,7350,0.007985827,0
test,7351,0.99910235,1
test,7352,0.8168631,1
test,7353,0.99895036,1
test,7354,0.99948096,1
test,7355,0.9994135,1
test,7356,0.99928904,1
test,7357,0.9994944,1
test,7358,0.99882114,1
test,7359,0.9996122,1
test,7360,0.8258284,0
test,7361,0.0009510502,0
test,7362,0.83594245,1
test,7363,0.0003444707,0
test,7364,0.7577294,0
test,7365,0.82490313,0
test,7366,0.8074835,0
test,7367,0.0023578247,0
test,7368,3.8916005e-05,0
test,7369,0.0010212279,0
test,7370,0.4686355,1
test,7371,0.0012685863,0
test,7372,0.00038972034,0
test,7373,0.81621313,0
test,7374,0.80934167,0
test,7375,0.7793733,0
test,7376,0.0029554036,0
test,7377,8.453571e-05,0
test,7378,0.80056065,0
test,7379,0.85604286,0
test,7380,0.82915264,0
test,7381,0.0007142298,0
test,7382,0.79560536,0
test,7383,0.5021085,0
test,7384,0.42536503,0
test,7385,0.80879104,0
test,7386,0.82005256,1
test,7387,0.7896278,1
test,7388,0.7532649,1
test,7389,0.41600022,1
test,7390,0.997877,1
test,7391,0.99792314,1
test,7392,0.5353991,1
test,7393,0.72481114,1
test,7394,0.87400633,1
test,7395,0.9774334,1
test,7396,0.9972318,1
test,7397,0.3445909,1
test,7398,0.9983087,1
test,7399,0.73705333,1
test,7400,0.23222888,0
test,7401,0.46870616,1
test,7402,0.90421295,1
test,7403,0.8391062,1
test,7404,0.8633006,1
test,7405,0.8823773,1
test,7406,0.895055,1
test,7407,0.48930869,1
test,7408,0.6922843,1
test,7409,0.64912665,1
test,7410,0.28299075,1
test,7411,0.8304907,1
test,7412,0.49517444,1
test,7413,0.9965103,1
test,7414,0.99469024,1
test,7415,0.99841297,1
test,7416,0.9953124,1
test,7417,0.99732125,1
test,7418,0.9934798,1
test,7419,0.82903916,1
test,7420,0.8208914,1
test,7421,0.82700694,1
test,7422,0.9989905,1
test,7423,0.85713816,1
test,7424,0.9991289,1
test,7425,0.99929696,1
test,7426,0.9992514,1
test,7427,0.99946296,1
test,7428,0.9992345,1
test,7429,0.9981959,1
test,7430,0.9989004,1
test,7431,0.9990923,1
test,7432,0.99926347,1
test,7433,0.99945974,1
test,7434,0.7944389,1
test,7435,0.7444338,1
test,7436,0.7511096,1
test,7437,0.8217599,1
test,7438,0.28854376,1
test,7439,0.00056703994,0
test,7440,0.75604224,1
test,7441,0.7085894,1
test,7442,0.7226175,1
test,7443,0.7442875,1
test,7444,0.6868557,1
test,7445,0.76381505,1
test,7446,0.6675409,1
test,7447,0.74455273,1
test,7448,0.7963608,1
test,7449,0.64393514,1
test,7450,0.011686941,0
test,7451,0.7990248,1
test,7452,0.9991846,1
test,7453,0.99906296,1
test,7454,0.9988881,1
test,7455,0.99726856,1
test,7456,0.9990444,1
test,7457,0.9983415,1
test,7458,0.9984137,1
test,7459,0.0007626446,0
test,7460,0.6366779,1
test,7461,0.20516305,0
test,7462,0.9981545,1
test,7463,0.99876547,1
test,7464,0.9977933,1
test,7465,0.9980139,1
test,7466,0.9985514,1
test,7467,0.9980112,1
test,7468,0.9988834,1
test,7469,0.61580145,0
test,7470,0.641409,1
test,7471,0.55378723,1
test,7472,0.8371671,1
test,7473,0.9991436,1
test,7474,0.99944186,1
test,7475,0.9991356,1
test,7476,0.9995272,1
test,7477,0.9552942,1
test,7478,0.94790596,1
test,7479,0.93734235,1
test,7480,0.7654851,1
test,7481,0.9255718,1
test,7482,0.9641972,1
test,7483,0.62180305,1
test,7484,0.9490468,1
test,7485,0.87560487,1
test,7486,0.9436231,1
test,7487,0.9460388,1
test,7488,0.9913511,1
test,7489,0.95323104,1
test,7490,0.91653955,1
test,7491,0.96551,1
test,7492,0.18826757,1
test,7493,0.7394382,1
test,7494,0.0028527216,0
test,7495,0.45980284,1
test,7496,0.88569885,1
test,7497,0.8574322,1
test,7498,0.9180863,1
test,7499,0.6655695,1
test,7500,0.88421774,1
test,7501,0.62119794,1
test,7502,0.81679285,1
test,7503,0.99930006,1
test,7504,0.8119231,1
test,7505,0.80632627,1
test,7506,0.023634259,0
test,7507,0.3042986,0
test,7508,0.00025361707,0
test,7509,0.76894295,1
test,7510,0.00091931585,0
test,7511,0.7708572,1
test,7512,0.08509071,1
test,7513,0.7400736,1
test,7514,0.74134725,1
test,7515,0.7634064,1
test,7516,0.72103757,1
test,7517,0.9995451,1
test,7518,0.99971783,1
test,7519,0.9995631,1
test,7520,0.99957186,1
test,7521,0.99965453,1
test,7522,0.9996927,1
test,7523,0.9993388,1
test,7524,0.9994969,1
test,7525,0.99944514,1
test,7526,0.99951756,1
test,7527,0.9989933,1
test,7528,0.99964243,1
test,7529,0.999514,1
test,7530,0.9996806,1
test,7531,0.99948514,1
test,7532,0.99975413,1
test,7533,0.99932617,1
test,7534,0.51587296,1
test,7535,0.68892235,1
test,7536,0.32586607,1
test,7537,0.6426195,1
test,7538,0.76883197,1
test,7539,0.5276257,1
test,7540,0.89827734,1
test,7541,0.99938583,1
test,7542,0.999663,1
test,7543,0.9995648,1
test,7544,0.99095535,1
test,7545,0.9887862,1
test,7546,0.99960303,1
test,7547,0.99969846,1
test,7548,0.9996575,1
test,7549,0.99937046,1
test,7550,0.63982236,1
test,7551,0.9996272,1
test,7552,0.9993887,1
test,7553,0.9995809,1
test,7554,0.9995974,1
test,7555,0.9993872,1
test,7556,0.9993923,1
test,7557,0.99961054,1
test,7558,0.9992941,1
test,7559,0.9995602,1
test,7560,0.99942887,1
test,7561,0.99917555,1
test,7562,0.99946296,1
test,7563,0.9992984,1
test,7564,0.99905765,1
test,7565,0.9995263,1
test,7566,0.99947405,1
test,7567,0.99909526,1
test,7568,0.99924904,1
test,7569,0.9985339,1
test,7570,0.9993689,1
test,7571,0.9973387,1
test,7572,0.99835354,1
test,7573,0.99935055,1
test,7574,0.9991641,1
test,7575,0.9994314,1
test,7576,0.99942344,1
test,7577,0.9955429,1
test,7578,0.9993761,1
test,7579,0.9956124,1
test,7580,0.47923583,1
test,7581,0.9994786,1
test,7582,0.9991763,1
test,7583,0.99892837,1
test,7584,0.99941766,1
test,7585,0.999455,1
test,7586,0.8271804,1
test,7587,0.7386954,1
test,7588,0.78352916,1
test,7589,0.9970582,1
test,7590,0.9996264,1
test,7591,0.99967283,1
test,7592,0.9971603,1
test,7593,0.99979365,1
test,7594,0.9997619,1
test,7595,0.99974906,1
test,7596,0.8140481,1
test,7597,0.9980505,1
test,7598,0.9997653,1
test,7599,0.9996258,1
test,7600,0.9996507,1
test,7601,0.996067,1
test,7602,0.9976895,1
test,7603,0.9981666,1
test,7604,0.58125687,1
test,7605,0.9975978,1
test,7606,0.9997754,1
test,7607,0.9977115,1
test,7608,0.99955475,1
test,7609,0.9997819,1
test,7610,0.0017547237,0
test,7611,0.8704648,1
test,7612,0.71032774,1
test,7613,0.33112094,1
test,7614,0.6204746,1
test,7615,0.99671346,1
test,7616,0.012097353,1
test,7617,0.8491312,1
test,7618,0.46982205,1
test,7619,0.89077777,1
test,7620,0.85157794,1
test,7621,0.8068228,1
test,7622,0.79723954,1
test,7623,0.9996237,1
test,7624,0.99939525,1
test,7625,0.9989691,1
test,7626,0.9993825,1
test,7627,0.91846585,1
test,7628,0.99946314,1
test,7629,0.81332904,1
test,7630,0.8044632,1
test,7631,0.26030222,1
test,7632,0.42110598,1
test,7633,0.6600887,1
test,7634,0.8535739,1
test,7635,0.5931663,1
test,7636,0.9994901,1
test,7637,0.99920315,1
test,7638,0.99906766,1
test,7639,0.9995485,1
test,7640,0.99944746,1
test,7641,0.99918705,1
test,7642,0.9993693,1
test,7643,0.81366956,1
test,7644,0.8472521,1
test,7645,0.81694466,1
test,7646,0.77890027,1
test,7647,0.9980429,1
test,7648,0.99553514,1
test,7649,0.9963755,1
test,7650,0.7184588,1
test,7651,0.6091107,1
test,7652,0.69217753,1
test,7653,0.7115912,1
test,7654,0.6966704,1
test,7655,0.75209796,1
test,7656,0.8084303,1
test,7657,0.9948601,1
test,7658,0.8025879,1
test,7659,0.8336605,1
test,7660,0.83475125,1
test,7661,0.8334891,1
test,7662,0.86964536,1
test,7663,0.78786284,1
test,7664,0.7554662,1
test,7665,0.7573131,1
test,7666,0.8052907,1
test,7667,0.9997313,1
test,7668,0.9996341,1
test,7669,0.9997329,1
test,7670,0.9995937,1
test,7671,0.16534084,1
test,7672,0.78623915,1
test,7673,0.8347323,1
test,7674,0.7928989,1
test,7675,0.62014973,1
test,7676,0.8950557,1
test,7677,0.8660218,1
test,7678,0.7885735,1
test,7679,0.869809,1
test,7680,0.7721361,1
test,7681,0.7671887,1
test,7682,0.9992278,1
test,7683,0.99902296,1
test,7684,0.9992927,1
test,7685,0.99945444,1
test,7686,0.79699457,1
test,7687,0.8309783,1
test,7688,0.87260664,1
test,7689,0.9988233,1
test,7690,0.9991726,1
test,7691,0.3574218,1
test,7692,0.9989588,1
test,7693,0.9991198,1
test,7694,0.7392746,1
test,7695,0.81838447,1
test,7696,0.6522706,0
test,7697,0.7408129,1
test,7698,0.7995609,1
test,7699,0.73031545,1
test,7700,0.21575604,0
test,7701,0.7764075,1
test,7702,0.7436505,1
test,7703,0.44963798,1
test,7704,0.89155906,1
test,7705,0.6835246,1
test,7706,0.77811164,1
test,7707,0.58397794,1
test,7708,0.504596,1
test,7709,0.84386533,1
test,7710,0.018671352,1
test,7711,0.84916884,1
test,7712,0.53298414,1
test,7713,0.59750056,0
test,7714,0.9993818,1
test,7715,0.99952817,1
test,7716,0.998829,1
test,7717,0.9992878,1
test,7718,0.9985928,1
test,7719,0.9992006,1
test,7720,0.9991553,1
test,7721,0.99902225,1
test,7722,0.58715594,1
test,7723,0.4654638,1
test,7724,0.99922276,1
test,7725,0.9995694,1
test,7726,0.5386604,0
test,7727,0.9992912,1
test,7728,0.9986619,1
test,7729,0.99958223,1
test,7730,0.21297246,0
test,7731,0.77153957,1
test,7732,0.7875209,1
test,7733,0.8084562,1
test,7734,0.6863264,1
test,7735,0.87785065,1
test,7736,0.6888993,1
test,7737,0.8933285,1
test,7738,0.7266909,1
test,7739,0.85285723,1
test,7740,0.00042755518,0
test,7741,0.7200753,1
test,7742,0.7689277,1
test,7743,0.77476215,1
test,7744,0.82019633,1
test,7745,0.02041494,0
test,7746,0.83528763,1
test,7747,0.784449,1
test,7748,0.7402371,1
test,7749,0.80167025,1
test,7750,0.78680885,1
test,7751,0.87305474,1
test,7752,0.8505783,1
test,7753,0.85128164,1
test,7754,0.23623553,1
test,7755,0.5340563,1
test,7756,0.18990034,1
test,7757,0.80685574,1
test,7758,0.7991949,1
test,7759,0.33850363,1
test,7760,0.3993735,1
test,7761,0.5885063,1
test,7762,0.71100223,1
test,7763,0.8658043,1
test,7764,0.9990768,1
test,7765,0.72695434,1
test,7766,0.99936676,1
test,7767,0.84056616,1
test,7768,0.70755947,1
test,7769,0.99883586,1
test,7770,0.99785435,1
test,7771,0.99856555,1
test,7772,0.86988914,1
test,7773,0.41781482,1
test,7774,0.49272367,1
test,7775,0.5315736,1
test,7776,0.8053837,1
test,7777,0.75276643,1
test,7778,0.54477274,1
test,7779,0.8747942,1
test,7780,0.78154284,1
test,7781,0.45157298,1
test,7782,0.9050751,1
test,7783,0.9035913,1
test,7784,0.8398726,1
test,7785,0.8371077,1
test,7786,0.82413065,1
test,7787,0.9993765,1
test,7788,0.99934053,1
test,7789,0.84846807,1
test,7790,0.7245866,1
test,7791,0.9995512,1
test,7792,0.99929607,1
test,7793,0.9991947,1
test,7794,0.70841825,1
test,7795,0.50796175,1
test,7796,0.9476585,1
test,7797,0.99914736,1
test,7798,0.87832373,1
test,7799,0.0019468988,0
test,7800,0.37621793,1
test,7801,0.047912825,0
test,7802,0.07919983,0
test,7803,0.33051223,1
test,7804,0.7827233,1
test,7805,0.47595412,1
test,7806,0.65852714,1
test,7807,0.62332726,1
test,7808,0.58103806,1
test,7809,0.78104573,1
test,7810,0.87400544,0
test,7811,0.871525,1
test,7812,0.45159617,1
test,7813,0.5715053,1
test,7814,0.68318665,1
test,7815,0.8026117,1
test,7816,0.859123,1
test,7817,0.50377965,1
test,7818,0.73956776,1
test,7819,0.72211826,1
test,7820,0.3696809,1
test,7821,0.8176409,1
test,7822,0.7576627,1
test,7823,0.44242626,1
test,7824,0.9993068,1
test,7825,0.99941975,1
test,7826,0.99943674,1
test,7827,0.99928504,1
test,7828,0.99931264,1
test,7829,0.778957,1
test,7830,0.9991792,1
test,7831,0.79579806,1
test,7832,0.76063645,1
test,7833,0.9993857,1
test,7834,0.99933904,1
test,7835,0.99886405,1
test,7836,0.9990784,1
test,7837,0.2543224,0
test,7838,0.004421158,0
test,7839,0.7972151,1
test,7840,0.3811719,0
test,7841,0.60886174,1
test,7842,0.050266087,0
test,7843,0.7315999,1
test,7844,0.57148755,1
test,7845,0.54364634,1
test,7846,0.4630453,1
test,7847,0.8695199,1
test,7848,0.8221685,1
test,7849,0.8822386,1
test,7850,0.46247038,1
test,7851,0.7597258,1
test,7852,0.5760422,1
test,7853,0.82090664,1
test,7854,0.5811647,1
test,7855,0.91600966,1
test,7856,0.699561,1
test,7857,0.7378638,1
test,7858,0.7991044,1
test,7859,0.8166286,1
test,7860,0.8475031,0
test,7861,0.77856123,1
test,7862,0.5276618,1
test,7863,0.8369703,1
test,7864,0.99926454,1
test,7865,0.9991711,1
test,7866,0.99947983,1
test,7867,0.9988745,1
test,7868,0.0007834586,0
test,7869,0.9995842,1
test,7870,0.9993669,1
test,7871,0.44093588,1
test,7872,0.21053852,1
test,7873,0.34589195,1
test,7874,0.4129934,1
test,7875,0.73716915,1
test,7876,0.41613153,1
test,7877,0.07852025,0
test,7878,0.89609057,1
test,7879,0.87889653,1
test,7880,0.82612586,1
test,7881,0.7805124,1
test,7882,0.27510354,1
test,7883,0.10766923,1
test,7884,0.73263705,1
test,7885,0.7274502,1
test,7886,0.6731445,0
test,7887,0.12259694,0
test,7888,0.40824768,1
test,7889,0.30059212,1
test,7890,0.6929389,1
test,7891,0.8518721,1
test,7892,0.86278576,1
test,7893,0.75389194,1
test,7894,0.8926988,1
test,7895,0.82413864,1
test,7896,0.41491723,1
test,7897,0.6190846,1
test,7898,0.39922798,1
test,7899,0.8843216,1
test,7900,0.9995454,1
test,7901,0.99937475,1
test,7902,0.9991866,1
test,7903,0.99888927,1
test,7904,0.9990977,1
test,7905,0.17977564,1
test,7906,0.47212106,1
test,7907,0.7840013,1
test,7908,0.777642,1
test,7909,0.99865013,1
test,7910,0.9993711,1
test,7911,0.9989243,1
test,7912,0.99935406,1
test,7913,0.8785443,1
test,7914,0.8036537,1
test,7915,0.34314728,1
test,7916,0.88605845,1
test,7917,0.8698797,1
test,7918,0.738569,1
test,7919,0.69712865,1
test,7920,0.8082313,1
test,7921,0.49028608,1
test,7922,0.8764181,1
test,7923,0.89500785,1
test,7924,0.82123077,1
test,7925,0.8895259,1
test,7926,0.99838907,1
test,7927,0.8060138,1
test,7928,0.8298377,1
test,7929,0.65794253,1
test,7930,0.6486296,1
test,7931,0.89196146,1
test,7932,0.8660255,1
test,7933,0.7438699,1
test,7934,0.71278065,1
test,7935,0.71450007,1
test,7936,0.20334136,1
test,7937,0.65024656,1
test,7938,0.59572196,1
test,7939,0.8052215,1
test,7940,0.60783935,1
test,7941,0.75819856,1
test,7942,0.20511675,1
test,7943,0.46592435,1
test,7944,0.76400924,1
test,7945,0.19809312,1
test,7946,0.8893231,1
test,7947,0.7651473,1
test,7948,0.9010554,1
test,7949,0.6644703,1
test,7950,0.73632616,1
test,7951,0.8308233,1
test,7952,0.69520783,1
test,7953,0.9992436,1
test,7954,0.99944526,1
test,7955,0.9989589,1
test,7956,0.9991882,1
test,7957,0.64949644,1
test,7958,0.9991041,1
test,7959,0.99929184,1
test,7960,0.4745438,1
test,7961,0.10726613,1
test,7962,0.08783865,1
test,7963,0.8658646,1
test,7964,0.9930899,1
test,7965,0.99381125,1
test,7966,0.98979425,1
test,7967,0.9935248,1
test,7968,0.88982266,1
test,7969,0.88458645,1
test,7970,0.8222389,1
test,7971,0.84221745,1
test,7972,0.8574985,1
test,7973,0.95842326,1
test,7974,0.7469291,1
test,7975,0.7278092,1
test,7976,0.8654413,1
test,7977,0.83206767,1
test,7978,0.58902705,1
test,7979,0.7747924,1
test,7980,0.8148525,1
test,7981,0.92044896,1
test,7982,0.76772165,1
test,7983,0.76983297,1
test,7984,0.8204029,1
test,7985,0.85493195,1
test,7986,0.45246083,1
test,7987,0.9143026,1
test,7988,0.1861259,1
test,7989,0.60052645,1
test,7990,0.5239893,1
test,7991,0.5645127,1
test,7992,0.8463051,1
test,7993,0.6579021,1
test,7994,0.7254103,1
test,7995,0.67003584,1
test,7996,0.7934435,1
test,7997,0.77863747,1
test,7998,0.82954466,1
test,7999,0.81268466,1
test,8000,0.4452826,1
test,8001,0.89309037,1
test,8002,0.9992237,1
test,8003,0.9995975,1
test,8004,0.5187285,1
test,8005,0.8696339,1
test,8006,0.8620572,1
test,8007,0.76786965,1
test,8008,0.9697951,1
test,8009,0.90370625,1
test,8010,0.78958315,1
test,8011,0.5567802,1
test,8012,0.4907272,1
test,8013,0.9981862,1
test,8014,0.68089056,1
test,8015,0.9962343,1
test,8016,0.8992929,1
test,8017,0.8718647,1
test,8018,0.9407792,1
test,8019,0.3840412,1
test,8020,0.8450511,1
test,8021,0.8202951,1
test,8022,0.8807577,1
test,8023,0.33473635,1
test,8024,0.41114503,1
test,8025,0.8170228,1
test,8026,0.40490183,1
test,8027,0.88096166,1
test,8028,0.6158407,1
test,8029,0.42933902,1
test,8030,0.24780062,1
test,8031,0.8303367,1
test,8032,0.8221645,1
test,8033,0.818486,1
test,8034,0.8327895,1
test,8035,0.6560122,1
test,8036,0.39857122,1
test,8037,0.7696769,1
test,8038,0.8000603,1
test,8039,0.9057198,1
test,8040,0.7958988,1
test,8041,0.99921,1
test,8042,0.9995862,1
test,8043,0.36815295,1
test,8044,0.9993936,1
test,8045,0.9993097,1
test,8046,0.999476,1
test,8047,0.90059286,1
test,8048,0.73855686,1
test,8049,0.8694659,1
test,8050,0.5508269,1
test,8051,0.9994898,1
test,8052,0.99975073,1
test,8053,0.8764366,1
test,8054,0.7016288,1
test,8055,0.367547,1
test,8056,0.638547,0
test,8057,0.8879066,1
test,8058,0.5046997,1
test,8059,0.44997275,1
test,8060,0.659431,1
test,8061,0.8223521,1
test,8062,0.9996252,1
test,8063,0.99976665,1
test,8064,0.6710384,1
test,8065,0.9998022,1
test,8066,0.665635,1
test,8067,0.99957114,1
test,8068,0.6731614,0
test,8069,0.7125629,1
test,8070,0.36561874,1
test,8071,0.6838329,1
test,8072,0.7401714,1
test,8073,0.082041726,1
test,8074,0.47330385,1
test,8075,0.624678,1
test,8076,0.7661474,1
test,8077,0.7582726,1
test,8078,0.9291444,1
test,8079,0.59454966,1
test,8080,0.90620136,1
test,8081,0.8774031,1
test,8082,0.77771026,1
test,8083,0.6586197,1
test,8084,0.6755138,1
test,8085,0.9993984,1
test,8086,0.99944514,1
test,8087,0.99927396,1
test,8088,0.99898493,1
test,8089,0.9990852,1
test,8090,0.5110065,1
test,8091,0.9992024,1
test,8092,0.53448725,1
test,8093,0.5063739,1
test,8094,0.99726623,1
test,8095,0.9985834,1
test,8096,0.9986144,1
test,8097,0.9984689,1
test,8098,0.99971884,1
test,8099,0.99960536,1
test,8100,0.9996472,1
test,8101,0.9997282,1
test,8102,0.7317473,1
test,8103,0.9997225,1
test,8104,0.9994336,1
test,8105,0.89783025,1
test,8106,0.99718535,1
test,8107,0.99968493,1
test,8108,0.9982025,1
test,8109,0.99858147,1
test,8110,0.9995644,1
test,8111,0.99974936,1
test,8112,0.89479655,1
test,8113,0.999761,1
test,8114,0.43571153,1
test,8115,0.18300138,1
test,8116,0.8507641,1
test,8117,0.9116218,1
test,8118,0.84790564,1
test,8119,0.55760074,1
test,8120,0.56962746,1
test,8121,0.6313851,1
test,8122,0.2987677,1
test,8123,0.17077276,1
test,8124,0.38947544,1
test,8125,0.70206404,1
test,8126,0.6083281,1
test,8127,0.542506,1
test,8128,0.8948312,1
test,8129,0.80924624,1
test,8130,0.871614,1
test,8131,0.8558697,1
test,8132,0.8232355,1
test,8133,0.92247677,1
test,8134,0.86422336,1
test,8135,0.5879084,1
test,8136,0.99782306,1
test,8137,0.99879235,1
test,8138,0.99878114,1
test,8139,0.999393,1
test,8140,0.99857736,1
test,8141,0.11842098,1
test,8142,0.99740297,1
test,8143,0.9986283,1
test,8144,0.9995398,1
test,8145,0.9988611,1
test,8146,0.99957746,1
test,8147,0.82208776,1
test,8148,0.57745814,1
test,8149,0.43002218,1
test,8150,0.84114444,1
test,8151,0.4533644,1
test,8152,0.9220317,1
test,8153,0.90734553,1
test,8154,0.99380136,1
test,8155,0.8603894,1
test,8156,0.88606954,1
test,8157,0.9992392,1
test,8158,0.9991284,1
test,8159,0.999504,1
test,8160,0.99972636,1
test,8161,0.99971384,1
test,8162,0.99977845,1
test,8163,0.99942935,1
test,8164,0.99971944,1
test,8165,0.99936086,1
test,8166,0.9996344,1
test,8167,0.99952364,1
test,8168,0.9995716,1
test,8169,0.9996087,1
test,8170,0.43624735,1
test,8171,0.6506347,1
test,8172,0.71753407,1
test,8173,0.77617943,1
test,8174,0.78183043,1
test,8175,0.78934777,1
test,8176,0.5166717,1
test,8177,0.76550496,1
test,8178,0.9611273,1
test,8179,0.29632527,1
test,8180,0.5993038,1
test,8181,0.86982274,1
test,8182,0.9083592,1
test,8183,0.99747324,1
test,8184,0.99877,1
test,8185,0.99887806,1
test,8186,0.99826497,1
test,8187,0.99754006,1
test,8188,0.99887705,1
test,8189,0.99852157,1
test,8190,0.46815768,1
test,8191,0.36298653,1
test,8192,0.74299806,1
test,8193,0.7538511,1
test,8194,0.7638868,1
test,8195,0.7594485,1
test,8196,0.78131336,1
test,8197,0.8107436,1
test,8198,0.55052125,1
test,8199,0.5686338,1
test,8200,0.49855483,1
test,8201,0.99939626,1
test,8202,0.9997847,1
test,8203,0.99933934,1
test,8204,0.99939555,1
test,8205,0.9994572,1
test,8206,0.4687079,1
test,8207,0.6022571,1
test,8208,0.35365784,1
test,8209,0.49866986,1
test,8210,0.03740784,0
test,8211,0.57761705,1
test,8212,0.28032365,0
test,8213,0.45357132,1
test,8214,0.22762991,0
test,8215,0.023130829,0
test,8216,0.23024444,0
test,8217,0.38884872,1
test,8218,0.28089654,1
test,8219,0.84830457,1
test,8220,0.765115,1
test,8221,0.9980651,1
test,8222,0.70170414,1
test,8223,0.9984278,1
test,8224,0.24840946,1
test,8225,0.99732095,1
test,8226,0.4689542,1
test,8227,0.7742695,1
test,8228,0.890987,1
test,8229,0.8589628,1
test,8230,0.8441371,1
test,8231,0.47416875,1
test,8232,0.67964536,1
test,8233,0.29208967,1
test,8234,0.60412693,1
test,8235,0.5359545,1
test,8236,0.7114804,1
test,8237,0.87708294,1
test,8238,0.00023853309,0
test,8239,0.97737414,1
test,8240,8.368802e-06,0
test,8241,7.1160516e-06,0
test,8242,0.9786018,1
test,8243,0.99012387,1
test,8244,0.9998235,1
test,8245,1.2726146e-05,0
test,8246,0.9769046,1
test,8247,2.452193e-05,0
test,8248,0.9769778,1
test,8249,3.782142e-05,0
test,8250,0.98179793,1
test,8251,0.97744787,1
test,8252,0.9997179,1
test,8253,0.99964815,1
test,8254,0.97774583,1
test,8255,0.99975157,1
test,8256,0.99881554,1
test,8257,0.73207855,1
test,8258,0.42540833,1
test,8259,0.998322,1
test,8260,0.99900764,1
test,8261,0.9992001,1
test,8262,0.5075499,1
test,8263,0.2922667,1
test,8264,0.8881919,1
test,8265,0.9089174,1
test,8266,0.9993381,1
test,8267,0.99946994,1
test,8268,0.99922055,1
test,8269,0.99914795,1
test,8270,0.9995266,1
test,8271,0.99905574,1
test,8272,0.66704446,1
test,8273,0.62585783,1
test,8274,0.38405895,1
test,8275,0.5867926,1
test,8276,0.39495412,1
test,8277,0.48150837,1
test,8278,0.61151195,1
test,8279,0.90393597,1
test,8280,0.9305096,1
test,8281,0.87172186,1
test,8282,0.91692775,1
test,8283,0.8812719,1
test,8284,0.841106,1
test,8285,0.48675257,1
test,8286,0.90238297,1
test,8287,0.8784455,1
test,8288,0.5875368,1
test,8289,0.52298856,1
test,8290,0.9988057,1
test,8291,0.9975671,1
test,8292,0.9996857,1
test,8293,0.9964331,1
test,8294,0.79782146,1
test,8295,0.9992687,1
test,8296,0.9065262,1
test,8297,0.92779505,1
test,8298,0.24832045,1
test,8299,0.5087249,1
test,8300,0.46340072,1
test,8301,0.3677849,1
test,8302,0.53630567,1
test,8303,0.91113335,1
test,8304,0.8938293,1
test,8305,0.9086282,1
test,8306,0.9147782,1
test,8307,0.9005486,1
test,8308,0.8863957,1
test,8309,0.8742175,1
test,8310,0.7809631,1
test,8311,0.86014795,1
test,8312,0.6112114,1
test,8313,0.84985083,1
test,8314,0.13844772,1
test,8315,0.894922,1
test,8316,0.2058377,1
test,8317,0.72935253,1
test,8318,0.5651591,1
test,8319,0.99960095,1
test,8320,0.9995603,1
test,8321,0.9995153,1
test,8322,0.9995407,1
test,8323,0.68773705,1
test,8324,0.99948233,1
test,8325,0.9996022,1
test,8326,0.9996101,1
test,8327,0.9995871,1
test,8328,0.9701435,1
test,8329,0.6678308,1
test,8330,0.07595433,1
test,8331,0.98663366,1
test,8332,0.37644765,1
test,8333,0.99984014,1
test,8334,0.99982804,1
test,8335,0.9997815,1
test,8336,0.99983287,1
test,8337,0.85315466,1
test,8338,0.47702894,1
test,8339,0.9988238,1
test,8340,0.9995575,1
test,8341,0.99895656,1
test,8342,0.99948055,1
test,8343,0.99960816,1
test,8344,0.9994005,1
test,8345,0.99922335,1
test,8346,0.9995899,1
test,8347,0.9990118,1
test,8348,0.5732027,1
test,8349,0.3485947,1
test,8350,0.8601054,1
test,8351,0.710165,1
test,8352,0.99995697,1
test,8353,0.99995637,1
test,8354,0.9999697,1
test,8355,0.9999612,1
test,8356,0.7955557,1
test,8357,0.99996084,1
test,8358,0.9999652,1
test,8359,0.8754738,1
test,8360,0.9999619,1
test,8361,0.84967154,1
test,8362,0.85384154,1
test,8363,0.8049164,1
test,8364,0.46489024,1
test,8365,0.8858664,1
test,8366,0.42294982,1
test,8367,0.7948619,1
test,8368,0.9149274,1
test,8369,0.90263456,1
test,8370,0.38216683,1
test,8371,0.46540326,1
test,8372,0.9006922,1
test,8373,0.8165708,1
test,8374,0.7635329,1
test,8375,0.81015515,1
test,8376,0.82274175,1
test,8377,0.6676409,1
test,8378,0.76984155,1
test,8379,0.34857664,1
test,8380,0.7875329,1
test,8381,0.8564827,1
test,8382,0.90634304,1
test,8383,0.5746343,1
test,8384,0.81968635,1
test,8385,0.8333782,1
test,8386,0.7234914,1
test,8387,0.85677856,1
test,8388,0.8711644,1
test,8389,0.89977986,1
test,8390,0.8257033,1
test,8391,0.561221,1
test,8392,0.8357377,1
test,8393,0.8751705,1
test,8394,0.4935417,1
test,8395,0.8670818,1
test,8396,0.99858725,1
test,8397,0.99877256,1
test,8398,0.99963015,1
test,8399,0.99907273,1
test,8400,0.9995121,1
test,8401,0.9995128,1
test,8402,0.99818724,1
test,8403,0.99920636,1
test,8404,0.99933225,1
test,8405,0.99898493,1
test,8406,0.9978261,1
test,8407,0.5282794,1
test,8408,0.40146264,1
test,8409,0.7053124,1
test,8410,0.86200315,1
test,8411,0.71101385,1
test,8412,0.9989234,1
test,8413,0.9990986,1
test,8414,0.9993372,1
test,8415,0.9993287,1
test,8416,0.9991596,1
test,8417,0.9990375,1
test,8418,0.8854597,1
test,8419,0.8188122,1
test,8420,0.87124264,1
test,8421,0.86262417,1
test,8422,0.88499147,1
test,8423,0.8672675,1
test,8424,0.8842081,1
test,8425,0.86889756,1
test,8426,0.8522534,1
test,8427,0.82925487,1
test,8428,0.8933034,1
test,8429,0.8599647,1
test,8430,0.87068474,1
test,8431,0.8915808,1
test,8432,0.85634935,1
test,8433,0.49633062,1
test,8434,0.92965025,1
test,8435,0.8870145,1
test,8436,0.9331642,1
test,8437,0.8463685,1
test,8438,0.892751,1
test,8439,0.821751,1
test,8440,0.38766366,1
test,8441,0.9990131,1
test,8442,0.9987044,1
test,8443,0.37431055,1
test,8444,0.9988014,1
test,8445,0.99851006,1
test,8446,0.99897695,1
test,8447,0.99793947,1
test,8448,0.42948642,1
test,8449,0.99872607,1
test,8450,0.9977248,1
test,8451,0.7994612,1
test,8452,0.9971969,1
test,8453,0.9980796,1
test,8454,0.7463225,1
test,8455,0.9958045,1
test,8456,0.99674165,1
test,8457,0.99639773,1
test,8458,0.9971892,1
test,8459,0.9961717,1
test,8460,0.99674517,1
test,8461,0.9978379,1
test,8462,0.99693847,1
test,8463,0.99797666,1
test,8464,0.6196619,1
test,8465,0.99671394,1
test,8466,0.9974611,1
test,8467,0.9975828,1
test,8468,0.45368484,1
test,8469,0.82162,1
test,8470,0.83179486,1
test,8471,0.5395391,1
test,8472,0.6842129,1
test,8473,0.44514936,1
test,8474,0.42455575,1
test,8475,0.9993101,1
test,8476,0.99967134,1
test,8477,0.9994704,1
test,8478,0.9995369,1
test,8479,0.9995814,1
test,8480,0.82512856,1
test,8481,0.48111778,1
test,8482,0.9049786,1
test,8483,0.8949844,1
test,8484,0.2656283,1
test,8485,0.6028199,1
test,8486,0.8506774,1
test,8487,0.6732995,1
test,8488,0.72741973,1
test,8489,0.3954881,1
test,8490,0.99885243,1
test,8491,0.99908036,1
test,8492,0.999569,1
test,8493,0.5060721,1
test,8494,0.99941957,1
test,8495,0.9995702,1
test,8496,0.8695528,1
test,8497,0.9995318,1
test,8498,0.771806,1
test,8499,0.9907791,1
test,8500,0.42686036,1
test,8501,0.99092644,1
test,8502,0.5001425,1
test,8503,0.98883927,1
test,8504,0.5794618,1
test,8505,0.45239088,0
test,8506,0.5909715,1
test,8507,0.32531467,1
test,8508,0.9985323,1
test,8509,0.9990529,1
test,8510,0.66939354,1
test,8511,0.99997103,1
test,8512,0.9998545,1
test,8513,0.99873346,1
test,8514,0.9984572,1
test,8515,0.99879384,1
test,8516,0.9999484,1
test,8517,0.2664294,1
test,8518,0.99887776,1
test,8519,0.6757518,1
test,8520,0.99949706,1
test,8521,0.99955726,1
test,8522,0.99950737,1
test,8523,0.52495205,1
test,8524,0.0018114003,0
test,8525,0.43250027,1
test,8526,0.77068365,1
test,8527,0.83637804,1
test,8528,0.8688643,1
test,8529,0.8505564,1
test,8530,0.8575121,1
test,8531,0.5624153,1
test,8532,0.9493975,1
test,8533,0.9983809,1
test,8534,0.6571655,1
test,8535,0.9994148,1
test,8536,0.99913776,1
test,8537,0.6797759,1
test,8538,0.5031221,1
test,8539,0.4432364,1
test,8540,0.7545915,1
test,8541,0.6090069,1
test,8542,0.6698275,1
test,8543,0.7407464,1
test,8544,0.99545336,1
test,8545,0.12108372,1
test,8546,0.86043704,1
test,8547,0.87315166,1
test,8548,0.76937336,1
test,8549,0.8460232,1
test,8550,0.5794418,1
test,8551,0.5093119,1
test,8552,0.9991397,1
test,8553,0.99904287,1
test,8554,0.9989461,1
test,8555,0.99929684,1
test,8556,0.9994166,1
test,8557,0.9172701,1
test,8558,0.47851995,1
test,8559,0.7952227,1
test,8560,0.7824154,1
test,8561,0.99996424,1
test,8562,0.9999776,1
test,8563,0.7228398,1
test,8564,0.9999733,1
test,8565,0.7598096,1
test,8566,0.99996597,1
test,8567,0.99997044,1
test,8568,0.7858908,1
test,8569,0.9990969,1
test,8570,0.71356773,1
test,8571,0.9995406,1
test,8572,0.65681624,1
test,8573,0.99995077,1
test,8574,0.8212423,1
test,8575,0.9989578,1
test,8576,0.998875,1
test,8577,0.6912074,1
test,8578,0.27523118,1
test,8579,0.9996925,1
test,8580,0.8841835,1
test,8581,0.9995869,1
test,8582,0.99951774,1
test,8583,0.9996606,1
test,8584,0.86848736,1
test,8585,0.31837544,1
test,8586,0.9996731,1
test,8587,0.35498077,1
test,8588,0.9997513,1
test,8589,0.889878,1
test,8590,0.8375151,1
test,8591,0.999389,1
test,8592,0.99944764,1
test,8593,0.5108743,1
test,8594,0.5624455,1
test,8595,0.8525413,1
test,8596,0.748987,1
test,8597,0.9916469,1
test,8598,0.84444505,1
test,8599,0.4708117,1
test,8600,0.75989157,1
test,8601,0.22278728,1
test,8602,0.99649554,1
test,8603,0.8776543,1
test,8604,0.99722564,1
test,8605,0.5372038,1
test,8606,0.9946271,1
test,8607,0.9964974,1
test,8608,0.9947431,1
test,8609,0.43996748,1
test,8610,0.9992126,1
test,8611,0.53813255,1
test,8612,0.85599285,1
test,8613,0.6291793,1
test,8614,0.9941109,1
test,8615,0.71582186,1
test,8616,0.81026846,1
test,8617,0.99870765,1
test,8618,0.99789435,1
test,8619,0.9986157,1
test,8620,0.9984214,1
test,8621,0.9991084,1
test,8622,0.99888027,1
test,8623,0.99923813,1
test,8624,0.99906635,1
test,8625,0.999042,1
test,8626,0.9980816,1
test,8627,0.9989112,1
test,8628,0.9991685,1
test,8629,0.99857885,1
test,8630,0.9987348,1
test,8631,0.99903923,1
test,8632,0.9987263,1
test,8633,0.5267596,1
test,8634,0.58336854,1
test,8635,0.34028712,1
test,8636,0.99934566,1
test,8637,0.9993665,1
test,8638,0.99910265,1
test,8639,0.99817723,1
test,8640,0.7865169,1
test,8641,0.9968862,1
test,8642,0.99796873,1
test,8643,0.9989064,1
test,8644,0.9987832,1
test,8645,0.9985148,1
test,8646,0.9983217,1
test,8647,0.99803823,1
test,8648,0.99885774,1
test,8649,0.9985435,1
test,8650,0.5644349,1
test,8651,0.99850416,1
test,8652,0.9977077,1
test,8653,0.9982473,1
test,8654,0.9975601,1
test,8655,0.30179274,1
test,8656,0.9977401,1
test,8657,0.99886745,1
test,8658,0.5100707,1
test,8659,0.99831784,1
test,8660,0.9990351,1
test,8661,0.9983156,1
test,8662,0.99860734,1
test,8663,0.99846476,1
test,8664,0.99867487,1
test,8665,0.6365496,1
test,8666,0.9982129,1
test,8667,0.9985132,1
test,8668,0.9977501,1
test,8669,0.52502084,1
test,8670,0.99872684,1
test,8671,0.9975736,1
test,8672,0.4211833,1
test,8673,0.37042668,1
test,8674,0.8733454,1
test,8675,0.37325063,1
test,8676,0.7818494,1
test,8677,0.567315,1
test,8678,0.78493464,1
test,8679,0.4696526,1
test,8680,0.8348187,1
test,8681,0.7969042,1
test,8682,0.7736693,1
test,8683,0.8102251,1
test,8684,0.73008573,1
test,8685,0.48492226,1
test,8686,0.83072627,1
test,8687,0.813907,1
test,8688,0.84062046,1
test,8689,0.7277846,1
test,8690,0.9123357,1
test,8691,0.8844958,1
test,8692,0.9992164,1
test,8693,0.9993881,1
test,8694,0.8182595,1
test,8695,0.99859077,1
test,8696,0.998773,1
test,8697,0.9983796,1
test,8698,0.9987234,1
test,8699,0.99879384,1
test,8700,0.9994592,1
test,8701,0.99949735,1
test,8702,0.9994743,1
test,8703,0.999186,1
test,8704,0.99886256,1
test,8705,0.99916023,1
test,8706,0.9996396,1
test,8707,0.9988644,1
test,8708,0.9988753,1
test,8709,0.99913263,1
test,8710,0.9988267,1
test,8711,0.9994561,1
test,8712,0.9987666,1
test,8713,0.99913704,1
test,8714,0.9987677,1
test,8715,0.99879867,1
test,8716,0.99936086,1
test,8717,0.9991437,1
test,8718,0.9995593,1
test,8719,0.998965,1
test,8720,0.9994027,1
test,8721,0.9992421,1
test,8722,0.9989999,1
test,8723,0.99926025,1
test,8724,0.9994026,1
test,8725,0.62342274,1
test,8726,0.9990939,1
test,8727,0.9989439,1
test,8728,0.7518049,1
test,8729,0.29611632,1
test,8730,0.77271706,1
test,8731,0.61346376,1
test,8732,0.7442775,1
test,8733,0.99949074,1
test,8734,0.37421113,1
test,8735,0.31502572,1
test,8736,0.55799687,1
test,8737,0.9991657,1
test,8738,0.9989458,1
test,8739,0.99943596,1
test,8740,0.999401,1
test,8741,0.7189312,1
test,8742,0.623916,1
test,8743,0.73174626,1
test,8744,0.69947314,1
test,8745,0.85570097,1
test,8746,0.51386625,1
test,8747,0.6848558,1
test,8748,0.83006054,1
test,8749,0.3123829,1
test,8750,0.69541216,1
test,8751,0.3580452,1
test,8752,0.17689757,1
test,8753,0.9063282,1
test,8754,0.6766685,1
test,8755,0.7892129,1
test,8756,0.7119539,1
test,8757,0.99897355,1
test,8758,0.99886835,1
test,8759,0.99941456,1
test,8760,0.99931777,1
test,8761,0.99938786,1
test,8762,0.6839694,1
test,8763,0.5634395,1
test,8764,0.9212464,1
test,8765,0.2117881,1
test,8766,0.7026062,1
test,8767,0.7171054,1
test,8768,0.85741854,1
test,8769,0.34620693,1
test,8770,0.60607165,1
test,8771,0.43981877,1
test,8772,0.99791545,1
test,8773,0.9976622,1
test,8774,0.998035,1
test,8775,0.388072,1
test,8776,0.61138666,1
test,8777,0.5302509,1
test,8778,0.483518,1
test,8779,0.42644975,1
test,8780,0.18190457,1
test,8781,0.20696792,1
test,8782,0.123866946,1
test,8783,0.455333,1
test,8784,0.7413486,1
test,8785,0.68808174,1
test,8786,0.81243384,1
test,8787,0.74737895,1
test,8788,0.46145928,1
test,8789,0.49012825,1
test,8790,0.35874602,1
test,8791,0.67239183,1
test,8792,0.92185843,1
test,8793,0.7838529,1
test,8794,0.6452246,1
test,8795,0.69566524,1
test,8796,0.527897,1
test,8797,0.95951,1
test,8798,0.5704446,1
test,8799,0.50783247,1
test,8800,0.9990586,1
test,8801,0.9994644,1
test,8802,0.99934465,1
test,8803,0.99935013,1
test,8804,0.940917,1
test,8805,0.5418503,1
test,8806,0.8884888,1
test,8807,0.9979368,1
test,8808,0.4769789,1
test,8809,0.99720097,1
test,8810,0.9975554,1
test,8811,0.17347029,1
test,8812,0.9967199,1
test,8813,0.8357376,1
test,8814,0.19671151,1
test,8815,0.49152368,1
test,8816,0.23471014,1
test,8817,0.4660188,1
test,8818,0.776633,1
test,8819,0.46425396,1
test,8820,0.5105264,1
test,8821,0.82976854,1
test,8822,0.8679925,1
test,8823,0.4703101,1
test,8824,0.8034994,1
test,8825,0.99782294,1
test,8826,0.9980292,1
test,8827,0.6402289,1
test,8828,0.9528231,1
test,8829,0.9993491,1
test,8830,0.99907035,1
test,8831,0.66012394,1
test,8832,0.99897504,1
test,8833,0.99931467,1
test,8834,0.9992892,1
test,8835,0.96187615,1
test,8836,0.722116,1
test,8837,0.9619399,1
test,8838,0.566519,1
test,8839,0.7931244,1
test,8840,0.40682566,1
test,8841,0.99748164,1
test,8842,0.9983331,1
test,8843,0.9980937,1
test,8844,0.9976557,1
test,8845,0.9970978,1
test,8846,0.7985939,1
test,8847,0.52255774,1
test,8848,0.69281226,1
test,8849,0.6973249,1
test,8850,0.4271051,1
test,8851,0.5560638,1
test,8852,0.42371872,1
test,8853,0.8297155,1
test,8854,0.43904394,1
test,8855,0.5379566,1
test,8856,0.43969634,1
test,8857,0.43541127,1
test,8858,0.86964995,1
test,8859,0.99225086,1
test,8860,0.58639425,1
test,8861,0.83386385,1
test,8862,0.46503082,1
test,8863,0.70268095,1
test,8864,0.6415992,1
test,8865,0.4740001,1
test,8866,0.8838949,1
test,8867,0.16304623,1
test,8868,0.6871055,1
test,8869,0.12038199,1
test,8870,0.41931257,1
test,8871,0.3825234,1
test,8872,0.3781109,1
test,8873,0.7478186,1
test,8874,0.9993414,1
test,8875,0.99940974,1
test,8876,0.9993943,1
test,8877,0.6025387,1
test,8878,0.50359786,1
test,8879,0.27867293,1
test,8880,0.26633948,1
test,8881,0.9993528,1
test,8882,0.39578965,1
test,8883,0.4475388,1
test,8884,0.18062624,1
test,8885,0.45194232,1
test,8886,0.77563906,1
test,8887,0.97356945,1
test,8888,0.32866803,1
test,8889,0.4464335,0
test,8890,0.09614683,1
test,8891,0.9888028,1
test,8892,0.41482353,1
test,8893,0.43882054,1
test,8894,0.8373482,1
test,8895,0.9793878,1
test,8896,0.9992803,1
test,8897,0.9991159,1
test,8898,0.99927866,1
test,8899,0.38101307,1
test,8900,0.08678559,1
test,8901,0.47651446,1
test,8902,0.8763141,1
test,8903,0.8796332,1
test,8904,0.8479866,1
test,8905,0.93019414,1
test,8906,0.87225556,1
test,8907,0.7831906,1
test,8908,0.82520604,1
test,8909,0.7472321,1
test,8910,0.39028543,1
test,8911,0.7419877,1
test,8912,0.045414492,1
test,8913,0.6485726,1
test,8914,0.60157686,1
test,8915,0.99922085,1
test,8916,0.9991209,1
test,8917,0.25820294,1
test,8918,0.8000287,1
test,8919,0.4404004,1
test,8920,0.9567125,1
test,8921,0.3921864,1
test,8922,0.80984044,1
test,8923,0.39007875,1
test,8924,0.94510347,1
test,8925,0.52572054,1
test,8926,0.34175995,1
test,8927,0.89928997,1
test,8928,0.9221674,1
test,8929,0.4867625,1
test,8930,0.49405342,1
test,8931,0.32216492,1
test,8932,0.9906655,1
test,8933,0.7378335,1
test,8934,0.81347275,1
test,8935,0.8167344,1
test,8936,0.89483345,1
test,8937,0.5513438,1
test,8938,0.92800343,1
test,8939,0.5724012,1
test,8940,0.64875376,1
test,8941,0.70282686,1
test,8942,0.87225795,1
test,8943,0.5328474,1
test,8944,0.9153336,1
test,8945,0.5733682,1
test,8946,0.64693284,1
test,8947,0.4445608,1
test,8948,0.9997719,1
test,8949,0.99950254,1
test,8950,0.74924874,1
test,8951,0.6005422,1
test,8952,0.99902016,1
test,8953,0.99955785,1
test,8954,0.9988592,1
test,8955,0.41379714,1
test,8956,0.37850392,1
test,8957,0.8435222,1
test,8958,0.5191288,1
test,8959,0.92044204,1
test,8960,0.8777797,1
test,8961,0.3545518,1
test,8962,0.30565253,1
test,8963,0.7399837,1
test,8964,0.5587585,1
test,8965,0.6305263,1
test,8966,0.003101063,1
test,8967,0.8021846,1
test,8968,0.2702385,1
test,8969,0.80643463,1
test,8970,0.94947666,1
test,8971,0.9615388,1
test,8972,0.9332861,1
test,8973,0.93018454,1
test,8974,0.8131539,1
test,8975,0.83395624,1
test,8976,0.48818988,1
test,8977,0.6758326,1
test,8978,0.392456,1
test,8979,0.4848401,1
test,8980,0.6582191,1
test,8981,0.48596773,1
test,8982,0.9304309,1
test,8983,0.627638,1
test,8984,0.7214613,1
test,8985,0.9215305,1
test,8986,0.41537225,1
test,8987,0.59416616,1
test,8988,0.8399558,1
test,8989,0.41815555,1
test,8990,0.41182458,1
test,8991,0.7881659,1
test,8992,0.46662092,1
test,8993,0.9993298,1
test,8994,0.8291837,1
test,8995,0.5326078,1
test,8996,0.8621285,1
test,8997,0.9615097,1
test,8998,0.5771245,1
test,8999,0.49802566,1
test,9000,0.93794227,1
test,9001,0.91655326,1
test,9002,0.99870884,1
test,9003,0.9992454,1
test,9004,0.99907273,1
test,9005,0.47996616,1
test,9006,0.99939865,1
test,9007,0.6882762,1
test,9008,0.6270287,1
test,9009,0.6262517,1
test,9010,0.39535415,1
test,9011,0.4095006,1
test,9012,0.7016443,1
test,9013,0.56101304,1
test,9014,0.81891173,1
test,9015,0.009640993,1
test,9016,0.28542402,1
test,9017,0.52852666,1
test,9018,0.99467766,1
test,9019,0.9889832,1
test,9020,0.99376315,1
test,9021,0.9875568,1
test,9022,0.99505466,1
test,9023,0.99539864,1
test,9024,0.9916922,1
test,9025,0.9964024,1
test,9026,0.44960544,1
test,9027,0.99063236,1
test,9028,0.9927029,1
test,9029,0.99517304,1
test,9030,0.9921475,1
test,9031,0.99337363,1
test,9032,0.9943634,1
test,9033,0.8186104,1
test,9034,0.99079317,1
test,9035,0.6056123,1
test,9036,0.46626425,1
test,9037,0.37169558,1
test,9038,0.7967862,1
test,9039,0.36306208,1
test,9040,0.5139376,1
test,9041,0.38201618,1
test,9042,0.6785993,1
test,9043,0.694222,1
test,9044,0.70438266,1
test,9045,0.7836119,1
test,9046,0.9997792,1
test,9047,0.99987465,1
test,9048,0.9983053,1
test,9049,0.9976619,1
test,9050,0.9990878,1
test,9051,0.78149533,1
test,9052,0.8241876,1
test,9053,0.99882865,1
test,9054,0.77117616,1
test,9055,0.99878436,1
test,9056,0.71185493,1
test,9057,0.9994672,1
test,9058,0.9991382,1
test,9059,0.45034748,1
test,9060,0.48806447,1
test,9061,0.42059985,1
test,9062,0.32209924,1
test,9063,0.7124563,1
test,9064,0.61915094,1
test,9065,0.75902617,1
test,9066,0.83801275,1
test,9067,0.99961495,1
test,9068,0.99969196,1
test,9069,0.9996208,1
test,9070,0.999719,1
test,9071,0.9997701,1
test,9072,0.99962693,1
test,9073,0.99975824,1
test,9074,0.9996682,1
test,9075,0.9992094,1
test,9076,0.99959207,1
test,9077,0.99959385,1
test,9078,0.99979484,1
test,9079,0.99969476,1
test,9080,0.8933695,1
test,9081,0.99972755,1
test,9082,0.99942106,1
test,9083,0.9996991,1
test,9084,0.75098103,1
test,9085,0.51496196,1
test,9086,0.26289523,1
test,9087,0.88809335,1
test,9088,0.9996203,1
test,9089,0.99979836,1
test,9090,0.9997054,1
test,9091,0.9995163,1
test,9092,0.99983567,1
test,9093,0.99983245,1
test,9094,0.99981713,1
test,9095,0.9997454,1
test,9096,0.9997023,1
test,9097,0.9992454,1
test,9098,0.99898905,1
test,9099,0.9994357,1
test,9100,0.9993145,1
test,9101,0.54648966,1
test,9102,0.7185677,1
test,9103,0.8067458,1
test,9104,0.3836945,1
test,9105,0.5418625,1
test,9106,0.14486936,1
test,9107,0.70430744,1
test,9108,0.85397005,1
test,9109,0.45609602,1
test,9110,0.84193027,1
test,9111,0.8407756,1
test,9112,0.44919065,1
test,9113,0.92895937,1
test,9114,0.8891586,1
test,9115,0.9998179,1
test,9116,0.9998095,1
test,9117,0.99978596,1
test,9118,0.7213249,1
test,9119,0.999838,1
test,9120,0.99954367,1
test,9121,0.9998097,1
test,9122,0.99979675,1
test,9123,0.99980617,1
test,9124,0.70176077,1
test,9125,0.25844494,1
test,9126,0.99928474,1
test,9127,0.4966246,1
test,9128,0.815397,1
test,9129,0.71662676,1
test,9130,0.7198285,1
test,9131,0.42353195,1
test,9132,0.57252413,1
test,9133,0.7683626,1
test,9134,0.5761559,1
test,9135,0.87369704,1
test,9136,0.5563433,1
test,9137,0.35705817,1
test,9138,0.26408073,1
test,9139,0.7142209,1
test,9140,0.76093245,1
test,9141,0.50236464,1
test,9142,0.8396623,1
test,9143,0.7703965,1
test,9144,0.72160995,1
test,9145,0.6857368,1
test,9146,0.41790366,1
test,9147,0.9994453,1
test,9148,0.87208384,1
test,9149,0.30766103,1
test,9150,0.75579923,1
test,9151,0.7022946,1
test,9152,0.48859197,1
test,9153,0.72368115,1
test,9154,0.8160971,1
test,9155,0.34284872,1
test,9156,0.42967075,1
test,9157,0.7844089,1
test,9158,0.5950343,1
test,9159,0.69359404,1
test,9160,0.7685657,1
test,9161,0.99942917,1
test,9162,0.9992644,1
test,9163,0.9994497,1
test,9164,0.99926144,1
test,9165,0.7487346,1
test,9166,0.9996152,1
test,9167,0.9990915,1
test,9168,0.99969125,1
test,9169,0.9991038,1
test,9170,0.81704783,1
test,9171,0.4937317,1
test,9172,0.553522,1
test,9173,0.4514664,1
test,9174,0.8214979,1
test,9175,0.8272893,1
test,9176,0.5580928,1
test,9177,0.6759734,1
test,9178,0.6556221,1
test,9179,0.20299882,1
test,9180,0.27621362,1
test,9181,0.49323815,1
test,9182,0.3436277,1
test,9183,0.77289915,1
test,9184,0.9977453,1
test,9185,0.9979692,1
test,9186,0.5175401,1
test,9187,0.99780345,1
test,9188,0.9982716,1
test,9189,0.99769473,1
test,9190,0.71167594,1
test,9191,0.5730381,1
test,9192,0.69537115,1
test,9193,0.7391305,1
test,9194,0.874119,1
test,9195,0.13545536,1
test,9196,0.9991681,1
test,9197,0.9994192,1
test,9198,0.99904925,1
test,9199,0.99934,1
test,9200,0.9996282,1
test,9201,0.9996078,1
test,9202,0.9985981,1
test,9203,0.99953365,1
test,9204,0.8960563,1
test,9205,0.68191206,1
test,9206,0.65778404,1
test,9207,0.7201886,1
test,9208,0.8693808,1
test,9209,0.7319633,1
test,9210,0.9228855,1
test,9211,0.775304,1
test,9212,0.8693908,1
test,9213,0.9995622,1
test,9214,0.99919575,1
test,9215,0.7347785,1
test,9216,0.9991668,1
test,9217,0.99865675,1
test,9218,0.83972144,1
test,9219,0.22599097,1
test,9220,0.7451012,1
test,9221,0.7423515,1
test,9222,0.33064917,1
test,9223,0.43050495,1
test,9224,0.25795025,1
test,9225,0.82966846,1
test,9226,0.87296,1
test,9227,0.54073787,1
test,9228,0.8626927,1
test,9229,0.8335278,1
test,9230,0.8595473,1
test,9231,0.7773852,1
test,9232,0.92164016,1
test,9233,0.7555819,1
test,9234,0.3805002,1
test,9235,0.5919225,1
test,9236,0.93333626,1
test,9237,0.63185596,1
test,9238,0.8482783,1
test,9239,0.47479767,1
test,9240,0.5941814,1
test,9241,0.63189244,1
test,9242,0.5750471,1
test,9243,0.7588862,1
test,9244,0.8022715,1
test,9245,0.45815128,1
test,9246,0.52036,1
test,9247,0.51002145,1
test,9248,0.71808,1
test,9249,0.6259519,1
test,9250,0.8650962,1
test,9251,0.84723884,1
test,9252,0.8478191,1
test,9253,0.9994638,1
test,9254,0.99939656,1
test,9255,0.99933976,1
test,9256,0.9994375,1
test,9257,0.99973136,1
test,9258,0.80721813,1
test,9259,0.9022746,1
test,9260,0.91379356,1
test,9261,0.99851316,1
test,9262,0.9992,1
test,9263,0.99856186,1
test,9264,0.9993762,1
test,9265,0.99857754,1
test,9266,0.9989104,1
test,9267,0.99947566,1
test,9268,0.9987114,1
test,9269,0.99945664,1
test,9270,0.99883866,1
test,9271,0.99827075,1
test,9272,0.9986092,1
test,9273,0.99868,1
test,9274,0.9983982,1
test,9275,0.9989111,1
test,9276,0.6784946,1
test,9277,0.66265076,1
test,9278,0.56085086,1
test,9279,0.4568367,1
test,9280,0.5002291,1
test,9281,0.9051119,1
test,9282,0.88939923,1
test,9283,0.4381064,1
test,9284,0.4365142,1
test,9285,0.41236967,1
test,9286,0.56303895,1
test,9287,0.8298563,1
test,9288,0.58250594,1
test,9289,0.45642012,1
test,9290,0.74503917,1
test,9291,0.5118867,1
test,9292,0.4284683,1
test,9293,0.63418615,1
test,9294,0.63718766,1
test,9295,0.49310395,1
test,9296,0.24505265,1
test,9297,0.44038302,1
test,9298,0.48289806,1
test,9299,0.38743395,1
test,9300,0.9990583,1
test,9301,0.9991062,1
test,9302,0.9993182,1
test,9303,0.7991319,1
test,9304,0.70792896,1
test,9305,0.8870188,1
test,9306,0.59126323,1
test,9307,0.6252068,1
test,9308,0.39336076,1
test,9309,0.66208684,1
test,9310,0.24018234,1
test,9311,0.85857564,1
test,9312,0.89656407,1
test,9313,0.4968693,1
test,9314,0.87003547,1
test,9315,0.83075356,1
test,9316,0.5341145,1
test,9317,0.9996093,1
test,9318,0.99941367,1
test,9319,0.9988858,1
test,9320,0.9993962,1
test,9321,0.74872303,1
test,9322,0.99841607,1
test,9323,0.81335473,1
test,9324,0.8611371,1
test,9325,0.474313,1
test,9326,0.99762,1
test,9327,0.9983279,1
test,9328,0.84254646,1
test,9329,0.99829835,1
test,9330,0.99788743,1
test,9331,0.9980956,1
test,9332,0.9989576,1
test,9333,0.7749996,1
test,9334,0.99787885,1
test,9335,0.99902374,1
test,9336,0.87193,1
test,9337,0.9979456,1
test,9338,0.99831516,1
test,9339,0.9956466,1
test,9340,0.7840239,1
test,9341,0.8012376,1
test,9342,0.9997577,1
test,9343,0.99980897,1
test,9344,0.99974394,1
test,9345,0.9998054,1
test,9346,0.99983144,1
test,9347,0.99973726,1
test,9348,0.19379114,1
test,9349,0.99971676,1
test,9350,0.99972653,1
test,9351,0.999729,1
test,9352,0.77636176,1
test,9353,0.9990468,1
test,9354,0.9983885,1
test,9355,0.9985579,1
test,9356,0.9997651,1
test,9357,0.99930674,1
test,9358,0.9987105,1
test,9359,0.9990565,1
test,9360,0.99922,1
test,9361,0.9983989,1
test,9362,0.9988778,1
test,9363,0.99873257,1
test,9364,0.5839679,1
test,9365,0.9993804,1
test,9366,0.99934363,1
test,9367,0.9993632,1
test,9368,0.9994801,1
test,9369,0.85932577,1
test,9370,0.2874345,1
test,9371,0.8044906,1
test,9372,0.96252596,1
test,9373,0.40728828,1
test,9374,0.73462456,1
test,9375,0.72066337,1
test,9376,0.5018146,1
test,9377,0.8075981,1
test,9378,0.7277974,1
test,9379,0.8319305,1
test,9380,0.8251403,1
test,9381,0.7911122,1
test,9382,0.698694,1
test,9383,0.36212713,1
test,9384,0.60133517,1
test,9385,0.7466028,1
test,9386,0.8637454,1
test,9387,0.74245,1
test,9388,0.7743892,1
test,9389,0.8092592,1
test,9390,0.19884525,1
test,9391,0.65729034,1
test,9392,0.6906228,1
test,9393,0.5061494,1
test,9394,0.9992893,1
test,9395,0.9992969,1
test,9396,0.99887496,1
test,9397,0.8194187,1
test,9398,0.9989289,1
test,9399,0.9993891,1
test,9400,0.9992142,1
test,9401,0.99941796,1
test,9402,0.4596939,1
test,9403,0.94059974,1
test,9404,0.40491077,1
test,9405,0.86313516,1
test,9406,0.77535975,1
test,9407,0.6158955,1
test,9408,0.8460078,1
test,9409,0.7797541,1
test,9410,0.6543646,1
test,9411,0.82356155,1
test,9412,0.7793959,1
test,9413,0.7761813,1
test,9414,0.5322676,1
test,9415,0.790434,1
test,9416,0.44052804,1
test,9417,0.7820648,1
test,9418,0.99850243,1
test,9419,0.9969121,1
test,9420,0.9977939,1
test,9421,0.6957619,1
test,9422,0.71886736,1
test,9423,0.6542773,1
test,9424,0.88352114,1
test,9425,0.514459,1
test,9426,0.7512821,1
test,9427,0.14234279,1
test,9428,0.81383187,1
test,9429,0.71065474,1
test,9430,0.70311594,1
test,9431,0.43956077,1
test,9432,0.78431344,1
test,9433,0.7584226,1
test,9434,0.09521455,1
test,9435,0.9990407,1
test,9436,0.9992196,1
test,9437,0.8356106,1
test,9438,0.6878237,1
test,9439,0.85698587,1
test,9440,0.99896634,1
test,9441,0.9993391,1
test,9442,0.39866543,1
test,9443,0.9984755,1
test,9444,0.99884063,1
test,9445,0.9986884,1
test,9446,0.9992763,1
test,9447,0.99935615,1
test,9448,0.4853631,1
test,9449,0.9993036,1
test,9450,0.9989153,1
test,9451,0.48370475,1
test,9452,0.80535495,1
test,9453,0.78452617,1
test,9454,0.8397244,1
test,9455,0.8600044,1
test,9456,0.82445717,1
test,9457,0.83173555,1
test,9458,0.40988958,1
test,9459,0.7729244,1
test,9460,0.382194,1
test,9461,0.99951005,1
test,9462,0.8153342,1
test,9463,0.9995545,1
test,9464,0.999401,1
test,9465,0.9998461,1
test,9466,0.9997841,1
test,9467,0.99987257,1
test,9468,0.76247364,1
test,9469,0.7261071,1
test,9470,0.9861757,1
test,9471,0.9036608,1
test,9472,0.9840301,1
test,9473,0.98210806,1
test,9474,0.9760184,1
test,9475,0.9856218,1
test,9476,0.98895603,1
test,9477,0.7720581,1
test,9478,0.9055142,1
test,9479,0.31677467,1
test,9480,0.9993176,1
test,9481,0.99960536,1
test,9482,0.99972844,1
test,9483,0.38378772,1
test,9484,0.30500817,1
test,9485,0.9976287,1
test,9486,0.9985173,1
test,9487,0.9975887,1
test,9488,0.9988032,1
test,9489,0.59762216,1
test,9490,0.997863,1
test,9491,0.88720703,1
test,9492,0.99944156,1
test,9493,0.9990319,1
test,9494,0.91270334,1
test,9495,0.9993238,1
test,9496,0.91593355,1
test,9497,0.9182642,1
test,9498,0.99981755,1
test,9499,0.99981976,1
test,9500,0.99986887,1
test,9501,0.8758636,1
test,9502,0.99875486,1
test,9503,0.9983922,1
test,9504,0.9997479,1
test,9505,0.99983925,1
test,9506,0.99963564,1
test,9507,0.9983225,1
test,9508,0.8494006,1
test,9509,0.9264129,1
test,9510,0.9998635,1
test,9511,0.999053,1
test,9512,0.9978403,1
test,9513,0.9986542,1
test,9514,0.9955467,1
test,9515,0.99981993,1
test,9516,0.84277964,1
test,9517,0.43430552,1
test,9518,0.45975536,1
test,9519,0.4585912,1
test,9520,0.83309937,1
test,9521,0.48085627,1
test,9522,0.5245162,1
test,9523,0.47095633,1
test,9524,0.7254815,1
test,9525,0.46251118,1
test,9526,0.4296275,1
test,9527,0.4449056,1
test,9528,0.772712,1
test,9529,0.99963593,1
test,9530,0.9991299,1
test,9531,0.99908143,1
test,9532,0.99945,1
test,9533,0.81680685,1
test,9534,0.9994511,1
test,9535,0.9993774,1
test,9536,0.9988003,1
test,9537,0.9995856,1
test,9538,0.56497705,1
test,9539,0.83685535,1
test,9540,0.7892327,1
test,9541,0.18048316,1
test,9542,0.46578717,1
test,9543,0.41479912,1
test,9544,0.39732644,1
test,9545,0.49988014,1
test,9546,0.7411336,1
test,9547,0.16880749,1
test,9548,0.7626587,1
test,9549,0.7533459,1
test,9550,0.38920063,1
test,9551,0.7574321,1
test,9552,0.700782,1
test,9553,0.5240158,1
test,9554,0.7186835,1
test,9555,0.37728465,1
test,9556,0.92283386,1
test,9557,0.41357347,1
test,9558,0.8619537,1
test,9559,0.86984164,1
test,9560,0.50340724,1
test,9561,0.73791766,1
test,9562,0.89642125,1
test,9563,0.79130614,1
test,9564,0.56385034,1
test,9565,0.6951076,1
test,9566,0.6068603,1
test,9567,0.48848337,1
test,9568,0.44111705,1
test,9569,0.7922138,1
test,9570,0.67810726,1
test,9571,0.9023586,1
test,9572,0.933867,1
test,9573,0.99917525,1
test,9574,0.6465211,1
test,9575,0.9208621,1
test,9576,0.20251885,1
test,9577,0.7793286,1
test,9578,0.84880066,1
test,9579,0.45936838,1
test,9580,0.7464787,1
test,9581,0.4864591,1
test,9582,0.7816502,1
test,9583,0.25670043,1
test,9584,0.9130932,1
test,9585,0.620039,1
test,9586,0.999522,1
test,9587,0.99979097,1
test,9588,0.9997992,1
test,9589,0.99979657,1
test,9590,0.99967843,1
test,9591,0.9997843,1
test,9592,0.9998307,1
test,9593,0.99983233,1
test,9594,0.9998009,1
test,9595,0.77735114,1
test,9596,0.99971676,1
test,9597,0.90022737,1
test,9598,0.75014204,1
test,9599,0.878993,1
test,9600,0.49770233,1
test,9601,0.9992288,1
test,9602,0.91871876,1
test,9603,0.54085207,1
test,9604,0.80508363,1
test,9605,0.56220347,1
test,9606,0.68068606,1
test,9607,0.8369762,1
test,9608,0.71615523,1
test,9609,0.8654551,1
test,9610,0.86104566,1
test,9611,0.52664214,1
test,9612,0.8317063,1
test,9613,0.52940786,1
test,9614,0.8091053,1
test,9615,0.43759474,1
test,9616,0.2869022,1
test,9617,0.7946112,1
test,9618,0.9995455,1
test,9619,0.9997918,1
test,9620,0.45869803,1
test,9621,0.99966264,1
test,9622,0.9997799,1
test,9623,0.9996886,1
test,9624,0.6233674,1
test,9625,0.4477204,1
test,9626,0.9994981,1
test,9627,0.99928933,1
test,9628,0.9312921,1
test,9629,0.60100234,1
test,9630,0.99949497,1
test,9631,0.81023514,1
test,9632,0.9995411,1
test,9633,0.46872634,1
test,9634,0.99971443,1
test,9635,0.8297824,1
test,9636,0.9994969,1
test,9637,0.7936007,1
test,9638,0.6179402,1
test,9639,0.8948206,1
test,9640,0.8508883,1
test,9641,0.9279211,1
test,9642,0.998861,1
test,9643,0.998136,1
test,9644,0.7524786,1
test,9645,0.9982347,1
test,9646,0.9973764,1
test,9647,0.9080875,1
test,9648,0.9979451,1
test,9649,0.999111,1
test,9650,0.998741,1
test,9651,0.5982398,1
test,9652,0.9755076,1
test,9653,0.98558843,1
test,9654,0.9394284,1
test,9655,0.99943656,1
test,9656,0.99939203,1
test,9657,0.9989044,1
test,9658,0.99942505,1
test,9659,0.47367978,1
test,9660,0.77670234,1
test,9661,0.8720707,1
test,9662,0.71332526,1
test,9663,0.872494,1
test,9664,0.85657334,1
test,9665,0.5446402,1
test,9666,0.8037886,1
test,9667,0.4884897,1
test,9668,0.69322956,1
test,9669,0.71614414,1
test,9670,0.99706113,1
test,9671,0.9961925,1
test,9672,0.9965518,1
test,9673,0.7953529,1
test,9674,0.9994953,1
test,9675,0.99989307,1
test,9676,0.9997163,1
test,9677,0.99955404,1
test,9678,0.99971014,1
test,9679,0.99962693,1
test,9680,0.9999112,1
test,9681,0.9994428,1
test,9682,0.99953234,1
test,9683,0.99989724,1
test,9684,0.9997332,1
test,9685,0.9994282,1
test,9686,0.79850894,1
test,9687,0.9997313,1
test,9688,0.99957395,1
test,9689,0.24896027,1
test,9690,0.99951446,1
test,9691,0.9998494,1
test,9692,0.9997239,1
test,9693,0.99952316,1
test,9694,0.79886365,1
test,9695,0.9998908,1
test,9696,0.9996927,1
test,9697,0.99974394,1
test,9698,0.9996018,1
test,9699,0.999487,1
test,9700,0.999734,1
test,9701,0.99955374,1
test,9702,0.9998919,1
test,9703,0.9997249,1
test,9704,0.9996343,1
test,9705,0.9998274,1
test,9706,0.51941955,1
test,9707,0.8702852,1
test,9708,0.8317451,1
test,9709,0.8400336,1
test,9710,0.88893974,1
test,9711,0.79542506,1
test,9712,0.84899086,1
test,9713,0.79466814,1
test,9714,0.29520085,1
test,9715,0.77002865,1
test,9716,0.7088671,1
test,9717,0.9214795,1
test,9718,0.9143058,1
test,9719,0.804713,1
test,9720,0.9989495,1
test,9721,0.99917114,1
test,9722,0.9988764,1
test,9723,0.7371506,1
test,9724,0.52788436,1
test,9725,0.5213028,1
test,9726,0.9255848,1
test,9727,0.52834785,1
test,9728,0.79407173,1
test,9729,0.4837653,1
test,9730,0.33840922,1
test,9731,0.8031569,1
test,9732,0.7810066,1
test,9733,0.8135034,1
test,9734,0.5559298,1
test,9735,0.85881335,1
test,9736,0.5206604,1
test,9737,0.8015586,1
test,9738,0.8320322,1
test,9739,0.8627963,1
test,9740,0.800192,1
test,9741,0.19399032,1
test,9742,0.8637812,1
test,9743,0.3961763,1
test,9744,0.15929641,1
test,9745,0.16823986,1
test,9746,0.63232607,1
test,9747,0.14693095,1
test,9748,0.41308022,1
test,9749,0.71464324,1
test,9750,0.99876744,1
test,9751,0.9980294,1
test,9752,0.89971095,1
test,9753,0.8773307,1
test,9754,0.99971235,1
test,9755,0.82078105,1
test,9756,0.79658294,1
test,9757,0.5027285,1
test,9758,0.5370215,1
test,9759,0.551727,1
test,9760,0.40945187,1
test,9761,0.7273432,1
test,9762,0.71735454,1
test,9763,0.8019047,1
test,9764,0.5138191,1
test,9765,0.50075877,1
test,9766,0.70096934,1
test,9767,0.77414066,1
test,9768,0.8772148,1
test,9769,0.99978507,1
test,9770,0.79690933,1
test,9771,0.8314062,1
test,9772,0.9998041,1
test,9773,0.99965394,1
test,9774,0.9997357,1
test,9775,0.99982685,1
test,9776,0.99975365,1
test,9777,0.70063365,1
test,9778,0.38655564,1
test,9779,0.4465838,1
test,9780,0.42927486,1
test,9781,0.5201351,1
test,9782,0.8450369,1
test,9783,0.6804074,1
test,9784,0.94189906,1
test,9785,0.90852135,1
test,9786,0.37469766,1
test,9787,0.99979174,1
test,9788,0.99986124,1
test,9789,0.5950284,1
test,9790,0.999686,1
test,9791,0.8893677,1
test,9792,0.9999244,1
test,9793,0.9999319,1
test,9794,0.8749856,1
test,9795,0.99980867,1
test,9796,0.47686782,1
test,9797,0.99981624,1
test,9798,0.9996829,1
test,9799,0.9084485,1
test,9800,0.25356096,1
test,9801,0.99958426,1
test,9802,0.99933934,1
test,9803,0.99960643,1
test,9804,0.99901086,1
test,9805,0.9996104,1
test,9806,0.99886405,1
test,9807,0.99908435,1
test,9808,0.99953717,1
test,9809,0.99939656,1
test,9810,0.9996809,1
test,9811,0.58771896,1
test,9812,0.9995642,1
test,9813,0.99966305,1
test,9814,0.86198175,1
test,9815,0.6560523,1
test,9816,0.7987782,1
test,9817,0.99947107,1
test,9818,0.8362527,1
test,9819,0.99901,1
test,9820,0.9996062,1
test,9821,0.8577836,1
test,9822,0.8333152,1
test,9823,0.99947643,1
test,9824,0.36635447,1
test,9825,0.76622814,1
test,9826,0.7841426,1
test,9827,0.81775,1
test,9828,0.8265282,1
test,9829,0.79328346,1
test,9830,0.42903337,1
test,9831,0.78949547,1
test,9832,0.60519373,1
test,9833,0.57517654,1
test,9834,0.41742626,1
test,9835,0.41119084,1
test,9836,0.6914392,1
test,9837,0.4023436,1
test,9838,0.6183418,1
test,9839,0.9991415,1
test,9840,0.7965747,1
test,9841,0.99951065,1
test,9842,0.99944615,1
test,9843,0.9984433,1
test,9844,0.9985442,1
test,9845,0.9996226,1
test,9846,0.9991381,1
test,9847,0.99923337,1
test,9848,0.7132728,1
test,9849,0.7041466,1
test,9850,0.6805626,1
test,9851,0.48636886,1
test,9852,0.8180572,1
test,9853,0.8806254,1
test,9854,0.872492,1
test,9855,0.8688781,1
test,9856,0.5715327,1
test,9857,0.9998583,1
test,9858,0.9998218,1
test,9859,0.9996479,1
test,9860,0.4539385,1
test,9861,0.6304543,1
test,9862,0.7586557,1
test,9863,0.66220343,1
test,9864,0.51426876,1
test,9865,0.19982101,1
test,9866,0.9951074,1
test,9867,0.99537444,1
test,9868,0.9956026,1
test,9869,0.99697053,1
test,9870,0.7744117,1
test,9871,0.51579654,1
test,9872,0.7294327,1
test,9873,0.75220853,1
test,9874,0.4071026,1
test,9875,0.16380313,1
test,9876,0.5026512,1
test,9877,0.9965715,1
test,9878,0.44320923,1
test,9879,0.5052078,1
test,9880,0.4117465,1
test,9881,0.36629406,1
test,9882,0.70253,1
test,9883,0.28254855,1
test,9884,0.8375752,1
test,9885,0.54917145,1
test,9886,0.53114736,1
test,9887,0.79874957,1
test,9888,0.80972344,1
test,9889,0.88592255,1
test,9890,0.9994112,1
test,9891,0.52217114,1
test,9892,0.9990322,1
test,9893,0.7350862,1
test,9894,0.43766275,1
test,9895,0.67224354,1
test,9896,0.57997614,1
test,9897,0.60962987,1
test,9898,0.5793921,1
test,9899,0.87579894,1
test,9900,0.51162916,1
test,9901,0.7842907,1
test,9902,0.82067114,1
test,9903,0.6107756,1
test,9904,0.83131695,1
test,9905,0.19958395,1
test,9906,0.7293543,1
test,9907,0.9988594,1
test,9908,0.99889004,1
test,9909,0.99833816,1
test,9910,0.9986408,1
test,9911,0.99873817,1
test,9912,0.99914384,1
test,9913,0.74186075,1
test,9914,0.53692997,1
test,9915,0.74683964,1
test,9916,0.6890832,1
test,9917,0.84543526,1
test,9918,0.8339605,1
test,9919,0.9994304,1
test,9920,0.99964213,1
test,9921,0.99961936,1
test,9922,0.99959385,1
test,9923,0.9994414,1
test,9924,0.9996956,1
test,9925,0.9995799,1
test,9926,0.9995404,1
test,9927,0.9994647,1
test,9928,0.83664334,1
test,9929,0.9995834,1
test,9930,0.99968165,1
test,9931,0.99955076,1
test,9932,0.9995669,1
test,9933,0.99944323,1
test,9934,0.9997158,1
test,9935,0.99952304,1
test,9936,0.99963146,1
test,9937,0.9995933,1
test,9938,0.9996905,1
test,9939,0.9997215,1
test,9940,0.9995998,1
test,9941,0.78124344,1
test,9942,0.55887383,1
test,9943,0.68259096,1
test,9944,0.99435484,1
test,9945,0.4263021,1
test,9946,0.56517565,1
test,9947,0.714634,1
test,9948,0.80853695,1
test,9949,0.2999071,1
test,9950,0.06697045,1
test,9951,0.6816495,1
test,9952,0.81425065,1
test,9953,0.7138741,1
test,9954,0.49212474,1
test,9955,0.748644,1
test,9956,0.8189426,1
test,9957,0.9994359,1
test,9958,0.9991368,1
test,9959,0.76098585,1
test,9960,0.52760637,1
test,9961,0.9996936,1
test,9962,0.9993891,1
test,9963,0.9994539,1
test,9964,0.99955416,1
test,9965,0.99955475,1
test,9966,0.99946594,1
test,9967,0.9995657,1
test,9968,0.9996929,1
test,9969,0.9992834,1
test,9970,0.9996393,1
test,9971,0.9994119,1
test,9972,0.7678119,1
test,9973,0.99850035,1
test,9974,0.7943202,1
test,9975,0.8586618,1
test,9976,0.9994331,1
test,9977,0.002112219,1
test,9978,0.9992098,1
test,9979,0.99827635,1
test,9980,0.73923266,1
test,9981,0.5031022,1
test,9982,0.85752994,1
test,9983,0.7414998,1
test,9984,0.53272605,1
test,9985,0.7702813,1
test,9986,0.54049444,1
test,9987,0.88546175,1
test,9988,0.9045508,1
test,9989,0.9995841,1
test,9990,0.9964796,1
test,9991,0.9983989,1
test,9992,0.89501894,1
test,9993,0.999547,1
test,9994,0.99947995,1
test,9995,0.765276,1
test,9996,0.998526,1
test,9997,0.88128066,1
test,9998,0.9983879,1
test,9999,0.8721361,1
test,10000,0.9997555,1
test,10001,0.9997282,1
test,10002,0.6617485,1
test,10003,0.9990182,1
test,10004,0.88011247,1
test,10005,0.9984572,1
test,10006,0.9997703,1
test,10007,0.8816325,1
test,10008,0.8575867,1
test,10009,0.99969214,1
test,10010,0.84862065,1
test,10011,0.7280004,1
test,10012,0.4185099,1
test,10013,0.54601836,1
test,10014,0.16078316,1
test,10015,0.76288843,1
test,10016,0.76116705,1
test,10017,0.6163862,1
test,10018,0.5248431,1
test,10019,0.52500683,1
test,10020,0.49493024,1
test,10021,0.46104902,1
test,10022,0.75108844,1
test,10023,0.4576862,1
test,10024,0.5883843,1
test,10025,0.5345349,1
test,10026,0.99954367,1
test,10027,0.9993375,1
test,10028,0.99922794,1
test,10029,0.551686,1
test,10030,0.95225924,1
test,10031,0.78668463,1
test,10032,0.54277134,1
test,10033,0.44575217,1
test,10034,0.72002757,1
test,10035,0.7022566,1
test,10036,0.9295388,1
test,10037,0.7368573,1
test,10038,0.7549689,1
test,10039,0.9228557,1
test,10040,0.74444723,1
test,10041,0.82140106,1
test,10042,0.9136378,1
test,10043,0.93097633,1
test,10044,0.9230134,1
test,10045,0.6664115,1
test,10046,0.571628,1
test,10047,0.90168315,1
test,10048,0.6718215,1
test,10049,0.998569,1
test,10050,0.99919313,1
test,10051,0.99921054,1
test,10052,0.9985959,1
test,10053,0.7419895,1
test,10054,0.6964724,1
test,10055,0.4734573,1
test,10056,0.9983921,1
test,10057,0.7769769,1
test,10058,0.7268902,1
test,10059,0.6422218,1
test,10060,0.7785577,1
test,10061,0.61053693,1
test,10062,0.77936107,1
test,10063,0.66035175,1
test,10064,0.7679757,1
test,10065,0.6057807,1
test,10066,0.34662703,1
test,10067,0.3600054,1
test,10068,0.8308156,1
test,10069,0.7340832,1
test,10070,0.89370793,1
test,10071,0.5212017,1
test,10072,0.7303207,1
test,10073,0.9996135,1
test,10074,0.54873466,1
test,10075,0.9993583,1
test,10076,0.6818449,1
test,10077,0.99961126,1
test,10078,0.5514711,1
test,10079,0.51112735,1
test,10080,0.65820825,1
test,10081,0.52637553,1
test,10082,0.68957365,1
test,10083,0.8667956,1
test,10084,0.6560085,1
test,10085,0.7620313,1
test,10086,0.7679604,1
test,10087,0.5966915,1
test,10088,0.70783734,1
test,10089,0.93117094,1
test,10090,0.48783472,1
test,10091,0.43609032,1
test,10092,0.11444822,1
test,10093,0.9100493,1
test,10094,0.99621254,1
test,10095,0.9970357,1
test,10096,0.99724835,1
test,10097,0.9997018,1
test,10098,0.9997328,1
test,10099,0.99980056,1
test,10100,0.99978584,1
test,10101,0.99981546,1
test,10102,0.99976355,1
test,10103,0.9996688,1
test,10104,0.99977195,1
test,10105,0.8000154,1
test,10106,0.585518,1
test,10107,0.507782,1
test,10108,0.99943,1
test,10109,0.9992764,1
test,10110,0.9994026,1
test,10111,0.9997585,1
test,10112,0.9994659,1
test,10113,0.9997717,1
test,10114,0.999808,1
test,10115,0.9995831,1
test,10116,0.9996415,1
test,10117,0.9995714,1
test,10118,0.9995979,1
test,10119,0.9996856,1
test,10120,0.9994882,1
test,10121,0.9997172,1
test,10122,0.7308429,1
test,10123,0.999749,1
test,10124,0.9996719,1
test,10125,0.700409,1
test,10126,0.75331426,1
test,10127,0.7275369,1
test,10128,0.7295536,1
test,10129,0.8378689,1
test,10130,0.5032604,1
test,10131,0.9994923,1
test,10132,0.9995767,1
test,10133,0.9995608,1
test,10134,0.9993439,1
test,10135,0.36615464,1
test,10136,0.46794575,1
test,10137,0.99948937,1
test,10138,0.9994753,1
test,10139,0.99966383,1
test,10140,0.65129185,1
test,10141,0.5649673,1
test,10142,0.99977356,1
test,10143,0.9997887,1
test,10144,0.43786064,1
test,10145,0.7448712,1
test,10146,0.39056182,1
test,10147,0.7579456,1
test,10148,0.9988233,1
test,10149,0.6133124,1
test,10150,0.99986047,1
test,10151,0.83187205,1
test,10152,0.5507525,1
test,10153,0.99946547,1
test,10154,0.81986886,1
test,10155,0.79361147,1
test,10156,0.79275465,1
test,10157,0.7007234,1
test,10158,0.5624878,1
test,10159,0.7134404,1
test,10160,0.99776703,1
test,10161,0.9978609,1
test,10162,0.8547752,1
test,10163,0.44882765,1
test,10164,0.43196177,1
test,10165,0.8705803,1
test,10166,0.64637053,1
test,10167,0.7903005,1
test,10168,0.69618165,1
test,10169,0.9997492,1
test,10170,0.9996545,1
test,10171,0.99970853,1
test,10172,0.41875964,1
test,10173,0.37601972,1
test,10174,0.48843393,1
test,10175,0.31074175,1
test,10176,0.99929917,1
test,10177,0.99941987,1
test,10178,0.4069316,1
test,10179,0.8694281,1
test,10180,0.9984084,1
test,10181,0.9536423,1
test,10182,0.99797815,1
test,10183,0.92924356,1
test,10184,0.6157492,1
test,10185,0.999578,1
test,10186,0.99827343,1
test,10187,0.99827856,1
test,10188,0.9986548,1
test,10189,0.99921143,1
test,10190,0.99913126,1
test,10191,0.99956095,1
test,10192,0.9995499,1
test,10193,0.99934685,1
test,10194,0.9990749,1
test,10195,0.8038212,1
test,10196,0.99905956,1
test,10197,0.9993311,1
test,10198,0.99958324,1
test,10199,0.9994522,1
test,10200,0.9993073,1
test,10201,0.9990602,1
test,10202,0.9992686,1
test,10203,0.9988436,1
test,10204,0.999424,1
test,10205,0.9988841,1
test,10206,0.9991148,1
test,10207,0.99960595,1
test,10208,0.9987766,1
test,10209,0.9991982,1
test,10210,0.79031813,1
test,10211,0.45231065,1
test,10212,0.501386,1
test,10213,0.4336113,1
test,10214,0.99965036,1
test,10215,0.813773,1
test,10216,0.9980908,1
test,10217,0.7110612,1
test,10218,0.99874324,1
test,10219,0.5680707,1
test,10220,0.8899895,1
test,10221,0.8535483,1
test,10222,0.4893858,1
test,10223,0.8658242,1
test,10224,0.754252,1
test,10225,0.4115255,1
test,10226,0.9949959,1
test,10227,0.3642989,1
test,10228,0.31829873,1
test,10229,0.22697854,1
test,10230,0.32781762,1
test,10231,0.88163,1
test,10232,0.3109946,1
test,10233,0.4614214,1
test,10234,0.79861104,1
test,10235,0.8242078,1
test,10236,0.9996898,1
test,10237,0.99780834,1
test,10238,0.19426094,1
test,10239,0.9384143,1
test,10240,0.4200937,1
test,10241,0.7928547,1
test,10242,0.84399116,1
test,10243,0.72751844,1
test,10244,0.9995058,1
test,10245,0.99950564,1
test,10246,0.9990126,1
test,10247,0.9991796,1
test,10248,0.9996001,1
test,10249,0.8556551,1
test,10250,0.8375332,1
test,10251,0.9996208,1
test,10252,0.852523,1
test,10253,0.9994886,1
test,10254,0.99906456,1
test,10255,0.99940825,1
test,10256,0.8672192,1
test,10257,0.99932176,1
test,10258,0.48356187,1
test,10259,0.99785197,1
test,10260,0.7406781,1
test,10261,0.9987626,1
test,10262,0.9983378,1
test,10263,0.9987352,1
test,10264,0.626529,1
test,10265,0.10033458,1
test,10266,0.41349688,1
test,10267,0.71294534,1
test,10268,0.9977791,1
test,10269,0.99704665,1
test,10270,0.9986457,1
test,10271,0.9986944,1
test,10272,0.9983464,1
test,10273,0.9973127,1
test,10274,0.5658543,1
test,10275,0.7252788,1
test,10276,0.7682096,1
test,10277,0.78139514,1
test,10278,0.7907994,1
test,10279,0.78978777,1
test,10280,0.4843781,1
test,10281,0.6120678,1
test,10282,0.43599433,1
test,10283,0.9991567,1
test,10284,0.99937737,1
test,10285,0.5815247,1
test,10286,0.9981136,1
test,10287,0.9993922,1
test,10288,0.99912554,1
test,10289,0.85718066,1
test,10290,0.99956423,1
test,10291,0.74583256,1
test,10292,0.7921559,1
test,10293,0.5079789,1
test,10294,0.6802051,1
test,10295,0.9939697,1
test,10296,0.9933838,1
test,10297,0.99328727,1
test,10298,0.99315226,1
test,10299,0.79800326,1
test,10300,0.76846033,1
test,10301,0.81000483,1
test,10302,0.8580102,1
test,10303,0.86358356,1
test,10304,0.72553355,1
test,10305,0.916189,1
test,10306,0.70010483,1
test,10307,0.99965847,1
test,10308,0.99959475,1
test,10309,0.9995062,1
test,10310,0.46186826,1
test,10311,0.9995721,1
test,10312,0.6097977,1
test,10313,0.56570435,1
test,10314,0.47500974,1
test,10315,0.6312721,1
test,10316,0.75389874,1
test,10317,0.76517063,1
test,10318,0.9995085,1
test,10319,0.9996778,1
test,10320,0.99928176,1
test,10321,0.832701,1
test,10322,0.5550318,1
test,10323,0.6509271,1
test,10324,0.6570077,1
test,10325,0.9997217,1
test,10326,0.9997226,1
test,10327,0.95896,1
test,10328,0.69884217,1
test,10329,0.9996906,1
test,10330,0.9996255,1
test,10331,0.79031014,1
test,10332,0.2816555,1
test,10333,0.8032645,1
test,10334,0.8056261,1
test,10335,0.5989034,1
test,10336,0.59401476,1
test,10337,0.46989894,1
test,10338,0.48806497,1
test,10339,0.55779773,1
test,10340,0.36868668,1
test,10341,0.86144745,1
test,10342,0.45137066,1
test,10343,0.7952497,1
test,10344,0.811515,1
test,10345,0.99968344,1
test,10346,0.9994734,1
test,10347,0.99963063,1
test,10348,0.9994596,1
test,10349,0.99959433,1
test,10350,0.9995872,1
test,10351,0.99971884,1
test,10352,0.99940467,1
test,10353,0.6223056,1
test,10354,0.9968441,1
test,10355,0.51161456,1
test,10356,0.5775255,1
test,10357,0.9996655,1
test,10358,0.9996644,1
test,10359,0.9995997,1
test,10360,0.7403882,1
test,10361,0.40986624,1
test,10362,0.9995986,1
test,10363,0.9992788,1
test,10364,0.99958014,1
test,10365,0.9994456,1
test,10366,0.999452,1
test,10367,0.3422456,1
test,10368,0.37129328,1
test,10369,0.60151696,1
test,10370,0.9994904,1
test,10371,0.999326,1
test,10372,0.9995406,1
test,10373,0.99908656,1
test,10374,0.9996171,1
test,10375,0.1996739,1
test,10376,0.08109912,1
test,10377,0.72389376,1
test,10378,0.7863257,1
test,10379,0.6178476,1
test,10380,0.8107517,1
test,10381,0.60906255,1
test,10382,0.90309715,1
test,10383,0.50565255,1
test,10384,0.69905245,1
test,10385,0.78590846,1
test,10386,0.38210624,1
test,10387,0.14359017,1
test,10388,0.6513767,1
test,10389,0.6293145,1
test,10390,0.33343482,1
test,10391,0.8874259,1
test,10392,0.11132795,1
test,10393,0.80708545,1
test,10394,0.14044464,1
test,10395,0.85865563,1
test,10396,0.64164984,1
test,10397,0.77142346,1
test,10398,0.9422104,1
test,10399,0.7107644,1
test,10400,0.6364666,1
test,10401,0.72814345,1
test,10402,0.718796,1
test,10403,0.9024389,1
test,10404,0.7775999,1
test,10405,0.901441,1
test,10406,0.68023896,1
test,10407,0.7645359,1
test,10408,0.6628991,1
test,10409,0.9953584,1
test,10410,0.1931908,1
test,10411,0.59381086,1
test,10412,0.60002697,1
test,10413,0.8005775,1
test,10414,0.8534056,1
test,10415,0.72754455,1
test,10416,0.77830034,1
test,10417,0.7689748,1
test,10418,0.64998347,1
test,10419,0.8794762,1
test,10420,0.83886385,1
test,10421,0.48069522,1
test,10422,0.8186809,1
test,10423,0.87480795,1
test,10424,0.7478504,1
test,10425,0.55256414,1
test,10426,0.5767086,1
test,10427,0.8530704,1
test,10428,0.6574447,1
test,10429,0.8486961,1
test,10430,0.38464978,1
test,10431,0.7211447,1
test,10432,0.6338171,1
test,10433,0.99837244,1
test,10434,0.76955825,1
test,10435,0.9990657,1
test,10436,0.3510711,1
test,10437,0.48268488,1
test,10438,0.9989214,1
test,10439,0.9994778,1
test,10440,0.5241221,1
test,10441,0.8945617,1
test,10442,0.89364135,1
test,10443,0.71302384,1
test,10444,0.7997321,1
test,10445,0.59729123,1
test,10446,0.5534705,1
test,10447,0.719911,1
test,10448,0.4392287,1
test,10449,0.99943954,1
test,10450,0.99978095,1
test,10451,0.8421975,1
test,10452,0.7368578,1
test,10453,0.812121,1
test,10454,0.9431054,1
test,10455,0.61385405,1
test,10456,0.6586986,1
test,10457,0.82715166,1
test,10458,0.9995319,1
test,10459,0.9997326,1
test,10460,0.9995592,1
test,10461,0.9991981,1
test,10462,0.99913806,1
test,10463,0.99933934,1
test,10464,0.67224306,1
test,10465,0.41902596,1
test,10466,0.8513393,1
test,10467,0.27050972,1
test,10468,0.74151325,1
test,10469,0.7803364,1
test,10470,0.3114768,1
test,10471,0.8153448,1
test,10472,0.7063335,1
test,10473,0.30460897,1
test,10474,0.33571348,1
test,10475,0.6327047,1
test,10476,0.85471785,1
test,10477,0.34567338,1
test,10478,0.8316578,1
test,10479,0.80442786,1
test,10480,0.7236334,1
test,10481,0.805252,1
test,10482,0.68178594,1
test,10483,0.9593745,1
test,10484,0.9502795,1
test,10485,0.26115197,1
test,10486,0.58808506,1
test,10487,0.37436187,1
test,10488,0.7063676,1
test,10489,0.49258918,1
test,10490,0.7809559,1
test,10491,0.9146037,1
test,10492,0.8771215,1
test,10493,0.57445294,1
test,10494,0.77645797,1
test,10495,0.709,1
test,10496,0.60948384,1
test,10497,0.7171831,1
test,10498,0.72343946,1
test,10499,0.6657287,1
test,10500,0.48095176,1
test,10501,0.8819326,1
test,10502,0.99960035,1
test,10503,0.9995255,1
test,10504,0.86232656,1
test,10505,0.6620233,1
test,10506,0.9553942,1
test,10507,0.81604016,1
test,10508,0.40803638,1
test,10509,0.5574962,1
test,10510,0.44297317,1
test,10511,0.81132317,1
test,10512,0.8263949,1
test,10513,0.49922743,1
test,10514,0.48215973,1
test,10515,0.8639671,1
test,10516,0.76297325,1
test,10517,0.7762514,1
test,10518,0.74265814,1
test,10519,0.74329674,1
test,10520,0.8322513,1
test,10521,0.9994485,1
test,10522,0.9992752,1
test,10523,0.9991528,1
test,10524,0.99903655,1
test,10525,0.9993041,1
test,10526,0.49693412,1
test,10527,0.39877138,1
test,10528,0.69591826,1
test,10529,0.39687127,1
test,10530,0.31127855,1
test,10531,0.63004106,1
test,10532,0.80083436,1
test,10533,0.8469995,1
test,10534,0.8775326,1
test,10535,0.997722,1
test,10536,0.16514926,1
test,10537,0.942223,1
test,10538,0.72284263,1
test,10539,0.53653,1
test,10540,0.8591325,1
test,10541,0.9994737,1
test,10542,0.9995811,1
test,10543,0.99927026,1
test,10544,0.9993309,1
test,10545,0.99926555,1
test,10546,0.99919635,1
test,10547,0.90260756,1
test,10548,0.14351133,1
test,10549,0.67172843,1
test,10550,0.8921951,1
test,10551,0.42578608,1
test,10552,0.9975084,1
test,10553,0.9975217,1
test,10554,0.62242144,1
test,10555,0.4446728,1
test,10556,0.8078559,1
test,10557,0.39319023,1
test,10558,0.9225917,1
test,10559,0.9251355,1
test,10560,0.49485192,1
test,10561,0.8936294,1
test,10562,0.18159518,1
test,10563,0.6628772,1
test,10564,0.6027259,1
test,10565,0.99860257,1
test,10566,0.3647204,1
test,10567,0.8425313,1
test,10568,0.8482386,1
test,10569,0.83844966,1
test,10570,0.8052278,1
test,10571,0.7153867,1
test,10572,0.31194296,1
test,10573,0.9323378,1
test,10574,0.96349263,1
test,10575,0.89597386,1
test,10576,0.790809,1
test,10577,0.063150845,1
test,10578,0.38170555,1
test,10579,0.8504738,1
test,10580,0.99886775,1
test,10581,0.30601797,1
test,10582,0.5631795,1
test,10583,0.3319661,1
test,10584,0.36024487,1
test,10585,0.4759637,1
test,10586,0.42353076,1
test,10587,0.840647,1
test,10588,0.78958255,1
test,10589,0.6790739,1
test,10590,0.317495,1
test,10591,0.8535576,1
test,10592,0.78541183,1
test,10593,0.73994696,1
test,10594,0.74633974,1
test,10595,0.7852421,1
test,10596,0.74631566,1
test,10597,0.7728419,1
test,10598,0.49023536,1
test,10599,0.82451475,1
test,10600,0.92928326,1
test,10601,0.49493402,1
test,10602,0.6444658,1
test,10603,0.73433495,1
test,10604,0.48580357,1
test,10605,0.49635348,1
test,10606,0.7977287,1
test,10607,0.84973997,1
test,10608,0.0859868,1
test,10609,0.2742762,1
test,10610,0.6097914,1
test,10611,0.519202,1
test,10612,0.13094679,1
test,10613,0.3120038,1
test,10614,0.81069493,1
test,10615,0.80601275,1
test,10616,0.8428123,1
test,10617,0.44304842,1
test,10618,0.7326927,1
test,10619,0.5486568,1
test,10620,0.83259845,1
test,10621,0.81899476,1
test,10622,0.69600475,1
test,10623,0.7895709,1
test,10624,0.74625313,1
test,10625,0.336027,1
test,10626,0.82337105,1
test,10627,0.47598335,1
test,10628,0.88171184,1
test,10629,0.6131103,1
test,10630,0.12490337,1
test,10631,0.8475381,1
test,10632,0.48572716,1
test,10633,0.43097454,1
test,10634,0.8663993,1
test,10635,0.4683244,1
test,10636,0.7777329,1
test,10637,0.9214629,1
test,10638,0.99796206,1
test,10639,0.99593747,1
test,10640,0.9959364,1
test,10641,0.99800164,1
test,10642,0.6644071,1
test,10643,0.79371786,1
test,10644,0.6516565,1
test,10645,0.7599141,1
test,10646,0.6314813,1
test,10647,0.8071996,1
test,10648,0.6076752,1
test,10649,0.39382768,1
test,10650,0.4536762,1
test,10651,0.8678261,1
test,10652,0.82852745,1
test,10653,0.69338995,1
test,10654,0.8506977,1
test,10655,0.6819569,1
test,10656,0.37226593,1
test,10657,0.782212,1
test,10658,0.7792349,1
test,10659,0.4720355,1
test,10660,0.76656497,1
test,10661,0.7909508,1
test,10662,0.8171141,1
test,10663,0.5247368,1
test,10664,0.84945196,1
test,10665,0.70867693,1
test,10666,0.28463086,1
test,10667,0.6527077,1
test,10668,0.2626475,1
test,10669,0.49603498,1
test,10670,0.32916147,1
test,10671,0.46686426,1
test,10672,0.5421016,1
test,10673,0.7536567,1
test,10674,0.49956754,1
test,10675,0.81534994,1
test,10676,0.19042435,1
test,10677,0.26666412,1
test,10678,0.9992771,1
test,10679,0.9990707,1
test,10680,0.7923811,1
test,10681,0.84762716,1
test,10682,0.96915585,1
test,10683,0.88740593,1
test,10684,0.54223967,1
test,10685,0.9102427,1
test,10686,0.5423579,1
test,10687,0.5231565,1
test,10688,0.8823546,1
test,10689,0.76199853,1
test,10690,0.8454163,1
test,10691,0.53981936,1
test,10692,0.6677042,1
test,10693,0.38624406,1
test,10694,0.86367476,1
test,10695,0.4049557,1
test,10696,0.72093666,1
test,10697,0.9535594,1
test,10698,0.93927467,1
test,10699,0.7699299,1
test,10700,0.75850904,1
test,10701,0.45008236,1
test,10702,0.67070067,1
test,10703,0.37862343,1
test,10704,0.84304464,1
test,10705,0.77903515,1
test,10706,0.9395643,1
test,10707,0.82552034,1
test,10708,0.9510571,1
test,10709,0.36512968,1
test,10710,0.74784327,1
test,10711,0.76907027,1
test,10712,0.69723856,1
test,10713,0.3511109,1
test,10714,0.006662067,1
test,10715,0.8792127,1
test,10716,0.630474,1
test,10717,0.8938297,1
test,10718,0.7939195,1
test,10719,0.8823019,1
test,10720,0.92398983,1
test,10721,0.85820556,1
test,10722,0.880841,1
test,10723,0.8749902,1
test,10724,0.72180486,1
test,10725,0.58730096,1
test,10726,0.5909842,1
test,10727,0.8571322,1
test,10728,0.9959061,1
test,10729,0.9956687,1
test,10730,0.9904035,1
test,10731,0.99544144,1
test,10732,0.9958494,1
test,10733,0.99664515,1
test,10734,0.99541014,1
test,10735,0.994005,1
test,10736,0.9975167,1
test,10737,0.99385756,1
test,10738,0.9967529,1
test,10739,0.9923931,1
test,10740,0.9958689,1
test,10741,0.9969691,1
test,10742,0.9941347,1
test,10743,0.99573416,1
test,10744,0.99459255,1
test,10745,0.99409956,1
test,10746,0.99486935,1
test,10747,0.99475217,1
test,10748,0.99528134,1
test,10749,0.9941036,1
test,10750,0.9967649,1
test,10751,0.9914051,1
test,10752,0.99804896,1
test,10753,0.996815,1
test,10754,0.9947555,1
test,10755,0.9954835,1
test,10756,0.9926739,1
test,10757,0.9950065,1
test,10758,0.9947755,1
test,10759,0.9984607,1
test,10760,0.9993889,1
test,10761,0.9986499,1
test,10762,0.9992112,1
test,10763,0.9990085,1
test,10764,0.99833524,1
test,10765,0.9989802,1
test,10766,0.99884933,1
test,10767,0.99839497,1
test,10768,0.99877125,1
test,10769,0.99855787,1
test,10770,0.9986971,1
test,10771,0.99999565,1
test,10772,0.9999925,1
test,10773,0.99999404,1
test,10774,0.9999954,1
test,10775,0.9999915,1
test,10776,0.99999464,1
test,10777,0.9999933,1
test,10778,0.99999255,1
test,10779,0.99999344,1
test,10780,0.9999918,1
test,10781,0.9999936,1
test,10782,0.99999195,1
test,10783,0.99999404,1
test,10784,0.99999166,1
test,10785,0.99999535,1
test,10786,0.99999255,1
test,10787,0.9999945,1
test,10788,0.99999464,1
test,10789,0.99999374,1
test,10790,0.99999416,1
test,10791,0.9999945,1
test,10792,0.99999136,1
test,10793,0.9999905,1
test,10794,0.99999315,1
test,10795,0.99999213,1
test,10796,0.9999956,1
test,10797,0.999992,1
test,10798,0.9999944,1
test,10799,0.9999909,1
test,10800,0.99999124,1
test,10801,0.9999927,1
test,10802,0.9999917,1
test,10803,0.99999136,1
test,10804,0.9999933,1
test,10805,0.9999932,1
test,10806,0.9999956,1
test,10807,0.99999255,1
test,10808,0.9999955,1
test,10809,0.99999315,1
test,10810,0.99917525,1
test,10811,0.99896765,1
test,10812,0.9991969,1
test,10813,0.9999917,1
test,10814,0.99284935,1
test,10815,0.98968214,1
test,10816,0.9930964,1
test,10817,0.9915489,1
test,10818,0.99032843,1
test,10819,0.9898115,1
test,10820,0.9901583,1
test,10821,0.9890411,1
test,10822,0.9927303,1
test,10823,0.9937432,1
test,10824,0.9929942,1
test,10825,0.9986026,1
test,10826,0.9987228,1
test,10827,0.99887025,1
test,10828,0.99880165,1
test,10829,0.9978924,1
test,10830,0.998882,1
test,10831,0.9987616,1
test,10832,0.99827325,1
test,10833,0.9982077,1
test,10834,0.9999943,1
test,10835,0.9999939,1
test,10836,0.9999943,1
test,10837,0.9999957,1
test,10838,0.99999034,1
test,10839,0.9999906,1
test,10840,0.9999947,1
test,10841,0.99999416,1
test,10842,0.99999166,1
test,10843,0.9999922,1
test,10844,0.9999912,1
test,10845,0.99999464,1
test,10846,0.9999929,1
test,10847,0.9999906,1
test,10848,0.9999932,1
test,10849,0.99999315,1
test,10850,0.99999386,1
test,10851,0.99998987,1
test,10852,0.9999928,1
test,10853,0.9999921,1
test,10854,0.99999326,1
test,10855,0.9999927,1
test,10856,0.9999937,1
test,10857,0.99999076,1
test,10858,0.9999934,1
test,10859,0.9999912,1
test,10860,0.9999932,1
test,10861,0.99999285,1
test,10862,0.999993,1
test,10863,0.999993,1
test,10864,0.99999267,1
test,10865,0.9999918,1
test,10866,0.99999183,1
test,10867,0.99999326,1
test,10868,0.99999124,1
test,10869,0.9999914,1
test,10870,0.9999915,1
test,10871,0.9999939,1
test,10872,0.9999899,1
test,10873,0.9999903,1
test,10874,0.99999124,1
test,10875,0.99998325,1
test,10876,0.9999797,1
test,10877,0.9999783,1
test,10878,0.999973,1
test,10879,0.9999714,1
test,10880,0.99995947,1
test,10881,0.9999726,1
test,10882,0.043182842,0
test,10883,0.0026356445,0
test,10884,0.02115874,0
test,10885,0.019689124,0
test,10886,0.007952277,0
test,10887,0.5748771,1
test,10888,0.99989444,1
test,10889,0.999935,1
test,10890,0.9999148,1
test,10891,0.9998997,1
test,10892,0.73608345,1
test,10893,0.7605213,1
test,10894,0.008745805,0
test,10895,0.9999819,1
test,10896,0.9999747,1
test,10897,0.9966133,1
test,10898,0.998631,1
test,10899,0.9761345,1
test,10900,0.9996185,1
test,10901,0.99975014,1
test,10902,0.99976593,1
test,10903,0.58428264,1
test,10904,0.9999604,1
test,10905,0.99996865,1
test,10906,0.99995995,1
test,10907,0.99996185,1
test,10908,0.9294058,1
test,10909,0.99995196,1
test,10910,0.9999866,1
test,10911,0.99994785,1
test,10912,0.9932086,1
test,10913,0.99588156,1
test,10914,0.9953821,1
test,10915,0.99645126,1
test,10916,0.6282197,1
test,10917,0.9799962,1
test,10918,0.9999768,1
test,10919,0.93517184,1
test,10920,0.9998909,1
test,10921,0.99988836,1
test,10922,0.9998817,1
test,10923,0.9998931,1
test,10924,0.79071057,1
test,10925,0.8929009,1
test,10926,0.5776552,1
test,10927,0.9441634,1
test,10928,0.9866247,1
test,10929,0.99085754,1
test,10930,0.9882365,1
test,10931,0.9892361,1
test,10932,0.99037087,1
test,10933,0.9910525,1
test,10934,0.98298764,1
test,10935,0.98318815,1
test,10936,0.9996488,1
test,10937,0.99980277,1
test,10938,0.9996873,1
test,10939,0.99976385,1
test,10940,0.9997351,1
test,10941,0.9996524,1
test,10942,0.9997629,1
test,10943,0.99975663,1
test,10944,0.9997899,1
test,10945,0.9656409,1
test,10946,0.9999878,1
test,10947,0.9999742,1
test,10948,0.99998754,1
test,10949,0.97447777,1
test,10950,0.9997854,1
test,10951,0.99967337,1
test,10952,0.99505395,1
test,10953,0.9997481,1
test,10954,0.9995378,1
test,10955,0.99976796,1
test,10956,0.99968237,1
test,10957,0.99964386,1
test,10958,0.99975175,1
test,10959,0.9997623,1
test,10960,0.99969304,1
test,10961,0.9997639,1
test,10962,0.9997395,1
test,10963,0.999716,1
test,10964,0.9997581,1
test,10965,0.99980384,1
test,10966,0.9996582,1
test,10967,0.9997506,1
test,10968,0.9997733,1
test,10969,0.99968326,1
test,10970,0.999603,1
test,10971,0.9997278,1
test,10972,0.9997621,1
test,10973,0.99973625,1
test,10974,0.99975723,1
test,10975,0.9997514,1
test,10976,0.9997809,1
test,10977,0.99976194,1
test,10978,0.99975926,1
test,10979,0.9997784,1
test,10980,0.99973977,1
test,10981,0.9998569,1
test,10982,0.99961036,1
test,10983,0.99982095,1
test,10984,0.99978405,1
test,10985,0.9998124,1
test,10986,0.999775,1
test,10987,0.99970716,1
test,10988,0.99965996,1
test,10989,0.9997375,1
test,10990,0.9997878,1
test,10991,0.99977374,1
test,10992,0.9995213,1
test,10993,0.99977726,1
test,10994,0.99952877,1
test,10995,0.99969494,1
test,10996,0.99972856,1
test,10997,0.99982965,1
test,10998,0.999709,1
test,10999,0.999709,1
test,11000,0.9997698,1
test,11001,0.99964446,1
test,11002,0.99969053,1
test,11003,0.9997471,1
test,11004,0.99966294,1
test,11005,0.21463107,0
test,11006,0.23375116,0
test,11007,0.4813783,0
test,11008,0.59959435,0
test,11009,0.6363219,0
test,11010,0.58488107,0
test,11011,0.5875083,0
test,11012,0.607183,0
test,11013,0.53705126,0
test,11014,0.99466187,1
test,11015,0.99423367,1
test,11016,0.99032575,1
test,11017,0.992365,1
test,11018,0.9952685,1
test,11019,0.995995,1
test,11020,0.9931914,1
test,11021,0.992637,1
test,11022,0.99147373,1
test,11023,0.98700154,1
test,11024,0.98572356,1
test,11025,0.9920154,1
test,11026,0.99379563,1
test,11027,0.98950976,1
test,11028,0.9912516,1
test,11029,0.99119097,1
test,11030,0.9937852,1
test,11031,0.9891057,1
test,11032,0.996939,1
test,11033,0.9940675,1
test,11034,0.99323857,1
test,11035,0.9939385,1
test,11036,0.9919621,1
test,11037,0.981595,1
test,11038,0.9914835,1
test,11039,0.9951234,1
test,11040,0.9910123,1
test,11041,0.99259937,1
test,11042,0.99380684,1
test,11043,0.9946495,1
test,11044,0.99584764,1
test,11045,0.99501646,1
test,11046,0.9958343,1
test,11047,0.9947986,1
test,11048,0.98833025,1
test,11049,0.9933628,1
test,11050,0.9934229,1
test,11051,0.994932,1
test,11052,0.9923735,1
test,11053,0.9947223,1
test,11054,0.99328846,1
test,11055,0.99374825,1
test,11056,0.99502313,1
test,11057,0.99472475,1
test,11058,0.9934785,1
test,11059,0.9950834,1
test,11060,0.99204093,1
test,11061,0.99479514,1
test,11062,0.9983429,1
test,11063,0.99875855,1
test,11064,0.9983688,1
test,11065,0.997828,1
test,11066,0.99857545,1
test,11067,0.99748266,1
test,11068,0.9977647,1
test,11069,0.99681145,1
test,11070,0.9982057,1
test,11071,0.99783516,1
test,11072,0.99795717,1
test,11073,0.9980146,1
test,11074,0.9986703,1
test,11075,0.998222,1
test,11076,0.998817,1
test,11077,0.9980792,1
test,11078,0.99822605,1
test,11079,0.9978078,1
test,11080,0.9978542,1
test,11081,0.99832934,1
test,11082,0.99788857,1
test,11083,0.99865025,1
test,11084,0.99852294,1
test,11085,0.9980028,1
test,11086,0.9988091,1
test,11087,0.9969377,1
test,11088,0.99730074,1
test,11089,0.998548,1
test,11090,0.99830484,1
test,11091,0.9985252,1
test,11092,0.99692243,1
test,11093,0.998007,1
test,11094,0.99675256,1
test,11095,0.9982496,1
test,11096,0.99836797,1
test,11097,0.99883676,1
test,11098,0.9861293,1
test,11099,0.98986876,1
test,11100,0.98433346,1
test,11101,0.95215786,1
test,11102,0.8304161,0
test,11103,0.99798775,1
test,11104,0.9984006,1
test,11105,0.99717987,1
test,11106,0.99698395,1
test,11107,0.9977058,1
test,11108,0.997165,1
test,11109,0.99651384,1
test,11110,0.9979879,1
test,11111,0.66850364,0
test,11112,0.9988453,1
test,11113,0.99911237,1
test,11114,0.9987643,1
test,11115,0.9987859,1
test,11116,0.9990333,1
test,11117,0.99909514,1
test,11118,0.99926287,1
test,11119,0.9992096,1
test,11120,0.99899143,1
test,11121,0.99670494,1
test,11122,0.9950536,1
test,11123,0.9927612,1
test,11124,0.99535125,1
test,11125,0.9959905,1
test,11126,0.9929007,1
test,11127,0.7928511,0
test,11128,0.71186024,0
test,11129,0.40369323,0
test,11130,0.5886753,0
test,11131,0.5272207,0
test,11132,0.6311171,0
test,11133,0.68649495,0
test,11134,0.72683513,0
test,11135,0.2517598,0
test,11136,0.8549612,1
test,11137,0.5532888,0
test,11138,0.59901583,0
test,11139,0.54276294,0
test,11140,0.51529384,0
test,11141,0.5453929,0
test,11142,0.5720904,0
test,11143,0.16283122,0
test,11144,0.1401398,0
test,11145,0.12781003,0
test,11146,0.19272366,0
test,11147,0.17490226,0
test,11148,0.17845419,0
test,11149,0.16713507,0
test,11150,0.99296314,1
test,11151,0.9494373,1
test,11152,0.9999792,1
test,11153,0.99998266,1
test,11154,0.9999804,1
test,11155,0.9999832,1
test,11156,0.9999804,1
test,11157,0.99997246,1
test,11158,0.9999716,1
test,11159,0.9999894,1
test,11160,0.9999853,1
test,11161,0.9999965,1
test,11162,0.9999857,1
test,11163,0.98531073,1
test,11164,0.9872874,1
test,11165,0.987244,1
test,11166,0.9849163,1
test,11167,0.9857906,1
test,11168,0.9996435,1
test,11169,0.9858498,1
test,11170,0.9854383,1
test,11171,0.98593944,1
test,11172,0.98734003,1
test,11173,0.9851034,1
test,11174,0.99982494,1
test,11175,0.7143208,1
test,11176,0.9999389,1
test,11177,0.73393214,0
test,11178,0.58039737,0
test,11179,0.0062952177,0
test,11180,0.6518545,0
test,11181,0.110597156,0
test,11182,0.4175267,0
test,11183,0.1231528,0
test,11184,0.07513567,0
test,11185,0.19974427,1
test,11186,0.5481719,1
test,11187,0.21560188,0
test,11188,0.22855973,0
test,11189,0.2483257,0
test,11190,0.25288627,0
test,11191,0.005715926,0
test,11192,0.004428056,0
test,11193,0.15395963,1
test,11194,0.12202891,0
test,11195,0.15431447,0
test,11196,0.098554514,0
test,11197,0.055139728,0
test,11198,0.7502627,1
test,11199,0.07978667,0
test,11200,0.2779533,0
test,11201,0.19322677,0
test,11202,0.1001255,0
test,11203,0.99998325,1
test,11204,0.999978,1
test,11205,0.9999756,1
test,11206,0.9999773,1
test,11207,0.15595035,0
test,11208,0.00026529352,0
test,11209,0.39192885,0
test,11210,0.24018951,0
test,11211,0.4129763,0
test,11212,0.00017648329,0
test,11213,0.0004346017,0
test,11214,0.4394113,0
test,11215,0.9628996,1
test,11216,0.0001411897,0
test,11217,0.249318,0
test,11218,0.035535756,0
test,11219,0.4145631,0
test,11220,0.9999663,1
test,11221,0.99994135,1
test,11222,0.9999363,1
test,11223,0.9999679,1
test,11224,0.9999587,1
test,11225,0.99995583,1
test,11226,0.99995214,1
test,11227,0.98245627,1
test,11228,0.20473395,0
test,11229,0.24021673,0
test,11230,0.61752844,0
test,11231,0.99998915,1
test,11232,0.9999887,1
test,11233,0.99999225,1
test,11234,0.99999255,1
test,11235,0.99999255,1
test,11236,0.99999374,1
test,11237,0.9999883,1
test,11238,0.99999005,1
test,11239,0.34972823,0
test,11240,0.87859094,0
test,11241,0.06488401,0
test,11242,0.4265806,0
test,11243,0.32908523,0
test,11244,0.7759621,0
test,11245,0.63925326,0
test,11246,0.003963456,0
test,11247,0.3607681,0
test,11248,0.36762324,0
test,11249,0.26554304,0
test,11250,0.8045895,1
test,11251,0.99997216,1
test,11252,0.99997723,1
test,11253,0.99997073,1
test,11254,0.9999641,1
test,11255,0.00068429427,0
test,11256,0.0022604212,0
test,11257,0.010660375,0
test,11258,0.015218292,0
test,11259,0.23211724,0
test,11260,0.1636992,0
test,11261,0.009007607,0
test,11262,0.04611411,0
test,11263,0.28382823,0
test,11264,0.006169568,0
test,11265,0.0064669843,0
test,11266,0.6105046,0
test,11267,0.007794902,0
test,11268,0.21360683,0
test,11269,0.10145784,0
test,11270,0.089843616,0
test,11271,0.12279001,0
test,11272,0.22686929,1
test,11273,0.25764337,1
test,11274,0.22202209,0
test,11275,0.10563687,0
test,11276,0.46640193,0
test,11277,0.23844524,0
test,11278,0.9290133,1
test,11279,0.39258143,0
test,11280,0.33891013,0
test,11281,0.47482732,1
test,11282,0.36715904,1
test,11283,0.6863904,1
test,11284,0.79853535,0
test,11285,0.47259718,0
test,11286,0.9165225,1
test,11287,0.9974218,1
test,11288,0.99762934,1
test,11289,0.025522904,0
test,11290,0.16449392,0
test,11291,0.34113246,1
test,11292,0.0003283754,0
test,11293,0.85667545,0
test,11294,0.21809515,0
test,11295,0.32432917,0
test,11296,0.9569284,1
test,11297,0.999993,1
test,11298,0.99986774,1
test,11299,0.9998199,1
test,11300,0.99981695,1
test,11301,0.99975467,1
test,11302,0.037864327,0
test,11303,0.71592695,0
test,11304,0.23256269,0
test,11305,0.036850598,0
test,11306,0.34167677,0
test,11307,0.49990457,0
test,11308,0.9299889,1
test,11309,0.9257502,1
test,11310,0.89178336,1
test,11311,0.001701725,0
test,11312,0.006193958,0
test,11313,0.348059,0
test,11314,0.9381372,1
test,11315,0.3618553,0
test,11316,0.18722446,0
test,11317,0.029345307,0
test,11318,0.04663063,0
test,11319,0.007190506,0
test,11320,0.6150657,0
test,11321,0.9877152,1
test,11322,0.0062719737,0
test,11323,0.9951782,1
test,11324,0.9999898,1
test,11325,0.9999857,1
test,11326,0.9999779,1
test,11327,0.9998228,1
test,11328,0.52044016,0
test,11329,0.0014049682,0
test,11330,0.12600659,0
test,11331,0.0005299281,0
test,11332,0.11021756,0
test,11333,0.19692698,0
test,11334,6.065875e-05,0
test,11335,2.2832419e-05,0
test,11336,2.4575893e-05,0
test,11337,0.00012856294,0
test,11338,9.356729e-05,0
test,11339,0.6057113,0
test,11340,0.10843251,0
test,11341,0.030912878,0
test,11342,0.1004657,0
test,11343,4.8281094e-05,0
test,11344,0.9999669,1
test,11345,0.99997896,1
test,11346,0.9999809,1
test,11347,0.33567223,0
test,11348,0.0019694928,0
test,11349,0.0057982425,0
test,11350,0.0148924915,0
test,11351,0.007395996,0
test,11352,0.0037409235,0
test,11353,0.2383204,0
test,11354,0.20480625,0
test,11355,0.07511831,1
test,11356,0.006432523,0
test,11357,0.039965466,0
test,11358,0.34594947,0
test,11359,0.31922612,0
test,11360,0.00011798207,0
test,11361,0.8292048,1
test,11362,0.53456664,0
test,11363,0.02696363,0
test,11364,0.20746304,0
test,11365,0.013766228,0
test,11366,0.83702755,0
test,11367,0.42746016,0
test,11368,0.10266482,0
test,11369,0.0014135683,0
test,11370,0.9638511,1
test,11371,0.9580097,1
test,11372,0.14926948,0
test,11373,0.39606768,0
test,11374,0.97972804,1
test,11375,0.6958076,1
test,11376,0.9997955,1
test,11377,0.99929047,1
test,11378,0.0027062588,0
test,11379,0.012793872,0
test,11380,0.033450443,0
test,11381,0.89236844,1
test,11382,0.8396568,1
test,11383,0.19356687,0
test,11384,0.016874345,0
test,11385,0.011734333,0
test,11386,0.0035402454,0
test,11387,0.0040871636,1
test,11388,0.0016724826,0
test,11389,0.0113590155,0
test,11390,0.00053029234,0
test,11391,0.62142235,0
test,11392,0.9999221,1
test,11393,0.9999334,1
test,11394,0.99991393,1
test,11395,0.99991155,1
test,11396,0.7583215,0
test,11397,0.98094237,1
test,11398,0.96786946,1
test,11399,0.9793222,1
test,11400,0.1460797,0
test,11401,0.39050618,0
test,11402,0.0017579885,0
test,11403,0.0019021581,0
test,11404,0.022671467,0
test,11405,0.42857206,0
test,11406,0.34900084,0
test,11407,0.0042672213,0
test,11408,0.94703203,1
test,11409,0.083864994,0
test,11410,0.21811488,0
test,11411,0.016141532,0
test,11412,0.0042186594,0
test,11413,0.21395802,0
test,11414,0.94015044,1
test,11415,0.94817173,1
test,11416,0.1933935,0
test,11417,0.95122975,1
test,11418,0.41735956,0
test,11419,0.0007553611,0
test,11420,0.37903374,0
test,11421,0.014800433,0
test,11422,0.51987123,0
test,11423,0.013840634,0
test,11424,0.004749701,0
test,11425,0.20130283,0
test,11426,0.055910036,0
test,11427,0.07625801,1
test,11428,0.08791411,0
test,11429,3.7207745e-05,0
test,11430,0.10264247,0
test,11431,0.2555547,0
test,11432,0.30048683,1
test,11433,0.63814306,0
test,11434,0.28900543,0
test,11435,0.06384302,0
test,11436,0.30578014,0
test,11437,0.9992707,1
test,11438,0.9993655,1
test,11439,0.99929386,1
test,11440,0.2259913,0
test,11441,0.9737178,1
test,11442,0.9631057,1
test,11443,0.96810526,1
test,11444,0.9745077,1
test,11445,0.19223192,0
test,11446,0.069453925,0
test,11447,0.004533354,0
test,11448,0.0014457076,0
test,11449,0.27494332,1
test,11450,0.47689483,1
test,11451,0.31994456,0
test,11452,0.0034366448,0
test,11453,0.0030852007,0
test,11454,0.008086639,0
test,11455,0.17465734,0
test,11456,0.06355829,0
test,11457,0.48176455,0
test,11458,0.98723894,1
test,11459,0.14952646,0
test,11460,0.14300536,0
test,11461,0.080106616,0
test,11462,0.10154752,0
test,11463,0.10035031,0
test,11464,0.2763666,0
test,11465,0.33644605,0
test,11466,0.0020778584,0
test,11467,0.0020806757,0
test,11468,0.829561,1
test,11469,0.0123736765,0
test,11470,0.003626307,0
test,11471,0.4876686,0
test,11472,0.94947344,1
test,11473,0.9730945,1
test,11474,0.7026102,1
test,11475,0.010447868,0
test,11476,0.020344002,0
test,11477,0.0019063941,0
test,11478,0.0009684432,0
test,11479,0.0021849377,0
test,11480,0.30202174,0
test,11481,0.4215305,0
test,11482,0.59383655,0
test,11483,0.08227094,0
test,11484,0.18088299,0
test,11485,0.26665264,0
test,11486,0.21899264,0
test,11487,0.032515828,0
test,11488,0.50513667,0
test,11489,0.0006746173,0
test,11490,0.066516705,0
test,11491,0.47214553,0
test,11492,0.83534145,1
test,11493,0.09816099,0
test,11494,0.0013213439,0
test,11495,0.018832838,0
test,11496,0.004924422,0
test,11497,0.97230077,1
test,11498,0.9666021,1
test,11499,0.47603157,1
test,11500,0.3964729,1
test,11501,0.3283295,1
test,11502,0.6050132,0
test,11503,0.34006587,0
test,11504,0.02490964,0
test,11505,0.069414176,0
test,11506,0.2632433,0
test,11507,0.19001074,0
test,11508,0.104093686,0
test,11509,0.11057696,0
test,11510,0.073970795,0
test,11511,0.03943862,0
test,11512,0.046332844,0
test,11513,0.06499189,0
test,11514,0.0006728323,0
test,11515,0.0059719146,0
test,11516,0.008146579,0
test,11517,0.9608746,1
test,11518,0.92002076,1
test,11519,0.0030595977,0
test,11520,0.59334457,0
test,11521,0.23270838,0
test,11522,0.010129877,0
test,11523,0.01061704,0
test,11524,0.003948856,0
test,11525,0.97723943,1
test,11526,0.000824886,0
test,11527,0.0013447753,0
test,11528,0.0011488518,0
test,11529,0.0016997267,0
test,11530,0.0039894027,0
test,11531,0.022251008,0
test,11532,0.001151342,0
test,11533,0.008580786,0
test,11534,0.49167302,0
test,11535,0.028193787,0
test,11536,0.030083941,0
test,11537,0.4099155,0
test,11538,0.20038988,0
test,11539,0.8736714,1
test,11540,0.051660307,0
test,11541,0.007265959,0
test,11542,0.57164544,0
test,11543,0.7349461,0
test,11544,0.088658616,0
test,11545,0.4933209,0
test,11546,0.0032278583,0
test,11547,0.042987075,0
test,11548,0.07319085,0
test,11549,0.11511157,0
test,11550,0.80275136,1
test,11551,0.32224077,0
test,11552,0.31684524,0
test,11553,0.5070125,0
test,11554,0.059520777,0
test,11555,0.4493073,0
test,11556,0.37503976,0
test,11557,0.008288509,0
test,11558,0.12936972,0
test,11559,0.026673822,0
test,11560,0.015506932,0
test,11561,0.8644201,1
test,11562,0.0056031276,0
test,11563,0.00084165926,0
test,11564,0.051675342,0
test,11565,0.00052766065,0
test,11566,0.6646709,0
test,11567,0.44415691,0
test,11568,0.0007663104,0
test,11569,0.0025632689,0
test,11570,0.33062783,0
test,11571,0.32133532,0
test,11572,0.011091894,0
test,11573,0.0060136886,0
test,11574,0.0048014955,0
test,11575,0.48818764,0
test,11576,0.012344416,0
test,11577,0.023183715,0
test,11578,0.19144797,0
test,11579,0.014399684,0
test,11580,0.0009886996,0
test,11581,0.33384067,0
test,11582,0.6315161,0
test,11583,8.0608515e-06,0
test,11584,0.42800385,0
test,11585,0.7007679,0
test,11586,0.0037180048,0
test,11587,0.38234097,0
test,11588,0.010136965,0
test,11589,5.663025e-05,0
test,11590,0.81823725,1
test,11591,0.9823536,1
test,11592,0.099413924,0
test,11593,0.99988425,1
test,11594,0.99992174,1
test,11595,0.9999196,1
test,11596,0.99992394,1
test,11597,0.99991953,1
test,11598,0.999947,1
test,11599,0.9999392,1
test,11600,0.99994445,1
test,11601,0.005760064,0
test,11602,0.70034575,0
test,11603,0.0027478205,0
test,11604,0.0070188274,0
test,11605,0.05630183,0
test,11606,0.010483106,0
test,11607,0.0043734033,0
test,11608,0.0011037593,0
test,11609,0.70618427,0
test,11610,0.34990752,0
test,11611,8.0951126e-05,0
test,11612,0.60857975,0
test,11613,0.0024857114,0
test,11614,0.0038161594,0
test,11615,0.036206696,0
test,11616,0.2772153,0
test,11617,0.67538196,0
test,11618,0.8350133,1
test,11619,0.028640216,0
test,11620,0.83250934,0
test,11621,0.99998295,1
test,11622,0.99998826,1
test,11623,0.99998224,1
test,11624,0.99998784,1
test,11625,0.9999753,1
test,11626,0.99997544,1
test,11627,0.99998504,1
test,11628,0.9999849,1
test,11629,0.99998635,1
test,11630,0.9999856,1
test,11631,0.8967808,0
test,11632,0.8263859,0
test,11633,0.30625233,0
test,11634,0.34821808,0
test,11635,0.82335615,0
test,11636,0.0012651309,0
test,11637,0.08571602,0
test,11638,0.0010019343,0
test,11639,0.19484866,0
test,11640,0.24424738,0
test,11641,0.3139884,0
test,11642,0.8578639,0
test,11643,0.40927687,0
test,11644,0.04046638,0
test,11645,0.685161,1
test,11646,0.19657636,1
test,11647,0.9991001,1
test,11648,0.99860936,1
test,11649,0.06316937,0
test,11650,0.09692817,0
test,11651,0.004335657,0
test,11652,0.8894818,1
test,11653,0.7219386,1
test,11654,0.49838576,0
test,11655,0.012613808,0
test,11656,0.21616392,0
test,11657,0.27885753,0
test,11658,0.006059449,0
test,11659,0.8236094,1
test,11660,0.000810692,0
test,11661,0.6736001,0
test,11662,0.4303894,0
test,11663,0.05750788,0
test,11664,0.024616854,0
test,11665,0.045843203,0
test,11666,0.00060437666,0
test,11667,0.30584264,0
test,11668,0.08162628,0
test,11669,0.5258668,0
test,11670,0.010600244,0
test,11671,0.44653645,0
test,11672,0.018644307,0
test,11673,0.03279754,0
test,11674,0.261917,0
test,11675,0.9999208,1
test,11676,0.9999389,1
test,11677,0.46562603,0
test,11678,0.32595208,0
test,11679,0.03431745,0
test,11680,0.012294386,0
test,11681,0.7306035,1
test,11682,0.06591382,0
test,11683,0.07331601,0
test,11684,0.005809535,0
test,11685,0.026752347,0
test,11686,7.236253e-05,0
test,11687,0.41924462,0
test,11688,0.017840482,0
test,11689,0.0015713501,0
test,11690,0.3847965,0
test,11691,0.99992764,1
test,11692,0.99990183,1
test,11693,0.99989957,1
test,11694,0.9999071,1
test,11695,0.9863646,1
test,11696,0.9857037,1
test,11697,0.004578284,0
test,11698,0.46561605,0
test,11699,0.18059598,0
test,11700,0.91713005,1
test,11701,0.23889574,0
test,11702,0.0010880672,0
test,11703,0.0155846495,0
test,11704,0.008290492,0
test,11705,0.0015277971,0
test,11706,0.009381451,0
test,11707,0.021367371,0
test,11708,0.0030624499,0
test,11709,0.91675293,1
test,11710,0.9163207,1
test,11711,0.8989081,1
test,11712,0.7078359,0
test,11713,0.10543475,0
test,11714,0.00035419353,0
test,11715,0.33571133,0
test,11716,0.41717568,0
test,11717,0.3063664,0
test,11718,0.18527049,0
test,11719,0.028707981,0
test,11720,0.0015273228,0
test,11721,0.9999308,1
test,11722,0.9999275,1
test,11723,0.9998727,1
test,11724,0.99990416,1
test,11725,0.9998779,1
test,11726,0.99990386,1
test,11727,0.99993914,1
test,11728,0.9998841,1
test,11729,0.9999299,1
test,11730,0.9999311,1
test,11731,0.9999269,1
test,11732,0.9999146,1
test,11733,0.99988675,1
test,11734,0.24114372,0
test,11735,0.01252316,0
test,11736,0.008853378,0
test,11737,0.9741195,1
test,11738,0.9004338,1
test,11739,0.16664688,0
test,11740,0.009814191,0
test,11741,4.8492902e-06,0
test,11742,0.041137468,0
test,11743,0.09075071,0
test,11744,0.8368119,1
test,11745,0.046762034,0
test,11746,0.033468314,0
test,11747,0.9775624,1
test,11748,0.61390704,0
test,11749,0.0046305177,0
test,11750,0.06414843,0
test,11751,0.29789537,0
test,11752,0.0050215223,0
test,11753,0.32846385,0
test,11754,0.120042466,0
test,11755,0.0004751248,0
test,11756,0.104767434,0
test,11757,0.12732232,0
test,11758,0.7821575,1
test,11759,0.8350779,0
test,11760,0.84446084,1
test,11761,0.0026154912,0
test,11762,0.99990743,1
test,11763,0.99993694,1
test,11764,0.9999575,1
test,11765,0.99992794,1
test,11766,0.9998904,1
test,11767,0.99991995,1
test,11768,0.9999551,1
test,11769,0.9999541,1
test,11770,0.4619615,0
test,11771,0.94950104,1
test,11772,0.24778944,0
test,11773,0.89702314,1
test,11774,0.9999095,1
test,11775,0.9998825,1
test,11776,0.9999135,1
test,11777,0.9999374,1
test,11778,0.9999499,1
test,11779,0.99993175,1
test,11780,0.9999427,1
test,11781,0.9999406,1
test,11782,0.9999148,1
test,11783,0.9998973,1
test,11784,0.9999483,1
test,11785,0.9999684,1
test,11786,0.9999199,1
test,11787,0.9999304,1
test,11788,0.9999263,1
test,11789,0.9999037,1
test,11790,0.9999104,1
test,11791,0.999883,1
test,11792,0.9998484,1
test,11793,0.99985874,1
test,11794,0.99989384,1
test,11795,0.9998953,1
test,11796,0.9999052,1
test,11797,0.015755644,0
test,11798,0.01652273,0
test,11799,0.9541406,1
test,11800,0.9280737,1
test,11801,0.9204575,1
test,11802,0.013869483,0
test,11803,0.7726177,0
test,11804,0.713389,0
test,11805,0.1654805,0
test,11806,0.9863559,1
test,11807,0.009463021,0
test,11808,0.10623594,0
test,11809,0.8537401,1
test,11810,0.46769142,0
test,11811,0.0004118826,0
test,11812,0.9758777,1
test,11813,0.0062775505,0
test,11814,0.75510466,0
test,11815,0.8009839,0
test,11816,0.7622698,0
test,11817,0.0027109953,0
test,11818,0.772594,0
test,11819,0.0038429692,0
test,11820,0.07492467,0
test,11821,0.86619097,0
test,11822,0.78250146,0
test,11823,0.010013491,0
test,11824,0.004751196,0
test,11825,0.042488717,0
test,11826,0.3957873,0
test,11827,0.8183597,1
test,11828,0.50836873,1
test,11829,0.9993156,1
test,11830,0.9990871,1
test,11831,0.99904287,1
test,11832,0.9994725,1
test,11833,0.99909866,1
test,11834,0.99944615,1
test,11835,0.25437006,0
test,11836,0.15900055,0
test,11837,0.020593788,0
test,11838,0.88242966,1
test,11839,0.6219186,0
test,11840,0.9733453,1
test,11841,0.98189366,1
test,11842,0.0002718426,0
test,11843,0.40899074,0
test,11844,0.0020437224,0
test,11845,0.6709132,1
test,11846,0.43998376,0
test,11847,0.12074144,0
test,11848,0.08852065,0
test,11849,0.09187284,1
test,11850,0.19390984,0
test,11851,0.9288102,0
test,11852,0.19148491,0
test,11853,0.29677492,0
test,11854,0.007833476,0
test,11855,0.0023323847,0
test,11856,0.010833963,0
test,11857,0.1496645,0
test,11858,0.40917215,0
test,11859,0.00021477159,0
test,11860,0.14538333,0
test,11861,0.27333423,1
test,11862,0.3575488,1
test,11863,3.946159e-05,0
test,11864,0.06942006,0
test,11865,0.006326829,0
test,11866,0.028372196,0
test,11867,0.026552174,0
test,11868,0.011448878,0
test,11869,0.008377295,0
test,11870,0.21334592,0
test,11871,0.5128492,0
test,11872,0.24987759,0
test,11873,0.47401065,0
test,11874,0.7097671,1
test,11875,0.3275698,0
test,11876,0.9693725,1
test,11877,0.9999909,1
test,11878,0.9999815,1
test,11879,0.9999857,1
test,11880,0.999983,1
test,11881,0.99998605,1
test,11882,0.99998945,1
test,11883,0.99998295,1
test,11884,0.9999886,1
test,11885,0.9999897,1
test,11886,0.9999869,1
test,11887,0.9999809,1
test,11888,0.9999868,1
test,11889,0.99997884,1
test,11890,0.99998283,1
test,11891,0.55632186,1
test,11892,0.14465177,0
test,11893,0.06602648,0
test,11894,0.00077085424,0
test,11895,0.48169136,0
test,11896,0.000537047,0
test,11897,0.9196063,1
test,11898,0.06993731,0
test,11899,0.026777903,0
test,11900,0.9999834,1
test,11901,0.9999844,1
test,11902,0.999982,1
test,11903,0.99992305,1
test,11904,0.99990284,1
test,11905,0.9999058,1
test,11906,0.9998894,1
test,11907,0.9492662,1
test,11908,0.0052570035,0
test,11909,0.008625282,0
test,11910,0.79165024,0
test,11911,0.26632676,0
test,11912,0.29024157,0
test,11913,0.4371981,0
test,11914,0.7936261,0
test,11915,0.19329913,0
test,11916,0.26407048,0
test,11917,0.0026080743,0
test,11918,0.1770851,0
test,11919,0.0014593385,0
test,11920,0.26846978,0
test,11921,0.00030413741,0
test,11922,0.009128691,0
test,11923,0.027005166,0
test,11924,0.82747144,0
test,11925,0.0041581863,0
test,11926,0.005723079,0
test,11927,0.41657957,0
test,11928,0.016681174,0
test,11929,0.005238598,0
test,11930,0.7547978,0
test,11931,0.34251034,0
test,11932,0.00018517932,0
test,11933,0.3252698,0
test,11934,0.0025821296,0
test,11935,0.57023215,0
test,11936,0.27445483,0
test,11937,0.003595908,0
test,11938,0.03668463,0
test,11939,0.030949218,0
test,11940,0.044737734,0
test,11941,0.3102287,0
test,11942,0.57602566,0
test,11943,0.009745,0
test,11944,0.0055998894,0
test,11945,7.776714e-06,0
test,11946,0.052320153,0
test,11947,0.0044811885,0
test,11948,0.6283407,0
test,11949,0.41315886,0
test,11950,0.06616983,0
test,11951,0.072853014,0
test,11952,0.26205027,0
test,11953,0.1041803,0
test,11954,0.005216114,0
test,11955,0.44941282,0
test,11956,0.40718055,0
test,11957,0.121769845,0
test,11958,0.009312203,0
test,11959,0.017392442,0
test,11960,0.014919976,0
test,11961,0.0035472733,0
test,11962,0.60195124,0
test,11963,0.02522407,0
test,11964,0.023802815,0
test,11965,0.024169207,0
test,11966,0.35123765,0
test,11967,0.080365576,0
test,11968,0.28696692,0
test,11969,0.0068066735,0
test,11970,0.7488257,0
test,11971,0.109600894,0
test,11972,0.9999507,1
test,11973,0.9999297,1
test,11974,0.9999353,1
test,11975,0.9999387,1
test,11976,0.9999194,1
test,11977,0.99994636,1
test,11978,0.99995303,1
test,11979,0.99996614,1
test,11980,0.99993396,1
test,11981,0.9996949,1
test,11982,0.09174129,0
test,11983,0.08702007,0
test,11984,5.766919e-05,0
test,11985,0.099116966,0
test,11986,0.99998957,1
test,11987,0.99998933,1
test,11988,0.99999017,1
test,11989,0.99998623,1
test,11990,0.9999859,1
test,11991,0.85783917,1
test,11992,0.54603016,0
test,11993,0.7230464,1
test,11994,0.0027053335,0
test,11995,0.94427884,1
test,11996,0.47876447,0
test,11997,0.38559228,0
test,11998,0.06563702,0
test,11999,0.28846914,0
test,12000,0.9999527,1
test,12001,0.99992913,1
test,12002,0.99995947,1
test,12003,0.9999517,1
test,12004,0.31259885,0
test,12005,0.02647811,0
test,12006,0.99987453,1
test,12007,0.9998803,1
test,12008,0.9999242,1
test,12009,0.9998902,1
test,12010,0.99999845,1
test,12011,0.99991965,1
test,12012,0.999913,1
test,12013,0.99994236,1
test,12014,0.9999426,1
test,12015,0.9999404,1
test,12016,0.9999087,1
test,12017,0.99991345,1
test,12018,0.99993384,1
test,12019,0.99993676,1
test,12020,0.9998867,1
test,12021,0.9998942,1
test,12022,0.9999017,1
test,12023,0.99961996,1
test,12024,0.99995905,1
test,12025,0.99989426,1
test,12026,0.99992037,1
test,12027,0.999939,1
test,12028,0.9999179,1
test,12029,0.9998987,1
test,12030,0.99991184,1
test,12031,0.99992996,1
test,12032,0.99485296,1
test,12033,0.99995065,1
test,12034,0.999948,1
test,12035,0.99993265,1
test,12036,0.9999404,1
test,12037,0.9999183,1
test,12038,0.99995804,1
test,12039,0.99996525,1
test,12040,0.99997604,1
test,12041,0.9999465,1
test,12042,0.9999646,1
test,12043,0.9999603,1
test,12044,0.9999744,1
test,12045,0.99996954,1
test,12046,0.9999772,1
test,12047,0.9999788,1
test,12048,0.99998176,1
test,12049,0.99997884,1
test,12050,0.99997514,1
test,12051,0.9999799,1
test,12052,0.9999753,1
test,12053,0.99998015,1
test,12054,0.99996793,1
test,12055,0.99997675,1
test,12056,0.9999719,1
test,12057,0.9999325,1
test,12058,0.9999229,1
test,12059,0.9999209,1
test,12060,0.32124028,0
test,12061,0.102373704,0
test,12062,0.004350822,0
test,12063,0.49957713,0
test,12064,0.6257577,0
test,12065,0.26473793,0
test,12066,0.64463556,0
test,12067,0.50600946,0
test,12068,0.11109517,0
test,12069,0.00046392067,0
test,12070,0.6807183,0
test,12071,0.90130424,1
test,12072,0.021821426,0
test,12073,0.1343088,0
test,12074,0.10773788,0
test,12075,0.103127606,0
test,12076,0.4045403,0
test,12077,0.96290565,1
test,12078,0.96778184,1
test,12079,0.95957476,1
test,12080,0.9536885,1
test,12081,0.94408286,1
test,12082,0.9635389,1
test,12083,0.9539011,1
test,12084,0.9308409,1
test,12085,0.8119085,1
test,12086,0.59577715,1
test,12087,0.5057649,0
test,12088,0.20016408,0
test,12089,0.43580005,0
test,12090,0.99993366,1
test,12091,0.9999636,1
test,12092,0.9999803,1
test,12093,0.9999758,1
test,12094,0.5088479,0
test,12095,0.6877099,1
test,12096,0.27743378,0
test,12097,0.0051668566,0
test,12098,0.41037917,0
test,12099,0.0075405403,0
test,12100,0.0029437756,0
test,12101,0.0013279547,0
test,12102,0.37498567,0
test,12103,0.009527766,0
test,12104,0.9139046,1
test,12105,0.0038569903,0
test,12106,0.04672394,0
test,12107,0.9998753,1
test,12108,0.999851,1
test,12109,0.9998555,1
test,12110,0.9998692,1
test,12111,0.9998699,1
test,12112,0.9998571,1
test,12113,0.9998468,1
test,12114,0.99981105,1
test,12115,0.9998644,1
test,12116,0.9998729,1
test,12117,0.99987894,1
test,12118,0.9415306,1
test,12119,0.3546345,1
test,12120,0.4281733,0
test,12121,0.17346735,0
test,12122,0.17009732,1
test,12123,0.5307762,0
test,12124,0.2547967,0
test,12125,0.00034577821,0
test,12126,7.588594e-05,0
test,12127,0.018785108,0
test,12128,0.008327458,0
test,12129,0.28610608,1
test,12130,0.025410125,0
test,12131,0.049276747,0
test,12132,0.0055245254,0
test,12133,0.36894,0
test,12134,0.014998982,0
test,12135,0.19048995,0
test,12136,0.002401965,0
test,12137,0.19394457,0
test,12138,0.116287366,0
test,12139,0.47457024,0
test,12140,0.03566518,0
test,12141,0.011536396,0
test,12142,0.4019075,0
test,12143,0.0043466124,0
test,12144,0.016893627,0
test,12145,0.1595988,0
test,12146,0.040643524,0
test,12147,0.00095370575,0
test,12148,0.3463317,0
test,12149,0.018020818,0
test,12150,0.0014507663,0
test,12151,0.0021961897,0
test,12152,0.015069245,0
test,12153,0.6963052,0
test,12154,0.67061937,0
test,12155,0.030341683,0
test,12156,0.92677,1
test,12157,0.037913933,0
test,12158,0.19907549,0
test,12159,0.0023081296,0
test,12160,0.13579862,0
test,12161,0.20935401,0
test,12162,0.001635909,0
test,12163,0.99993354,1
test,12164,0.9998845,1
test,12165,0.9999903,1
test,12166,0.9999825,1
test,12167,0.99998665,1
test,12168,0.9999863,1
test,12169,0.99998844,1
test,12170,0.9999843,1
test,12171,0.99998647,1
test,12172,0.99998486,1
test,12173,0.9999843,1
test,12174,0.9999776,1
test,12175,0.9999761,1
test,12176,0.99998206,1
test,12177,0.9999883,1
test,12178,0.9999785,1
test,12179,0.9999878,1
test,12180,0.9999809,1
test,12181,0.9999815,1
test,12182,0.9999739,1
test,12183,0.999996,1
test,12184,0.99998456,1
test,12185,0.99997467,1
test,12186,0.999981,1
test,12187,0.99998164,1
test,12188,0.99997824,1
test,12189,0.99998176,1
test,12190,0.9999838,1
test,12191,0.0016313889,0
test,12192,0.99961054,1
test,12193,0.9994905,1
test,12194,0.9785468,1
test,12195,0.0055369628,0
test,12196,0.19304474,0
test,12197,0.006721422,0
test,12198,0.3743208,0
test,12199,0.497005,0
test,12200,0.13743918,0
test,12201,0.011363714,0
test,12202,0.2538427,0
test,12203,0.19093081,0
test,12204,0.00090709457,0
test,12205,0.16336758,0
test,12206,0.0003787666,0
test,12207,0.5369382,0
test,12208,0.00089672266,0
test,12209,0.0035153762,0
test,12210,0.37883517,0
test,12211,0.082913116,0
test,12212,0.0039787935,0
test,12213,0.43589634,0
test,12214,0.0027616534,0
test,12215,0.010988342,0
test,12216,0.72156,0
test,12217,0.30892682,0
test,12218,0.0032594532,0
test,12219,0.0023679007,0
test,12220,0.003338839,0
test,12221,0.70013773,0
test,12222,0.010310579,0
test,12223,0.08636097,0
test,12224,0.061433308,0
test,12225,0.22069737,0
test,12226,0.00409243,0
test,12227,0.00052684476,0
test,12228,0.010374819,0
test,12229,0.00030603062,0
test,12230,0.20270748,0
test,12231,0.0002358991,0
test,12232,0.6303731,0
test,12233,0.00032725907,0
test,12234,0.52736944,0
test,12235,0.058105495,0
test,12236,0.00024192563,0
test,12237,0.056023356,0
test,12238,0.5115304,0
test,12239,0.0028274301,0
test,12240,0.26816687,0
test,12241,0.31048822,0
test,12242,0.5283383,0
test,12243,0.039651185,0
test,12244,0.14647329,0
test,12245,0.00010734965,0
test,12246,0.022342054,0
test,12247,0.00012851245,0
test,12248,0.07290666,0
test,12249,0.40263262,0
test,12250,0.795408,0
test,12251,0.48274863,0
test,12252,0.31901884,0
test,12253,0.82278425,0
test,12254,0.81249017,0
test,12255,0.43679166,0
test,12256,0.28316623,0
test,12257,0.004316548,0
test,12258,0.44009748,0
test,12259,0.6870618,0
test,12260,0.40828976,0
test,12261,0.0006834939,0
test,12262,0.3933892,0
test,12263,0.5313505,0
test,12264,0.10077785,0
test,12265,0.098925985,0
test,12266,0.7836473,0
test,12267,0.6139177,0
test,12268,0.50100887,0
test,12269,0.48175377,0
test,12270,0.19941278,0
test,12271,0.08783656,0
test,12272,0.002108987,0
test,12273,0.32031992,0
test,12274,0.6472659,0
test,12275,0.6312184,0
test,12276,0.0030833888,0
test,12277,0.34944314,0
test,12278,0.22065102,0
test,12279,0.15307668,0
test,12280,0.16674812,0
test,12281,0.15358385,0
test,12282,0.21986392,0
test,12283,0.6479192,0
test,12284,0.33326852,0
test,12285,0.7389517,0
test,12286,0.044746295,0
test,12287,0.64464325,0
test,12288,0.33173832,0
test,12289,0.11115372,0
test,12290,0.005735335,0
test,12291,0.0112142665,0
test,12292,0.0003225635,0
test,12293,0.37280747,0
test,12294,0.3441825,0
test,12295,0.018365776,0
test,12296,0.40457478,0
test,12297,0.20063919,0
test,12298,0.44625506,0
test,12299,0.48192772,0
test,12300,0.2438254,0
test,12301,0.01080784,0
test,12302,0.037307683,0
test,12303,0.010814576,0
test,12304,0.042222615,0
test,12305,0.002957945,0
test,12306,0.018321535,0
test,12307,0.41167313,0
test,12308,0.023657901,0
test,12309,0.0034080541,0
test,12310,0.21841738,0
test,12311,0.003375959,0
test,12312,0.0015510013,0
test,12313,0.0034573788,0
test,12314,0.00042674612,0
test,12315,0.005229792,0
test,12316,4.6724548e-05,0
test,12317,0.005939766,0
test,12318,0.061551165,0
test,12319,0.28381673,0
test,12320,0.33723724,0
test,12321,0.047540024,0
test,12322,0.0011604594,0
test,12323,0.77560765,0
test,12324,0.030271923,0
test,12325,0.0010188246,0
test,12326,0.00018499208,0
test,12327,0.24623416,0
test,12328,0.38559833,0
test,12329,0.4033437,0
test,12330,0.037957028,0
test,12331,0.01550865,0
test,12332,0.64839387,0
test,12333,0.26412448,0
test,12334,0.001049321,0
test,12335,0.16580904,0
test,12336,0.008062712,0
test,12337,0.29654497,0
test,12338,0.112743005,0
test,12339,0.2180805,0
test,12340,0.00076409825,0
test,12341,0.01539505,0
test,12342,0.7431636,0
test,12343,0.39700142,0
test,12344,0.24870285,0
test,12345,0.6138891,0
test,12346,0.10214631,0
test,12347,0.28695288,0
test,12348,0.005235985,0
test,12349,0.0017357208,0
test,12350,0.3736215,0
test,12351,0.23111013,0
test,12352,0.36467013,0
test,12353,0.19651742,0
test,12354,0.28183988,0
test,12355,0.00049808226,0
test,12356,0.0024328958,0
test,12357,0.0010448621,0
test,12358,0.0012009769,0
test,12359,0.0029860088,0
test,12360,0.49263132,0
test,12361,0.17229424,0
test,12362,0.10584823,0
test,12363,0.43747807,0
test,12364,0.40978292,0
test,12365,0.88647807,0
test,12366,0.47962874,0
test,12367,0.11615049,0
test,12368,0.41942066,0
test,12369,0.40629205,0
test,12370,0.0404591,0
test,12371,0.016924422,0
test,12372,0.40192547,0
test,12373,0.28449678,0
test,12374,0.2937997,0
test,12375,0.6663647,0
test,12376,0.37885177,0
test,12377,0.3387707,0
test,12378,0.3550111,0
test,12379,0.13262779,0
test,12380,0.25724688,0
test,12381,0.0009797086,0
test,12382,0.0014750087,0
test,12383,0.5731015,0
test,12384,0.29350132,0
test,12385,0.2477352,0
test,12386,0.55921066,0
test,12387,0.4930571,0
test,12388,0.25904948,0
test,12389,0.2583735,0
test,12390,0.13589108,0
test,12391,0.011227525,0
test,12392,0.36073998,0
test,12393,0.24745321,0
test,12394,0.2913022,0
test,12395,0.007477342,0
test,12396,0.12325803,0
test,12397,0.3482247,0
test,12398,0.7077882,0
test,12399,0.0015224448,0
test,12400,0.013064018,0
test,12401,0.004862454,0
test,12402,0.63605136,0
test,12403,0.47412717,0
test,12404,0.7609555,0
test,12405,0.0015738193,0
test,12406,0.0013219337,0
test,12407,0.0027201807,0
test,12408,0.5123701,0
test,12409,0.5619633,0
test,12410,0.0016072905,0
test,12411,0.4667462,0
test,12412,0.10667517,0
test,12413,0.42300487,0
test,12414,0.5734554,0
test,12415,0.06765281,0
test,12416,0.011819819,0
test,12417,0.5586015,0
test,12418,0.00033913396,0
test,12419,0.71088946,0
test,12420,0.0048475256,0
test,12421,0.33222598,0
test,12422,0.047802363,0
test,12423,0.15029648,0
test,12424,0.12179618,0
test,12425,0.14943689,0
test,12426,0.09394911,0
test,12427,0.0011933004,0
test,12428,0.01261625,0
test,12429,0.06776197,0
test,12430,0.0008468367,0
test,12431,0.011914169,0
test,12432,0.038185734,0
test,12433,0.6606417,0
test,12434,0.56619877,0
test,12435,0.4240381,0
test,12436,0.34779865,0
test,12437,0.005582609,0
test,12438,0.5349232,0
test,12439,0.25913498,0
test,12440,0.007605125,0
test,12441,0.42600146,0
test,12442,0.23896185,0
test,12443,0.001584845,0
test,12444,0.114014715,0
test,12445,0.16533117,0
test,12446,0.0022096646,0
test,12447,0.40275872,0
test,12448,0.00045757517,0
test,12449,0.2962166,0
test,12450,0.20338303,0
test,12451,0.72529286,0
test,12452,0.016128808,0
test,12453,0.8838708,0
test,12454,0.17102152,0
test,12455,0.0037683165,0
test,12456,0.62477267,0
test,12457,0.5543157,0
test,12458,0.002051787,0
test,12459,0.018305063,0
test,12460,0.52398527,0
test,12461,0.02532051,0
test,12462,0.60177326,0
test,12463,0.31172085,0
test,12464,0.0010290483,0
test,12465,0.45762026,0
test,12466,0.050960194,0
test,12467,0.21276005,0
test,12468,0.014139852,0
test,12469,0.0037159405,0
test,12470,0.68794394,0
test,12471,0.012063233,0
test,12472,0.714835,0
test,12473,0.12920573,0
test,12474,0.07327415,0
test,12475,0.29064178,0
test,12476,0.100578256,0
test,12477,0.0013219973,0
test,12478,0.002955671,0
test,12479,0.0010502207,0
test,12480,0.0070704105,0
test,12481,0.20628397,0
test,12482,0.7988908,0
test,12483,0.17876412,0
test,12484,0.28769156,0
test,12485,0.0020428,0
test,12486,0.30474097,0
test,12487,0.10418639,0
test,12488,0.37946963,0
test,12489,0.0017429505,0
test,12490,0.16999304,0
test,12491,0.033914506,0
test,12492,0.182443,0
test,12493,0.09072445,0
test,12494,0.035442952,0
test,12495,0.2261674,0
test,12496,0.10267161,0
test,12497,0.010787009,0
test,12498,0.18301429,0
test,12499,0.009156672,0
test,12500,0.27064428,0
test,12501,0.024485996,0
test,12502,0.007694045,0
test,12503,0.0026268887,0
test,12504,0.6835732,0
test,12505,0.0007791656,0
test,12506,0.0016513404,0
test,12507,0.00037188377,0
test,12508,0.014256353,0
test,12509,0.061453268,0
test,12510,0.020950075,0
test,12511,0.24591215,0
test,12512,0.015045195,0
test,12513,0.58448136,0
test,12514,0.0008055054,0
test,12515,0.1336466,0
test,12516,0.13354062,0
test,12517,0.7079859,0
test,12518,0.26237562,0
test,12519,0.003043234,0
test,12520,0.0027970595,0
test,12521,0.061516967,0
test,12522,0.013104283,0
test,12523,0.15592502,0
test,12524,0.85894537,0
test,12525,0.12833135,0
test,12526,0.43652445,0
test,12527,0.1917871,0
test,12528,0.12282482,0
test,12529,0.16278616,0
test,12530,0.24256437,0
test,12531,0.007938137,0
test,12532,0.0006725948,0
test,12533,0.21926704,0
test,12534,0.036995202,0
test,12535,0.1873413,0
test,12536,0.18709144,0
test,12537,0.2541827,0
test,12538,0.16640678,0
test,12539,0.13990265,0
test,12540,0.13198262,0
test,12541,0.13245033,0
test,12542,0.54287654,1
test,12543,0.01544875,0
test,12544,0.01912227,0
test,12545,0.02152042,0
test,12546,0.065832436,0
test,12547,0.10482838,0
test,12548,0.38943365,0
test,12549,0.2981213,0
test,12550,0.7867626,0
test,12551,0.0043087304,0
test,12552,0.0028954784,0
test,12553,0.2008123,0
test,12554,0.17567447,0
test,12555,0.17825206,0
test,12556,0.46035329,0
test,12557,0.05207419,0
test,12558,0.6562551,0
test,12559,0.0139936805,0
test,12560,0.4494179,0
test,12561,0.34538507,0
test,12562,0.2410193,0
test,12563,0.23813881,0
test,12564,0.15051445,0
test,12565,0.39948866,0
test,12566,0.5056324,0
test,12567,0.60516024,0
test,12568,0.19966808,0
test,12569,0.022704149,0
test,12570,0.2895275,0
test,12571,0.65059066,0
test,12572,0.31090072,0
test,12573,0.51627505,0
test,12574,0.00033266994,0
test,12575,0.0006095219,0
test,12576,0.45487642,0
test,12577,0.268642,0
test,12578,0.52102447,0
test,12579,0.39709485,0
test,12580,0.00073000096,0
test,12581,0.450615,0
test,12582,0.022704404,0
test,12583,0.18349181,0
test,12584,0.0034483857,0
test,12585,0.01672649,0
test,12586,0.53311574,0
test,12587,0.36934108,0
test,12588,0.37672427,0
test,12589,0.017975422,0
test,12590,0.44091702,0
test,12591,0.03220137,0
test,12592,0.26160467,0
test,12593,0.31747174,0
test,12594,0.626099,1
test,12595,0.4729429,0
test,12596,0.22880763,0
test,12597,0.0028422195,0
test,12598,0.89030385,0
test,12599,0.008173316,0
test,12600,0.009457673,0
test,12601,0.018350206,0
test,12602,0.0043592923,0
test,12603,0.0239347,0
test,12604,0.18229997,0
test,12605,0.3376095,0
test,12606,0.2929545,0
test,12607,0.17698438,0
test,12608,0.4885406,0
test,12609,0.027941665,0
test,12610,0.48181182,0
test,12611,0.63149464,0
test,12612,0.79643816,0
test,12613,0.69029534,0
test,12614,0.57845545,0
test,12615,0.8335813,0
test,12616,0.13891931,0
test,12617,0.15857437,0
test,12618,0.39019498,0
test,12619,0.4681645,0
test,12620,0.6350811,0
test,12621,0.03562701,0
test,12622,0.09116027,0
test,12623,0.17564988,0
test,12624,0.23803134,0
test,12625,0.0013996024,0
test,12626,0.52676886,0
test,12627,0.00045121793,0
test,12628,0.15735352,0
test,12629,0.0002678799,0
test,12630,0.0062845633,0
test,12631,0.0050772666,0
test,12632,0.30964905,0
test,12633,0.035818245,0
test,12634,0.03996927,0
test,12635,0.003253943,0
test,12636,0.3528819,0
test,12637,0.25715026,0
test,12638,0.10692172,0
test,12639,0.013170468,0
test,12640,0.0075480705,0
test,12641,0.003355605,0
test,12642,0.00029395742,0
test,12643,0.2008048,0
test,12644,0.048120987,0
test,12645,0.0049513513,0
test,12646,0.14444038,0
test,12647,0.3548134,0
test,12648,0.0016864719,0
test,12649,0.14156137,0
test,12650,0.13525823,0
test,12651,0.35258588,0
test,12652,0.0035219702,0
test,12653,0.0038256047,0
test,12654,0.18255211,0
test,12655,0.0007559609,0
test,12656,0.8640744,0
test,12657,0.75795937,0
test,12658,0.25467968,0
test,12659,0.13326879,0
test,12660,0.34645823,0
test,12661,0.41789958,0
test,12662,0.4797766,0
test,12663,0.00020541993,0
test,12664,0.07214257,0
test,12665,0.0014128442,0
test,12666,0.00062613183,0
test,12667,0.41777727,0
test,12668,0.00066102686,0
test,12669,0.014420501,0
test,12670,0.07624988,0
test,12671,0.28018597,0
test,12672,0.0008347095,0
test,12673,0.38996845,0
test,12674,0.0016350735,0
test,12675,0.70459914,0
test,12676,0.018526655,0
test,12677,0.2577928,0
test,12678,0.001360354,0
test,12679,0.09428537,0
test,12680,0.1320529,0
test,12681,0.00078170974,0
test,12682,0.075560644,0
test,12683,0.013908511,0
test,12684,0.0016389802,0
test,12685,0.00047726845,0
test,12686,0.002892886,0
test,12687,0.47331095,0
test,12688,0.06624549,0
test,12689,0.47737104,0
test,12690,0.0061768987,0
test,12691,0.10152031,0
test,12692,0.17104837,0
test,12693,0.0038537376,0
test,12694,0.6206092,0
test,12695,0.46067053,0
test,12696,0.6260106,0
test,12697,0.089681424,0
test,12698,0.40207994,0
test,12699,0.0003689115,0
test,12700,0.18509026,0
test,12701,0.14980859,0
test,12702,0.00023135221,0
test,12703,0.005945208,0
test,12704,0.006014351,0
test,12705,0.046761014,0
test,12706,0.52586776,0
test,12707,0.40598246,0
test,12708,0.0016270818,0
test,12709,0.0006717979,0
test,12710,0.00016602613,0
test,12711,0.0016634797,0
test,12712,0.009828483,0
test,12713,0.082386956,0
test,12714,0.5646657,0
test,12715,0.415064,0
test,12716,0.0030990283,0
test,12717,0.00072604674,0
test,12718,0.45316207,0
test,12719,0.4802508,0
test,12720,0.4879891,0
test,12721,0.003954333,0
test,12722,0.78357756,0
test,12723,0.0017686893,0
test,12724,0.09431163,0
test,12725,0.0004979617,0
test,12726,0.11423486,0
test,12727,0.00036312663,0
test,12728,0.17061111,0
test,12729,0.07677123,0
test,12730,0.031194774,0
test,12731,0.21228576,0
test,12732,0.0016289924,0
test,12733,0.8208482,0
test,12734,0.0011213917,0
test,12735,0.6655284,0
test,12736,0.26445585,0
test,12737,0.18702145,0
test,12738,0.38366804,0
test,12739,0.57673043,0
test,12740,0.0076828618,0
test,12741,0.3016744,0
test,12742,0.33457687,0
test,12743,0.27596217,0
test,12744,0.26298776,0
test,12745,0.08875903,0
test,12746,0.115997486,0
test,12747,0.15362827,0
test,12748,0.47561234,0
test,12749,0.28892523,0
test,12750,0.0036660489,0
test,12751,0.035624333,0
test,12752,0.39189917,0
test,12753,0.43028295,0
test,12754,0.0632455,0
test,12755,0.00034946908,0
test,12756,0.12389929,0
test,12757,0.47744054,0
test,12758,0.072495565,0
test,12759,0.10846876,0
test,12760,0.08335074,0
test,12761,0.54749334,0
test,12762,0.65129775,0
test,12763,0.00069288065,0
test,12764,0.00017545273,0
test,12765,0.41837776,0
test,12766,0.005970358,0
test,12767,0.23030631,0
test,12768,0.5162033,0
test,12769,0.00044144833,0
test,12770,0.01635307,0
test,12771,0.35208955,0
test,12772,0.5112647,0
test,12773,0.42945582,0
test,12774,0.002883762,0
test,12775,0.00102412,0
test,12776,0.0011373844,0
test,12777,0.0038961289,0
test,12778,0.0004044481,0
test,12779,0.0021170992,0
test,12780,0.0016754923,0
test,12781,0.10273617,0
test,12782,0.0119104255,0
test,12783,0.0011458095,0
test,12784,0.029868877,0
test,12785,0.6080165,0
test,12786,0.00032181098,0
test,12787,0.03984956,0
test,12788,0.0113343615,0
test,12789,0.011247467,0
test,12790,0.17323312,0
test,12791,0.016714158,0
test,12792,0.015895454,0
test,12793,0.013645965,0
test,12794,0.004686747,0
test,12795,0.0010663591,0
test,12796,0.008957702,0
test,12797,0.027750712,0
test,12798,0.0102185225,0
test,12799,0.0010146816,0
test,12800,0.25702375,0
test,12801,0.4475601,0
test,12802,0.0035152026,0
test,12803,0.7200191,0
test,12804,0.56556153,0
test,12805,0.26938337,0
test,12806,0.6531764,0
test,12807,0.25346228,0
test,12808,0.46425322,0
test,12809,0.1315554,0
test,12810,0.27573922,0
test,12811,0.0014418387,0
test,12812,0.016880605,0
test,12813,0.00088383874,0
test,12814,0.06518729,0
test,12815,0.46520934,0
test,12816,0.39498693,0
test,12817,0.032908235,0
test,12818,0.0267509,0
test,12819,0.47188884,0
test,12820,0.005538163,0
test,12821,0.2324713,0
test,12822,0.3525845,0
test,12823,0.4290525,0
test,12824,0.0009693737,0
test,12825,0.06129651,0
test,12826,0.0013580286,0
test,12827,0.49096173,0
test,12828,0.050739985,0
test,12829,0.07976123,0
test,12830,0.3776246,0
test,12831,0.2909782,0
test,12832,0.010125571,0
test,12833,0.110319935,0
test,12834,0.786847,0
test,12835,0.49580973,0
test,12836,0.20805998,0
test,12837,0.37422642,0
test,12838,0.58593535,0
test,12839,0.5838088,0
test,12840,0.00060898036,0
test,12841,0.00047806872,0
test,12842,0.4141669,0
test,12843,0.35585943,0
test,12844,0.008971766,0
test,12845,0.7232779,0
test,12846,0.45431066,0
test,12847,0.10767044,0
test,12848,0.53896755,0
test,12849,0.00032979163,0
test,12850,0.0034600855,0
test,12851,0.78555167,0
test,12852,0.03753972,0
test,12853,0.7162818,0
test,12854,0.7600923,0
test,12855,0.02317684,0
test,12856,0.7828017,0
test,12857,0.77139825,0
test,12858,0.07652981,0
test,12859,0.01117173,0
test,12860,0.00051721727,0
test,12861,0.23330966,0
test,12862,0.32216024,0
test,12863,0.324025,0
test,12864,0.3696963,0
test,12865,0.68393266,0
test,12866,0.72639024,0
test,12867,0.40341488,0
test,12868,0.43896464,0
test,12869,0.18664233,0
test,12870,0.5129952,0
test,12871,0.16787054,0
test,12872,0.21052225,0
test,12873,0.29545656,0
test,12874,0.70319533,0
test,12875,0.42706752,0
test,12876,0.60994697,0
test,12877,0.4708032,0
test,12878,0.7535872,0
test,12879,0.027618866,0
test,12880,0.21437113,0
test,12881,0.74913573,0
test,12882,0.47745654,0
test,12883,0.3350766,0
test,12884,0.1115574,0
test,12885,0.45206478,0
test,12886,0.00016025997,0
test,12887,0.074325494,0
test,12888,0.05699531,0
test,12889,0.004194256,0
test,12890,0.44176266,0
test,12891,0.068311535,0
test,12892,0.07729272,0
test,12893,0.088195354,0
test,12894,9.948088e-05,0
test,12895,0.00016131756,0
test,12896,8.7987886e-05,0
test,12897,0.0023198666,0
test,12898,0.33527434,0
test,12899,0.0019714602,0
test,12900,0.7051909,0
test,12901,0.08486316,0
test,12902,0.10016714,0
test,12903,0.07412092,0
test,12904,0.5024257,0
test,12905,0.0015322808,0
test,12906,0.38016942,0
test,12907,0.056712963,0
test,12908,0.0013681073,0
test,12909,0.0019656003,0
test,12910,0.41385087,0
test,12911,0.001610989,0
test,12912,0.6543491,0
test,12913,0.28080073,0
test,12914,0.073806174,0
test,12915,0.30952245,0
test,12916,0.27888024,0
test,12917,0.0053859954,0
test,12918,0.00024700927,0
test,12919,0.098408304,0
test,12920,0.2774183,0
test,12921,0.073704965,0
test,12922,0.009891688,0
test,12923,0.00038225183,0
test,12924,0.2625587,0
test,12925,0.035780106,0
test,12926,0.016125547,0
test,12927,0.004983029,0
test,12928,0.005234001,0
test,12929,0.7817055,0
test,12930,0.30418295,0
test,12931,0.027928697,0
test,12932,0.21826904,0
test,12933,0.04985305,0
test,12934,0.17009547,0
test,12935,0.55164456,0
test,12936,0.00046821826,0
test,12937,0.00030174627,0
test,12938,0.0015323786,0
test,12939,0.0059271064,0
test,12940,0.0033164865,0
test,12941,0.7707007,0
test,12942,0.011356002,0
test,12943,0.68007743,0
test,12944,0.46268663,0
test,12945,0.09231388,0
test,12946,0.0020249237,0
test,12947,0.5794703,0
test,12948,0.5839082,0
test,12949,0.0014140813,0
test,12950,0.05460856,0
test,12951,0.012018319,0
test,12952,0.43085387,0
test,12953,0.14911267,0
test,12954,0.63237774,0
test,12955,0.52436507,0
test,12956,0.55378723,0
test,12957,0.00816908,0
test,12958,0.34952205,0
test,12959,0.08673455,0
test,12960,0.10849199,0
test,12961,0.00033584543,0
test,12962,0.053868353,0
test,12963,0.019171033,0
test,12964,0.054166082,0
test,12965,0.043774217,0
test,12966,0.25534013,0
test,12967,0.44701698,0
test,12968,0.22340189,0
test,12969,0.0043524494,0
test,12970,0.1667405,0
test,12971,0.01370633,0
test,12972,0.42397377,0
test,12973,0.010803141,0
test,12974,0.0010706327,0
test,12975,0.0020874438,0
test,12976,0.41965267,0
test,12977,0.00017592146,0
test,12978,0.56845903,0
test,12979,0.4077046,0
test,12980,0.0009868363,0
test,12981,0.0040381197,0
test,12982,0.10866871,0
test,12983,0.25671557,0
test,12984,0.60314775,0
test,12985,0.00709233,0
test,12986,0.0009491936,0
test,12987,0.24494658,0
test,12988,0.7767321,0
test,12989,0.8647386,0
test,12990,0.60625935,0
test,12991,0.6775816,0
test,12992,0.743188,0
test,12993,0.114055425,0
test,12994,0.09267973,0
test,12995,0.026224881,0
test,12996,0.022996297,0
test,12997,0.0379657,0
test,12998,0.04135416,0
test,12999,0.19960749,0
test,13000,0.21358553,0
test,13001,0.59526455,0
test,13002,0.014903031,0
test,13003,0.048859328,0
test,13004,0.11417539,0
test,13005,0.14774027,0
test,13006,0.45685166,0
test,13007,0.047438044,0
test,13008,0.018091908,0
test,13009,0.02977592,0
test,13010,0.007016677,0
test,13011,0.55273867,0
test,13012,0.0052891807,0
test,13013,0.19979887,0
test,13014,0.35095233,0
test,13015,0.08271934,0
test,13016,0.37402573,0
test,13017,0.02158794,0
test,13018,0.0014056078,0
test,13019,0.49907994,0
test,13020,0.12948744,0
test,13021,0.4540759,0
test,13022,0.38534048,0
test,13023,0.11838626,0
test,13024,0.0010697126,0
test,13025,0.009387041,0
test,13026,0.81834733,0
test,13027,0.11240368,0
test,13028,0.0003760015,0
test,13029,0.001036331,0
test,13030,0.0028140205,0
test,13031,0.6847576,0
test,13032,0.0064433324,0
test,13033,0.5040513,0
test,13034,0.0040420094,0
test,13035,0.0073437025,0
test,13036,0.003349551,0
test,13037,0.38584238,0
test,13038,0.26550084,0
test,13039,0.058779433,0
test,13040,0.26821804,0
test,13041,0.406635,0
test,13042,0.27599064,0
test,13043,0.26116157,0
test,13044,0.14857908,0
test,13045,0.4043281,0
test,13046,0.0033146003,0
test,13047,0.1339209,0
test,13048,0.18581648,0
test,13049,0.0025757737,0
test,13050,0.047891732,0
test,13051,0.59297764,0
test,13052,0.02257095,0
test,13053,0.030688906,0
test,13054,0.00033218568,0
test,13055,0.059769396,0
test,13056,0.0037736795,0
test,13057,0.016194338,0
test,13058,0.40414816,0
test,13059,0.5500918,0
test,13060,0.010335506,0
test,13061,0.0041254414,0
test,13062,0.11337095,0
test,13063,0.00035793692,0
test,13064,0.72706616,0
test,13065,0.5520169,0
test,13066,0.3793621,0
test,13067,0.0055283206,0
test,13068,0.7306055,0
test,13069,0.01866803,0
test,13070,0.4566042,0
test,13071,0.066642925,0
test,13072,0.6412902,0
test,13073,0.0024135355,0
test,13074,0.7274791,0
test,13075,0.033436015,0
test,13076,0.66050136,0
test,13077,0.0002764722,0
test,13078,0.004375555,0
test,13079,0.0017188861,0
test,13080,0.21175069,0
test,13081,0.6870562,0
test,13082,0.35461172,0
test,13083,0.535066,0
test,13084,0.135372,0
test,13085,0.37340498,0
test,13086,0.3895754,0
test,13087,0.7227253,0
test,13088,0.007640938,0
test,13089,0.21890531,0
test,13090,0.33307847,0
test,13091,0.1362153,0
test,13092,0.0019729282,0
test,13093,0.057476863,0
test,13094,0.022378687,0
test,13095,0.51117253,0
test,13096,0.13584979,0
test,13097,0.3335445,0
test,13098,0.20701142,0
test,13099,0.31860456,0
test,13100,0.16876623,0
test,13101,0.25565493,0
test,13102,0.3711163,0
test,13103,0.42378834,0
test,13104,0.014502053,0
test,13105,0.55087864,0
test,13106,0.022544932,0
test,13107,0.016889963,0
test,13108,0.4175126,0
test,13109,0.00022685037,0
test,13110,0.006004156,0
test,13111,0.3135112,0
test,13112,0.0136329355,0
test,13113,0.0399931,0
test,13114,0.8992517,0
test,13115,0.00409915,0
test,13116,0.4881756,0
test,13117,0.0037955355,0
test,13118,0.105401896,0
test,13119,0.0048397663,0
test,13120,0.0035918273,0
test,13121,0.0021107239,0
test,13122,0.28018534,0
test,13123,0.0024746836,0
test,13124,0.0017150511,0
test,13125,0.00036660043,0
test,13126,0.071519144,0
test,13127,0.030429658,0
test,13128,0.017917007,0
test,13129,0.028339759,0
test,13130,0.39444855,0
test,13131,0.0005212615,0
test,13132,0.6401783,0
test,13133,0.14341462,0
test,13134,0.70269704,0
test,13135,0.020259347,0
test,13136,0.001457819,0
test,13137,0.005451464,0
test,13138,0.0016159487,0
test,13139,0.8593663,0
test,13140,0.7916013,0
test,13141,0.0020595645,0
test,13142,0.0018093265,0
test,13143,0.819,0
test,13144,0.0060837874,0
test,13145,0.007963649,0
test,13146,0.0347029,0
test,13147,0.20734312,0
test,13148,0.47887895,0
test,13149,0.024379676,0
test,13150,0.46865276,0
test,13151,0.581573,0
test,13152,0.0019483996,0
test,13153,0.49525434,0
test,13154,0.0025431835,0
test,13155,0.4409795,0
test,13156,0.0237965,0
test,13157,0.00504967,0
test,13158,0.00016672414,0
test,13159,0.61913764,0
test,13160,0.00021422858,0
test,13161,4.8844737e-05,0
test,13162,0.7768906,0
test,13163,0.04903681,0
test,13164,0.27417657,0
test,13165,0.0076306686,0
test,13166,0.2078957,0
test,13167,0.23738784,0
test,13168,0.13652965,0
test,13169,0.13154021,0
test,13170,0.1666727,0
test,13171,0.17487937,0
test,13172,0.19933474,0
test,13173,0.119987,0
test,13174,0.10501601,0
test,13175,0.71977717,0
test,13176,0.8754677,1
test,13177,0.92019206,1
test,13178,0.075103074,0
test,13179,0.8169633,0
test,13180,0.026930152,0
test,13181,0.16806284,0
test,13182,0.004433447,0
test,13183,0.07476619,0
test,13184,0.37976933,0
test,13185,0.28160402,0
test,13186,0.0022075502,0
test,13187,0.344321,0
test,13188,0.0121803675,0
test,13189,0.4169947,0
test,13190,0.0037539513,0
test,13191,0.06394042,0
test,13192,0.4066553,0
test,13193,0.7080059,0
test,13194,0.32318938,0
test,13195,0.03743508,0
test,13196,0.41416922,0
test,13197,0.52225196,0
test,13198,0.35135365,0
test,13199,0.0032325462,0
test,13200,0.6265074,0
test,13201,0.4538197,0
test,13202,0.055893455,0
test,13203,0.020579116,0
test,13204,0.0025755346,0
test,13205,0.0022891106,0
test,13206,0.038468875,0
test,13207,0.4738339,0
test,13208,0.42689142,0
test,13209,0.4220886,0
test,13210,0.5330064,0
test,13211,0.20777485,0
test,13212,0.1532853,1
test,13213,0.55954266,0
test,13214,0.23480996,0
test,13215,0.8119545,0
test,13216,0.6243807,0
test,13217,0.6501365,0
test,13218,0.68619287,0
test,13219,0.70603806,0
test,13220,0.31581992,0
test,13221,0.66876316,0
test,13222,0.7306317,0
test,13223,0.39579123,0
test,13224,0.27935776,0
test,13225,0.31130257,0
test,13226,0.36911163,0
test,13227,0.25551856,0
test,13228,0.47331047,0
test,13229,0.24858141,0
test,13230,0.42217377,0
test,13231,0.017267924,0
test,13232,0.031143486,0
test,13233,0.0024012043,0
test,13234,0.008615363,0
test,13235,0.24631742,0
test,13236,0.7570946,0
test,13237,0.15151653,0
test,13238,0.75522137,0
test,13239,0.7247181,0
test,13240,0.8386661,0
test,13241,0.49551484,0
test,13242,0.0009231115,0
test,13243,0.0007781412,0
test,13244,0.03535239,0
test,13245,0.0010472254,0
test,13246,0.33130744,0
test,13247,0.5351646,0
test,13248,0.7162257,0
test,13249,0.0007447629,0
test,13250,0.20573358,0
test,13251,0.8787053,0
test,13252,0.0055042394,0
test,13253,0.5256692,0
test,13254,0.000515388,0
test,13255,0.042564597,0
test,13256,0.01570421,0
test,13257,0.21989243,0
test,13258,0.47311458,0
test,13259,0.8996446,1
test,13260,0.013018314,0
test,13261,0.2143598,0
test,13262,0.25553095,0
test,13263,0.34079906,0
test,13264,0.015159812,0
test,13265,0.00041535115,0
test,13266,0.18099508,0
test,13267,0.013064966,0
test,13268,0.14414866,0
test,13269,0.042062975,0
test,13270,0.38110733,0
test,13271,0.062871344,0
test,13272,0.011981426,0
test,13273,0.5134767,0
test,13274,0.011378465,0
test,13275,0.16470249,0
test,13276,0.0070961327,0
test,13277,0.12791799,0
test,13278,0.0065649953,0
test,13279,0.0031619049,0
test,13280,0.1194727,0
test,13281,0.012759091,0
test,13282,0.00093216874,0
test,13283,0.007283659,0
test,13284,0.019214094,0
test,13285,0.00674853,0
test,13286,0.7925817,0
test,13287,0.8150122,0
test,13288,5.165891e-05,0
test,13289,0.028507365,0
test,13290,0.45891333,0
test,13291,0.00020042791,0
test,13292,0.60974336,0
test,13293,0.1466065,0
test,13294,0.8754803,0
test,13295,0.5544717,0
test,13296,0.000670118,0
test,13297,0.6679623,0
test,13298,0.1814377,0
test,13299,0.07733319,0
test,13300,0.6488545,0
test,13301,0.22644895,0
test,13302,0.6274666,0
test,13303,0.23513511,0
test,13304,0.14934382,0
test,13305,0.8335312,0
test,13306,0.7413507,0
test,13307,0.00033402408,0
test,13308,0.000297059,0
test,13309,0.0017906688,0
test,13310,0.0022914163,0
test,13311,0.008732203,0
test,13312,0.012207638,0
test,13313,0.00016500457,0
test,13314,0.00026338492,0
test,13315,0.40998527,0
test,13316,0.00050110026,0
test,13317,0.0006303219,0
test,13318,0.0007306583,0
test,13319,0.2512361,0
test,13320,0.53742063,0
test,13321,0.00041850033,0
test,13322,0.0015612816,0
test,13323,0.23351832,0
test,13324,0.19970188,0
test,13325,0.5581221,1
test,13326,0.37272638,0
test,13327,0.11940253,0
test,13328,0.4918844,0
test,13329,0.3872188,0
test,13330,0.0048242793,0
test,13331,0.29635888,0
test,13332,0.56201875,0
test,13333,0.0021947536,0
test,13334,0.34731513,0
test,13335,0.40564576,0
test,13336,0.024752235,0
test,13337,0.00066990417,0
test,13338,0.050087206,0
test,13339,0.00020654078,0
test,13340,0.5616602,0
test,13341,0.3625426,0
test,13342,0.4398403,0
test,13343,0.16077094,0
test,13344,0.046540104,0
test,13345,0.021239659,0
test,13346,0.061063513,0
test,13347,0.0014207589,0
test,13348,0.40806362,0
test,13349,0.003595782,0
test,13350,0.08469361,0
test,13351,0.49945685,0
test,13352,0.011748293,0
test,13353,0.009577465,0
test,13354,0.16816401,0
test,13355,0.25357434,0
test,13356,0.47970438,0
test,13357,0.5300764,0
test,13358,0.00022256272,0
test,13359,0.002452691,0
test,13360,0.096747905,0
test,13361,0.0025081832,0
test,13362,0.35940877,0
test,13363,0.1076868,0
test,13364,0.26087764,0
test,13365,0.020974657,0
test,13366,0.012657159,0
test,13367,0.0040269857,0
test,13368,0.42492068,0
test,13369,0.46221697,0
test,13370,0.0010529356,0
test,13371,0.117741406,0
test,13372,0.006875421,0
test,13373,0.048845697,0
test,13374,0.023966651,0
test,13375,0.0025165528,0
test,13376,0.024384342,0
test,13377,0.0010160814,0
test,13378,0.091213934,0
test,13379,0.04001859,0
test,13380,0.12180527,0
test,13381,0.69251585,0
test,13382,0.23164117,0
test,13383,0.115721665,0
test,13384,0.43161952,0
test,13385,0.1227343,0
test,13386,0.12850659,0
test,13387,0.7704855,0
test,13388,0.033892978,0
test,13389,0.049187772,0
test,13390,0.7973564,0
test,13391,0.0130093405,0
test,13392,0.00034564704,0
test,13393,0.0002965511,0
test,13394,0.000111225796,0
test,13395,0.00081435614,0
test,13396,0.00058395934,0
test,13397,0.41828877,0
test,13398,0.46052742,0
test,13399,0.014157477,0
test,13400,0.030024305,0
test,13401,0.49738586,0
test,13402,0.0017112885,0
test,13403,0.21670647,0
test,13404,7.793017e-05,0
test,13405,0.0001982549,0
test,13406,0.0104184225,0
test,13407,0.22919586,0
test,13408,0.24725357,0
test,13409,0.25930697,0
test,13410,0.004550555,0
test,13411,0.00019116062,0
test,13412,0.010958409,0
test,13413,0.0064898496,0
test,13414,0.00025284107,0
test,13415,0.0055186395,0
test,13416,0.0016303577,0
test,13417,0.09311283,0
test,13418,0.0002907931,0
test,13419,0.009168995,0
test,13420,0.17949371,0
test,13421,0.0044954894,0
test,13422,0.10086884,0
test,13423,0.4128961,0
test,13424,0.35176575,0
test,13425,0.008142058,0
test,13426,0.004132108,0
test,13427,0.7126239,0
test,13428,0.111199774,0
test,13429,0.0040785293,0
test,13430,0.0032267955,0
test,13431,0.00089657103,0
test,13432,0.0044054696,0
test,13433,0.23624283,0
test,13434,0.012491304,0
test,13435,0.0028788012,0
test,13436,0.43234777,0
test,13437,0.1342316,0
test,13438,0.7511009,0
test,13439,0.0011140545,0
test,13440,0.05101154,0
test,13441,0.39597818,0
test,13442,0.1560748,0
test,13443,0.01387955,0
test,13444,0.26694083,0
test,13445,0.00032484072,0
test,13446,0.08534945,0
test,13447,0.00089571415,0
test,13448,0.4018076,0
test,13449,0.6137321,0
test,13450,0.30138093,0
test,13451,0.5286491,0
test,13452,0.69465125,0
test,13453,0.6536188,0
test,13454,0.7697741,0
test,13455,0.020868964,0
test,13456,0.5888369,0
test,13457,0.029626235,0
test,13458,0.016542645,0
test,13459,0.42104867,0
test,13460,0.14173467,0
test,13461,0.38606763,0
test,13462,0.29850453,0
test,13463,0.006595692,0
test,13464,0.16282742,0
test,13465,0.652271,0
test,13466,0.59559053,0
test,13467,0.6699661,0
test,13468,0.0058360235,0
test,13469,0.004602875,0
test,13470,0.44203272,0
test,13471,0.21233748,0
test,13472,0.23275855,0
test,13473,0.6940346,0
test,13474,0.71713245,0
test,13475,0.0701204,0
test,13476,0.46349227,0
test,13477,0.0017044148,0
test,13478,0.40754277,0
test,13479,0.15438585,0
test,13480,0.0021491076,0
test,13481,0.46209282,0
test,13482,0.082675904,0
test,13483,0.006516486,0
test,13484,0.21745595,0
test,13485,0.1196381,0
test,13486,0.085633054,0
test,13487,0.17824483,0
test,13488,0.69683135,0
test,13489,0.565283,0
test,13490,0.26625112,0
test,13491,0.25029123,0
test,13492,0.0070245895,0
test,13493,0.5921066,0
test,13494,0.0006460882,0
test,13495,0.63152635,0
test,13496,0.43148044,0
test,13497,0.310462,0
test,13498,0.009117991,0
test,13499,0.3108237,0
test,13500,0.012254457,0
test,13501,0.5071932,0
test,13502,0.00838574,0
test,13503,0.46594137,0
test,13504,0.002761701,0
test,13505,0.54633784,0
test,13506,0.50751215,0
test,13507,0.53764176,0
test,13508,0.010321015,0
test,13509,0.0031710395,0
test,13510,0.0023566417,0
test,13511,0.004470754,0
test,13512,0.002521144,0
test,13513,0.0022245327,0
test,13514,0.006448499,0
test,13515,0.007924582,0
test,13516,0.004496729,0
test,13517,0.18809648,0
test,13518,0.0066894847,0
test,13519,0.37342134,0
test,13520,0.009305523,0
test,13521,0.14517608,0
test,13522,0.048367653,0
test,13523,0.340357,0
test,13524,0.13711429,0
test,13525,0.029620854,0
test,13526,0.75230986,0
test,13527,0.017329732,0
test,13528,0.34725663,0
test,13529,0.011871062,0
test,13530,0.0045969696,0
test,13531,0.021041732,0
test,13532,0.005184305,0
test,13533,0.010459528,0
test,13534,0.38264826,0
test,13535,0.006414069,0
test,13536,0.00020970922,0
test,13537,0.00030536004,0
test,13538,0.001397015,0
test,13539,0.0011236297,0
test,13540,0.39650133,0
test,13541,0.00047497745,0
test,13542,0.0012079444,0
test,13543,0.0015755494,0
test,13544,0.42021233,0
test,13545,0.5216603,0
test,13546,0.015950251,0
test,13547,0.7937234,0
test,13548,0.728542,0
test,13549,0.0018906225,0
test,13550,0.83697784,0
test,13551,0.090638846,0
test,13552,0.09051905,0
test,13553,0.76738524,0
test,13554,0.022800883,0
test,13555,0.8081347,0
test,13556,0.73985595,0
test,13557,0.28693518,0
test,13558,0.18618867,0
test,13559,0.085616715,0
test,13560,0.019281885,0
test,13561,0.4975474,0
test,13562,0.37194917,0
test,13563,0.21799299,0
test,13564,0.88042843,0
test,13565,0.0007633712,0
test,13566,0.49576175,0
test,13567,0.30811042,0
test,13568,0.23501061,0
test,13569,0.6862884,0
test,13570,0.0032294728,0
test,13571,0.10272743,0
test,13572,0.08813809,0
test,13573,0.5473606,0
test,13574,0.16124225,0
test,13575,0.40743524,0
test,13576,0.056075003,0
test,13577,0.116106905,0
test,13578,0.052523177,0
test,13579,0.17030981,0
test,13580,0.123832524,0
test,13581,0.026620986,0
test,13582,0.002461816,0
test,13583,0.24112956,0
test,13584,0.12799594,0
test,13585,0.68072534,0
test,13586,0.010644664,0
test,13587,0.39476603,0
test,13588,0.37597916,0
test,13589,0.52720165,0
test,13590,0.43417794,0
test,13591,0.0024750086,0
test,13592,0.5025437,0
test,13593,0.1849356,0
test,13594,0.24041241,0
test,13595,0.4925385,0
test,13596,0.19581728,0
test,13597,0.20435764,0
test,13598,0.7522812,0
test,13599,0.001630177,0
test,13600,0.453288,0
test,13601,0.3427054,1
test,13602,0.24764016,0
test,13603,0.0011269656,0
test,13604,0.12772107,0
test,13605,0.007624511,0
test,13606,0.0029847939,0
test,13607,0.77389073,0
test,13608,0.36996183,0
test,13609,0.009022504,0
test,13610,0.1163163,0
test,13611,0.0052949768,0
test,13612,0.0001635355,0
test,13613,0.012882779,0
test,13614,0.005428048,0
test,13615,0.29852968,0
test,13616,0.0001318667,0
test,13617,0.0005958215,0
test,13618,0.0015190012,0
test,13619,0.00084036106,0
test,13620,0.00014898829,0
test,13621,6.6817374e-05,0
test,13622,0.00013310372,0
test,13623,0.6647953,0
test,13624,0.0006022382,0
test,13625,6.0441816e-05,0
test,13626,0.002681158,0
test,13627,0.0011497309,0
test,13628,5.5167446e-05,0
test,13629,0.00015997172,0
test,13630,0.013451293,0
test,13631,0.38073808,0
test,13632,0.12244617,0
test,13633,7.5268304e-05,0
test,13634,0.3044158,0
test,13635,0.10335706,0
test,13636,0.0014446307,0
test,13637,0.37727946,0
test,13638,0.44252083,0
test,13639,0.1855707,0
test,13640,0.30735677,0
test,13641,0.00091696135,0
test,13642,0.0026134893,0
test,13643,0.01816639,0
test,13644,0.088404275,0
test,13645,0.010133469,0
test,13646,0.1863863,0
test,13647,0.00075640116,0
test,13648,0.27243754,0
test,13649,0.0012721823,0
test,13650,0.62247366,0
test,13651,0.3053978,0
test,13652,0.004184574,0
test,13653,0.10627924,0
test,13654,0.52985966,0
test,13655,0.21732387,0
test,13656,0.0008942287,0
test,13657,0.5944887,0
test,13658,0.8126739,0
test,13659,0.60798615,0
test,13660,0.46872813,0
test,13661,0.5581568,0
test,13662,0.0013617539,0
test,13663,0.31134424,0
test,13664,0.115328245,0
test,13665,0.2761927,0
test,13666,0.16274466,0
test,13667,0.1630465,0
test,13668,0.48154637,0
test,13669,0.0028893393,0
test,13670,0.004659657,0
test,13671,0.55733055,0
test,13672,0.024946189,0
test,13673,0.67326725,0
test,13674,0.33377153,0
test,13675,0.23501818,0
test,13676,0.033908457,0
test,13677,0.43620205,0
test,13678,0.45278388,0
test,13679,0.00376216,0
test,13680,0.81122494,0
test,13681,0.17489672,0
test,13682,0.08079576,0
test,13683,0.10465024,0
test,13684,0.28590286,0
test,13685,0.47256866,0
test,13686,0.14442106,0
test,13687,0.33045498,0
test,13688,0.31673795,0
test,13689,0.1041705,0
test,13690,0.47956714,0
test,13691,0.39843568,0
test,13692,0.00047292342,0
test,13693,0.008586678,0
test,13694,0.3414986,0
test,13695,0.7662196,0
test,13696,0.7862474,0
test,13697,0.75530374,0
test,13698,0.76313174,0
test,13699,0.11474417,0
test,13700,0.045673743,0
test,13701,0.48752904,0
test,13702,0.013714338,0
test,13703,0.27286214,0
test,13704,0.59435916,0
test,13705,0.00087625126,0
test,13706,0.29855597,0
test,13707,0.0013152506,0
test,13708,0.29921755,0
test,13709,0.026176624,0
test,13710,0.7127274,0
test,13711,0.12957086,0
test,13712,0.3390728,0
test,13713,0.4955234,0
test,13714,0.021297343,0
test,13715,0.64074165,0
test,13716,0.0020932467,0
test,13717,0.608048,0
test,13718,0.41262987,0
test,13719,0.5966517,0
test,13720,0.0018027226,0
test,13721,0.4038325,0
test,13722,0.022943817,0
test,13723,0.00018232594,0
test,13724,0.14494996,0
test,13725,0.46697417,0
test,13726,0.0012424825,0
test,13727,0.17286868,0
test,13728,0.19673584,0
test,13729,0.52412677,0
test,13730,0.06282036,0
test,13731,0.0024073839,0
test,13732,0.11401466,0
test,13733,0.4365261,0
test,13734,0.7610005,0
test,13735,0.20326532,0
test,13736,0.58146185,0
test,13737,0.6563938,0
test,13738,0.6579889,0
test,13739,0.462237,0
test,13740,0.4069591,0
test,13741,0.0026082692,0
test,13742,0.0007781457,0
test,13743,0.50680673,0
test,13744,0.016967556,0
test,13745,0.21615306,0
test,13746,0.0013651366,0
test,13747,0.30800325,0
test,13748,0.79044366,0
test,13749,0.0033501144,0
test,13750,0.62208575,0
test,13751,0.16019715,0
test,13752,0.18692183,0
test,13753,0.18394257,0
test,13754,0.15141112,0
test,13755,0.20079462,0
test,13756,0.4514147,0
test,13757,0.46219078,0
test,13758,0.48382145,0
test,13759,0.47985318,0
test,13760,0.103160836,0
test,13761,0.042594012,0
test,13762,0.22667883,0
test,13763,0.00048135003,0
test,13764,0.059113882,0
test,13765,0.3537377,0
test,13766,0.18511558,0
test,13767,0.0001121437,0
test,13768,0.21678554,0
test,13769,0.70466816,0
test,13770,0.54104114,0
test,13771,0.5833097,0
test,13772,0.8221201,0
test,13773,0.701795,0
test,13774,0.75427574,0
test,13775,0.6510153,0
test,13776,0.25756308,0
test,13777,0.110797234,0
test,13778,0.047626488,0
test,13779,0.017621169,0
test,13780,0.24739474,0
test,13781,0.3924513,0
test,13782,0.12842359,0
test,13783,0.0025735514,0
test,13784,0.23047334,0
test,13785,0.72117984,0
test,13786,0.24163307,0
test,13787,0.119440086,0
test,13788,0.028227527,0
test,13789,0.025724536,0
test,13790,0.008653425,0
test,13791,0.5553343,0
test,13792,0.13449378,0
test,13793,0.7056904,0
test,13794,0.4704571,0
test,13795,0.16908884,0
test,13796,0.07564785,0
test,13797,0.32511577,0
test,13798,0.80316985,0
test,13799,0.5571082,0
test,13800,0.032383323,0
test,13801,0.0049775043,0
test,13802,0.2998241,0
test,13803,0.041535717,0
test,13804,0.00081796903,0
test,13805,0.49268082,0
test,13806,0.8662658,0
test,13807,0.52291536,0
test,13808,0.0021323385,0
test,13809,0.7957891,0
test,13810,5.9319085e-05,0
test,13811,0.60754883,0
test,13812,0.8328457,0
test,13813,0.53641236,0
test,13814,0.07196357,0
test,13815,0.5009198,0
test,13816,0.18049239,0
test,13817,0.23528455,0
test,13818,0.003976787,0
test,13819,0.025385603,0
test,13820,0.06332494,0
test,13821,0.0074089104,0
test,13822,0.2925215,0
test,13823,0.0028789039,0
test,13824,0.78903055,0
test,13825,0.08569662,0
test,13826,0.0013670048,0
test,13827,0.11729511,0
test,13828,0.027362652,0
test,13829,0.7368639,0
test,13830,0.38420877,0
test,13831,0.12427159,0
test,13832,0.00018784938,0
test,13833,0.00036054605,0
test,13834,0.0019573078,0
test,13835,0.2903113,0
test,13836,0.2773325,0
test,13837,0.08097618,0
test,13838,0.74871886,0
test,13839,0.11182545,0
test,13840,0.0015035729,0
test,13841,0.28295553,0
test,13842,0.7304301,0
test,13843,0.019883642,0
test,13844,0.28716084,0
test,13845,0.7655462,0
test,13846,0.0013855933,0
test,13847,0.85984427,0
test,13848,0.5692792,0
test,13849,0.025837077,0
test,13850,0.2658111,0
test,13851,0.8101653,0
test,13852,0.37164107,0
test,13853,0.003109211,0
test,13854,0.25956795,0
test,13855,0.4778252,0
test,13856,0.0016414867,0
test,13857,0.4651442,0
test,13858,0.31185275,0
test,13859,0.3726173,0
test,13860,0.3652898,0
test,13861,0.46680307,0
test,13862,0.0006160635,0
test,13863,0.08896127,0
test,13864,0.29915795,0
test,13865,0.2586303,0
test,13866,0.04038057,0
test,13867,0.9246866,0
test,13868,0.5071145,0
test,13869,0.23570797,0
test,13870,0.33766598,0
test,13871,0.12792976,0
test,13872,0.05524817,0
test,13873,0.42984846,0
test,13874,0.4311278,0
test,13875,0.13188463,0
test,13876,0.16499905,0
test,13877,0.09316941,0
test,13878,0.0862477,0
test,13879,0.03780776,0
test,13880,0.4206064,0
test,13881,0.059098735,0
test,13882,0.33071992,0
test,13883,0.0036613944,0
test,13884,0.65556246,0
test,13885,0.013723009,0
test,13886,0.0011982083,0
test,13887,0.017022712,0
test,13888,0.016567497,0
test,13889,0.013194815,0
test,13890,0.054216526,0
test,13891,0.63292575,0
test,13892,0.0063200723,0
test,13893,0.3180981,0
test,13894,0.28732955,0
test,13895,0.7202264,0
test,13896,0.007948974,0
test,13897,0.0027674877,0
test,13898,0.09123557,0
test,13899,0.020649645,0
test,13900,0.00031101174,0
test,13901,0.33578372,0
test,13902,9.9399054e-05,0
test,13903,0.1928072,0
test,13904,0.23229623,0
test,13905,0.08255174,0
test,13906,1.3365348e-05,0
test,13907,0.6340921,0
test,13908,0.39828363,0
test,13909,0.00011455042,0
test,13910,0.027170742,0
test,13911,0.2641501,0
test,13912,0.34044796,0
test,13913,0.00020309846,0
test,13914,0.46737587,0
test,13915,0.6198965,0
test,13916,0.353314,0
test,13917,0.24244724,0
test,13918,0.4982134,0
test,13919,0.66450965,0
test,13920,0.46198347,0
test,13921,0.43294293,0
test,13922,0.14809963,0
test,13923,0.47811514,0
test,13924,0.017814806,0
test,13925,0.07162722,0
test,13926,0.15047784,0
test,13927,0.92986447,0
test,13928,0.0036680172,0
test,13929,0.384091,0
test,13930,0.91649187,0
test,13931,0.873712,0
test,13932,0.008665558,0
test,13933,0.084502146,0
test,13934,0.18942267,0
test,13935,0.41845483,0
test,13936,0.20171851,0
test,13937,0.24132945,0
test,13938,0.19343229,0
test,13939,0.08614523,0
test,13940,0.06910394,0
test,13941,0.079498634,0
test,13942,0.05047925,0
test,13943,0.00021674109,0
test,13944,0.15306678,0
test,13945,0.4473927,0
test,13946,0.00031803775,0
test,13947,0.00034501383,0
test,13948,0.0034361188,0
test,13949,0.03757746,0
test,13950,0.029323967,0
test,13951,0.0030269155,0
test,13952,0.696924,0
test,13953,0.6506121,0
test,13954,0.5154669,0
test,13955,0.02458911,0
test,13956,0.49826503,0
test,13957,0.0007156088,0
test,13958,0.5233602,0
test,13959,0.178469,0
test,13960,0.5795236,0
test,13961,0.5706831,0
test,13962,0.002049415,0
test,13963,0.41968504,0
test,13964,0.15132959,0
test,13965,0.0077036116,0
test,13966,0.008049596,0
test,13967,0.0001683629,0
test,13968,0.002990946,0
test,13969,0.00050542405,0
test,13970,0.0063915355,0
test,13971,0.5029791,0
test,13972,0.49848422,0
test,13973,0.0013978839,0
test,13974,0.10125808,0
test,13975,0.4525697,0
test,13976,0.552089,0
test,13977,0.12905708,0
test,13978,0.71532434,0
test,13979,0.22416848,0
test,13980,0.011477651,0
test,13981,0.4311778,0
test,13982,0.00060009124,0
test,13983,0.0023752744,0
test,13984,0.0019948334,0
test,13985,0.004037295,0
test,13986,0.002417234,0
test,13987,0.010791437,0
test,13988,0.0077569312,0
test,13989,0.04145278,0
test,13990,0.0023483704,0
test,13991,0.36907429,0
test,13992,0.007415148,0
test,13993,0.0048533143,0
test,13994,0.002265944,0
test,13995,0.008830469,0
test,13996,0.005402373,0
test,13997,0.3919894,0
test,13998,0.00050344045,0
test,13999,0.07116193,0
test,14000,0.051001526,0
test,14001,0.45892727,0
test,14002,0.10991268,0
test,14003,0.23740722,0
test,14004,0.42326286,0
test,14005,0.3482464,0
test,14006,0.0022171268,0
test,14007,0.72078073,0
test,14008,0.00053874863,0
test,14009,0.14390507,0
test,14010,0.11928584,0
test,14011,0.14033791,0
test,14012,0.05028648,0
test,14013,0.01121176,0
test,14014,0.22322257,0
test,14015,0.7435708,0
test,14016,0.12510613,0
test,14017,0.123226225,0
test,14018,0.001023999,0
test,14019,0.10747749,0
test,14020,0.00059188774,0
test,14021,0.03847252,0
test,14022,0.22570623,1
test,14023,0.25927177,0
test,14024,0.39001128,1
test,14025,0.4640101,0
test,14026,0.32663995,0
test,14027,0.29946706,0
test,14028,0.29506046,0
test,14029,0.3555655,0
test,14030,0.46297908,0
test,14031,0.5747944,0
test,14032,0.065993935,0
test,14033,0.10320596,0
test,14034,0.14883228,0
test,14035,0.09051265,0
test,14036,0.5512382,0
test,14037,0.7339728,0
test,14038,0.60826814,0
test,14039,0.38841,0
test,14040,0.009007187,0
test,14041,0.28316084,0
test,14042,0.072281435,0
test,14043,0.8860087,0
test,14044,0.776649,0
test,14045,0.04925209,0
test,14046,0.14824025,0
test,14047,0.0036678382,0
test,14048,0.34644565,0
test,14049,0.24757376,0
test,14050,0.0025299285,0
test,14051,0.24250732,0
test,14052,0.00071929547,0
test,14053,0.12052855,0
test,14054,0.0010587666,0
test,14055,0.49907452,0
test,14056,0.040847436,0
test,14057,0.27313066,0
test,14058,0.0023859062,0
test,14059,0.15901077,0
test,14060,0.5728179,0
test,14061,0.21393017,0
test,14062,0.31456718,0
test,14063,0.5429696,0
test,14064,0.060945846,0
test,14065,0.5029108,0
test,14066,0.77893347,0
test,14067,0.012890126,0
test,14068,0.2772098,0
test,14069,0.037408482,0
test,14070,0.00088064687,0
test,14071,0.30425945,0
test,14072,0.26952127,0
test,14073,0.01968729,0
test,14074,0.3309146,0
test,14075,0.13941623,0
test,14076,0.27096888,0
test,14077,0.006169463,0
test,14078,0.4321783,0
test,14079,0.30835834,0
test,14080,0.39091182,0
test,14081,0.04413624,0
test,14082,0.08102198,0
test,14083,0.00040619884,0
test,14084,0.517246,0
test,14085,0.07755276,0
test,14086,0.003163865,0
test,14087,0.6349747,0
test,14088,0.3307831,0
test,14089,0.3247158,0
test,14090,0.45234117,0
test,14091,0.00030110107,0
test,14092,0.40718624,0
test,14093,0.39695668,0
test,14094,0.09799766,0
test,14095,0.54154396,0
test,14096,0.0024595323,0
test,14097,0.56302905,0
test,14098,0.80919117,0
test,14099,0.5823486,0
test,14100,0.22374909,0
test,14101,0.00057140336,0
test,14102,0.109222405,0
test,14103,0.410379,0
test,14104,0.00039933375,0
test,14105,0.42702347,0
test,14106,0.77304703,0
test,14107,0.00068392657,0
test,14108,0.21174362,0
test,14109,0.270531,0
test,14110,0.46508884,0
test,14111,0.0018571792,0
test,14112,0.020862943,0
test,14113,0.0007147269,0
test,14114,0.0050221323,0
test,14115,0.0012289195,0
test,14116,0.2953175,0
test,14117,0.03207664,0
test,14118,0.0005485129,0
test,14119,0.00012554672,0
test,14120,1.4351364e-06,0
test,14121,0.00021049332,0
test,14122,0.00036446797,0
test,14123,3.1315845e-05,0
test,14124,0.00017569098,0
test,14125,0.00046321846,0
test,14126,0.0007885972,0
test,14127,0.5286933,0
test,14128,0.3962594,0
test,14129,0.0074869315,0
test,14130,0.31006348,0
test,14131,0.0012890558,0
test,14132,0.6566754,0
test,14133,0.0035984393,0
test,14134,0.094979756,0
test,14135,0.39966652,0
test,14136,0.11416086,0
test,14137,0.22376099,0
test,14138,0.5930207,0
test,14139,0.45018122,0
test,14140,0.66511583,0
test,14141,0.29112488,0
test,14142,0.00020448504,0
test,14143,0.78628874,0
test,14144,0.00824829,0
test,14145,0.4910931,0
test,14146,0.64875644,0
test,14147,0.9235574,0
test,14148,0.026745848,0
test,14149,0.027071586,0
test,14150,0.14245997,0
test,14151,0.7101004,0
test,14152,0.21493019,0
test,14153,0.00357086,0
test,14154,0.4474257,0
test,14155,0.0046664444,0
test,14156,0.19898292,0
test,14157,0.25377715,0
test,14158,0.4933842,0
test,14159,0.052562073,0
test,14160,0.01863813,0
test,14161,0.40081605,0
test,14162,0.00089142396,0
test,14163,0.068053015,0
test,14164,0.69169724,0
test,14165,0.24437015,0
test,14166,0.0014136491,0
test,14167,0.4294579,0
test,14168,0.11554917,0
test,14169,0.16277231,0
test,14170,0.45257726,0
test,14171,0.48425683,0
test,14172,0.037570003,0
test,14173,0.003717104,0
test,14174,0.07817792,0
test,14175,0.5551184,0
test,14176,0.25472456,0
test,14177,0.17517553,0
test,14178,0.10232857,0
test,14179,0.0014463968,0
test,14180,0.090005174,0
test,14181,0.4698209,0
test,14182,0.45274112,0
test,14183,0.5203853,0
test,14184,0.44155055,0
test,14185,0.74738,0
test,14186,0.011558869,0
test,14187,0.15482327,0
test,14188,0.0023785164,0
test,14189,0.52596194,0
test,14190,0.007813625,0
test,14191,0.0053855204,0
test,14192,0.0027975808,0
test,14193,0.0061317915,0
test,14194,0.0021024554,0
test,14195,0.0003006338,0
test,14196,0.009060032,0
test,14197,0.0036645771,0
test,14198,0.0019524198,0
test,14199,0.43133193,0
test,14200,0.0645571,0
test,14201,0.027982213,0
test,14202,0.5602389,0
test,14203,0.447452,0
test,14204,0.43685013,0
test,14205,0.15152007,0
test,14206,0.7263458,0
test,14207,0.12757787,0
test,14208,0.32744068,0
test,14209,0.7252474,0
test,14210,0.15421125,0
test,14211,0.5991161,0
test,14212,0.19840229,0
test,14213,0.5560912,0
test,14214,0.028873079,0
test,14215,0.055716023,0
test,14216,0.0012651845,0
test,14217,0.0017475628,0
test,14218,0.07674568,0
test,14219,0.45510757,0
test,14220,0.49426657,0
test,14221,0.08415356,0
test,14222,0.1345412,0
test,14223,0.3428142,0
test,14224,0.0009963429,0
test,14225,0.16274467,0
test,14226,0.00074142363,0
test,14227,0.48719743,0
test,14228,0.39023945,0
test,14229,0.76081467,0
test,14230,0.32623482,0
test,14231,0.2957425,0
test,14232,0.0033445002,0
test,14233,0.35387748,0
test,14234,0.58720213,0
test,14235,0.0027482582,0
test,14236,0.42919725,0
test,14237,0.007723721,0
test,14238,0.031427335,0
test,14239,0.584486,0
test,14240,0.10716005,0
test,14241,0.0114766825,0
test,14242,0.7851923,0
test,14243,0.0053797765,0
test,14244,0.30776644,0
test,14245,0.6947942,0
test,14246,0.45742384,0
test,14247,0.5267498,0
test,14248,0.23517567,0
test,14249,0.004850889,0
test,14250,0.10523815,0
test,14251,0.4032932,0
test,14252,0.002654409,0
test,14253,0.002302004,0
test,14254,0.16541813,0
test,14255,0.00459419,0
test,14256,0.46361706,0
test,14257,0.09556417,0
test,14258,0.8518916,0
test,14259,0.0037734432,0
test,14260,0.018119503,0
test,14261,0.00086574827,0
test,14262,0.27439642,0
test,14263,0.10204007,0
test,14264,0.088237226,0
test,14265,0.027711865,0
test,14266,0.36383358,0
test,14267,0.0045806034,0
test,14268,0.00090459455,0
test,14269,0.74639803,0
test,14270,0.0019682625,0
test,14271,0.75778204,0
test,14272,0.097057074,0
test,14273,0.9041849,0
test,14274,0.4290584,0
test,14275,0.0072293677,0
test,14276,0.75123674,0
test,14277,0.28380418,0
test,14278,0.0011918395,0
test,14279,0.00018112031,0
test,14280,0.00951753,0
test,14281,2.9515095e-05,0
test,14282,0.00025170585,0
test,14283,0.33029628,0
test,14284,0.69868875,0
test,14285,0.00019598505,0
test,14286,0.13748059,0
test,14287,0.74559724,0
test,14288,0.4473722,0
test,14289,0.45790914,0
test,14290,0.72022605,0
test,14291,0.55502474,0
test,14292,0.0026413568,0
test,14293,0.3444818,0
test,14294,0.1530596,0
test,14295,0.2827646,0
test,14296,0.164577,0
test,14297,0.30618638,0
test,14298,0.5774512,0
test,14299,0.5003784,0
test,14300,0.00028400868,0
test,14301,0.3428907,0
test,14302,0.00053271116,0
test,14303,0.35114554,0
test,14304,0.29165733,0
test,14305,0.5196891,0
test,14306,0.8001858,0
test,14307,0.036124993,0
test,14308,0.0074707596,0
test,14309,0.035029512,0
test,14310,0.14228831,0
test,14311,0.0685824,0
test,14312,0.78607523,0
test,14313,0.7928609,0
test,14314,0.62071323,0
test,14315,0.00016195036,0
test,14316,0.81644523,0
test,14317,0.44581524,0
test,14318,0.01706771,0
test,14319,0.0017648694,0
test,14320,0.029882828,0
test,14321,0.009090293,0
test,14322,0.3638647,0
test,14323,0.30421102,0
test,14324,0.4185092,0
test,14325,0.38830575,0
test,14326,0.05131569,0
test,14327,0.5864711,0
test,14328,0.4278893,0
test,14329,0.40092766,0
test,14330,0.0049384143,0
test,14331,0.45077068,0
test,14332,0.7104298,0
test,14333,0.42945138,0
test,14334,0.7098868,0
test,14335,0.11746878,0
test,14336,0.085646905,0
test,14337,0.341264,0
test,14338,0.30593514,0
test,14339,0.003929604,0
test,14340,0.42139906,0
test,14341,0.32607797,0
test,14342,0.24465802,0
test,14343,0.21744858,0
test,14344,0.30024317,0
test,14345,0.10773717,0
test,14346,0.3815729,0
test,14347,0.25417414,0
test,14348,0.29853985,0
test,14349,0.8872869,0
test,14350,0.6653969,0
test,14351,0.35925534,0
test,14352,0.41177678,0
test,14353,0.001936422,0
test,14354,0.4725938,0
test,14355,0.016719794,0
test,14356,0.14035435,0
test,14357,0.7092073,0
test,14358,0.42845175,0
test,14359,0.33396128,0
test,14360,0.06758511,0
test,14361,0.53614664,0
test,14362,0.00011584354,0
test,14363,0.22746134,0
test,14364,0.03684669,0
test,14365,0.0018381086,0
test,14366,0.5354774,0
test,14367,0.60852325,0
test,14368,0.5190424,0
test,14369,0.38882557,0
test,14370,0.7390306,0
test,14371,0.001555867,0
test,14372,0.09472513,0
test,14373,0.0039580003,0
test,14374,0.00032091176,0
test,14375,0.34826064,0
test,14376,0.38992262,0
test,14377,0.101890124,0
test,14378,0.0013691187,0
test,14379,0.20213185,0
test,14380,0.16496389,0
test,14381,0.00017109305,0
test,14382,0.0004994934,0
test,14383,0.4205689,0
test,14384,0.48344335,0
test,14385,0.094331875,0
test,14386,5.8212e-05,0
test,14387,0.36720544,0
test,14388,0.08899651,0
test,14389,0.0056214277,0
test,14390,0.016032668,0
test,14391,0.2669569,0
test,14392,0.48875368,0
test,14393,0.00059484266,0
test,14394,0.00803435,0
test,14395,0.44074917,0
test,14396,0.44030854,0
test,14397,0.4292182,0
test,14398,0.4318904,0
test,14399,0.4251876,0
test,14400,0.055555645,0
test,14401,0.42836353,0
test,14402,0.49416307,0
test,14403,0.1889156,0
test,14404,0.0015320284,0
test,14405,0.30034795,0
test,14406,0.4741912,0
test,14407,0.26940545,0
test,14408,0.55915034,0
test,14409,0.35432118,0
test,14410,0.46464533,0
test,14411,0.1829098,0
test,14412,0.14567229,0
test,14413,0.24188945,0
test,14414,0.44567177,0
test,14415,0.038316756,0
test,14416,0.0022212933,0
test,14417,0.0017444078,0
test,14418,0.42294562,0
test,14419,0.5061722,0
test,14420,0.0028023007,0
test,14421,0.48027942,0
test,14422,0.4320269,0
test,14423,0.30036235,0
test,14424,0.29019254,0
test,14425,0.1774038,0
test,14426,0.0011263216,0
test,14427,0.070745476,0
test,14428,0.0015892696,0
test,14429,0.3539677,0
test,14430,6.344604e-05,0
test,14431,0.03093182,0
test,14432,0.33300945,0
test,14433,0.07662127,0
test,14434,0.017414436,0
test,14435,0.004340343,0
test,14436,0.35588545,0
test,14437,0.5152106,0
test,14438,0.17722632,0
test,14439,0.30860364,0
test,14440,0.010302765,0
test,14441,0.003004586,0
test,14442,0.6470796,0
test,14443,0.4131896,0
test,14444,0.49431443,0
test,14445,0.024673466,0
test,14446,0.2031889,0
test,14447,0.57398623,0
test,14448,0.03424132,0
test,14449,0.038327094,0
test,14450,0.009429308,0
test,14451,0.00016851886,0
test,14452,0.00078499573,0
test,14453,0.0011385367,0
test,14454,0.007907957,0
test,14455,0.49514237,0
test,14456,0.34170634,0
test,14457,0.06326665,0
test,14458,0.82407856,0
test,14459,0.32476503,0
test,14460,0.33348423,0
test,14461,0.27852222,0
test,14462,0.05308039,0
test,14463,0.31356892,0
test,14464,0.03415814,0
test,14465,5.4707205e-05,0
test,14466,0.33132556,0
test,14467,0.02687406,0
test,14468,0.5098321,0
test,14469,0.79295456,0
test,14470,0.0006816994,0
test,14471,0.37056577,0
test,14472,0.10528697,0
test,14473,0.24559054,0
test,14474,0.34368998,0
test,14475,0.41603237,0
test,14476,0.32961202,0
test,14477,0.3114525,0
test,14478,0.40430656,0
test,14479,0.0023951966,0
test,14480,0.0416224,0
test,14481,0.26900426,0
test,14482,0.26344243,0
test,14483,0.13133948,0
test,14484,0.0020052094,0
test,14485,0.0029914423,0
test,14486,0.0025356482,0
test,14487,0.0016034356,0
test,14488,0.006786042,0
test,14489,0.071385525,0
test,14490,0.0018316444,0
test,14491,0.005670726,0
test,14492,0.5432575,0
test,14493,0.002112597,0
test,14494,0.39632693,0
test,14495,0.38982013,0
test,14496,0.011155717,0
test,14497,0.0042493013,0
test,14498,0.62097645,0
test,14499,0.014021427,0
test,14500,0.2703399,0
test,14501,0.0018805859,0
test,14502,0.089836076,0
test,14503,0.03513786,0
test,14504,0.047047593,0
test,14505,0.023927966,0
test,14506,0.031501465,0
test,14507,0.0017386515,0
test,14508,0.422587,0
test,14509,0.00023116567,0
test,14510,0.013101489,0
test,14511,0.013665508,0
test,14512,0.0018194114,0
test,14513,0.00044421072,0
test,14514,0.004235455,0
test,14515,0.41872248,0
test,14516,0.0006899776,0
test,14517,0.33999744,0
test,14518,0.0002042748,0
test,14519,0.25806925,0
test,14520,0.0023068234,0
test,14521,0.0109933065,0
test,14522,0.021921784,0
test,14523,0.046540957,0
test,14524,0.009961186,0
test,14525,0.0025079255,0
test,14526,0.00045421242,0
test,14527,0.0013125679,0
test,14528,0.00030043902,0
test,14529,0.020263087,0
test,14530,0.4923815,0
test,14531,0.59895957,0
test,14532,0.56616807,0
test,14533,0.43220118,0
test,14534,0.0017752394,0
test,14535,0.00020929555,0
test,14536,0.02865565,0
test,14537,0.0009897428,0
test,14538,8.657308e-05,0
test,14539,0.00021268283,0
test,14540,0.00057357835,0
test,14541,0.0028730598,0
test,14542,0.01129245,0
test,14543,0.0005621748,0
test,14544,0.45581394,0
test,14545,0.030452747,0
test,14546,0.0014148289,0
test,14547,0.0027994998,0
test,14548,0.6003593,0
test,14549,0.0040874523,0
test,14550,0.038234066,0
test,14551,0.011370744,0
test,14552,0.4578835,0
test,14553,0.019186785,0
test,14554,0.6033762,0
test,14555,0.012993493,0
test,14556,0.008975104,0
test,14557,0.21947215,0
test,14558,0.20364104,0
test,14559,0.015613536,0
test,14560,0.50612676,0
test,14561,0.37322697,0
test,14562,0.2742167,0
test,14563,0.014868349,0
test,14564,0.008056723,0
test,14565,0.13892215,0
test,14566,0.7872111,0
test,14567,0.15906237,0
test,14568,0.15522087,0
test,14569,0.34034806,0
test,14570,0.4765112,0
test,14571,0.54543525,0
test,14572,0.15302122,0
test,14573,0.2922987,0
test,14574,0.64553976,0
test,14575,0.59872544,0
test,14576,0.2907685,0
test,14577,0.3615171,0
test,14578,0.2714707,0
test,14579,0.089798614,0
test,14580,0.134834,0
test,14581,0.31270134,0
test,14582,0.33318776,0
test,14583,0.40120324,0
test,14584,0.07097237,0
test,14585,0.3873593,0
test,14586,0.010001152,0
test,14587,0.093586504,0
test,14588,0.16463828,1
test,14589,0.0013322822,0
test,14590,0.45372018,0
test,14591,0.19291036,0
test,14592,0.1433257,0
test,14593,0.0051168455,0
test,14594,0.0029319115,0
test,14595,1.43027755e-05,0
test,14596,1.3364087e-05,0
test,14597,0.00063940627,0
test,14598,0.0009983858,0
test,14599,0.0026642038,0
test,14600,0.002326425,0
test,14601,0.01184746,0
test,14602,0.0070447368,0
test,14603,0.0071601644,0
test,14604,0.009093812,0
test,14605,0.01167824,0
test,14606,0.009964826,0
test,14607,0.006077519,0
test,14608,0.00082922715,0
test,14609,4.734166e-05,0
test,14610,0.003337573,0
test,14611,0.0019412228,0
test,14612,0.00023458453,0
test,14613,0.012427636,0
test,14614,0.42495236,0
test,14615,0.046747435,0
test,14616,0.90008307,0
test,14617,0.8813872,0
test,14618,0.44299775,0
test,14619,0.0002855506,0
test,14620,0.090418585,0
test,14621,0.03360911,0
test,14622,0.4463985,0
test,14623,0.032952,0
test,14624,0.0062996014,0
test,14625,0.0071970476,0
test,14626,0.35967043,0
test,14627,0.01633901,0
test,14628,0.010379926,0
test,14629,0.004939914,0
test,14630,0.008196941,0
test,14631,0.031493817,0
test,14632,0.00045215592,0
test,14633,0.041317128,0
test,14634,0.7591951,0
test,14635,0.0008341343,0
test,14636,0.10886301,0
test,14637,0.004965891,0
test,14638,0.013198168,0
test,14639,0.11887161,0
test,14640,0.26373616,0
test,14641,0.4192423,0
test,14642,0.13775612,0
test,14643,0.25989884,0
test,14644,0.13668439,0
test,14645,0.1766658,0
test,14646,0.06341816,0
test,14647,0.24185172,0
test,14648,0.003709122,0
test,14649,0.053473286,0
test,14650,0.20378901,0
test,14651,0.5907512,0
test,14652,0.06890714,0
test,14653,0.31812638,0
test,14654,0.4306029,0
test,14655,0.00181193,0
test,14656,0.00095384754,0
test,14657,0.04275618,0
test,14658,6.897177e-05,0
test,14659,0.3903379,0
test,14660,0.3430939,0
test,14661,0.3050632,0
test,14662,0.48657846,0
test,14663,0.7538452,0
test,14664,0.33251262,0
test,14665,0.059356295,0
test,14666,0.15766716,0
test,14667,0.42126185,0
test,14668,0.0016809169,0
test,14669,0.21144217,0
test,14670,0.0045838263,0
test,14671,0.50300616,0
test,14672,0.26180032,0
test,14673,0.008086353,0
test,14674,0.006689124,0
test,14675,0.021699548,0
test,14676,0.14696513,0
test,14677,0.014682848,0
test,14678,0.009796428,0
test,14679,0.018702965,0
test,14680,0.0037320198,0
test,14681,0.0017679998,0
test,14682,0.0005831023,0
test,14683,0.23247828,0
test,14684,0.0018182037,0
test,14685,8.687651e-05,0
test,14686,0.53224945,0
test,14687,0.002261807,0
test,14688,2.360114e-05,0
test,14689,0.48392317,0
test,14690,0.5256319,0
test,14691,0.49939257,0
test,14692,0.06034539,0
test,14693,0.010831366,0
test,14694,0.0494975,0
test,14695,0.8010365,0
test,14696,0.8142914,0
test,14697,0.104658835,0
test,14698,0.027454358,0
test,14699,0.10750137,0
test,14700,0.052859835,0
test,14701,0.14044078,0
test,14702,0.22574298,0
test,14703,0.0050591826,0
test,14704,0.11667307,0
test,14705,0.25472015,0
test,14706,0.123829626,0
test,14707,0.5868052,0
test,14708,0.49803287,0
test,14709,0.3563866,0
test,14710,0.35869378,0
test,14711,0.0063145165,0
test,14712,0.0024910362,0
test,14713,0.16400607,0
test,14714,0.029251823,0
test,14715,0.00039106363,0
test,14716,0.024592604,0
test,14717,0.4290966,0
test,14718,0.40501505,0
test,14719,0.22215745,0
test,14720,0.00014585562,0
test,14721,0.39389038,0
test,14722,0.6313876,0
test,14723,0.18504596,0
test,14724,0.39694107,0
test,14725,0.5661703,0
test,14726,0.0030150712,0
test,14727,0.40839806,0
test,14728,0.000747099,0
test,14729,0.052087743,0
test,14730,0.073162526,0
test,14731,0.02976143,0
test,14732,0.009228999,0
test,14733,0.0064030774,0
test,14734,0.60874605,0
test,14735,0.006840524,0
test,14736,0.3592034,0
test,14737,0.002639275,0
test,14738,0.43048507,0
test,14739,0.039414983,0
test,14740,0.34088555,0
test,14741,0.3748489,0
test,14742,0.42018455,0
test,14743,0.00010406784,0
test,14744,0.7436337,0
test,14745,0.384139,0
test,14746,0.007914761,0
test,14747,0.00048695115,0
test,14748,0.608812,0
test,14749,0.038160045,0
test,14750,0.0907193,0
test,14751,0.67108506,0
test,14752,0.0017520906,0
test,14753,0.00042743192,0
test,14754,0.37185314,0
test,14755,0.0041547483,0
test,14756,0.37480098,0
test,14757,0.4864078,0
test,14758,0.4314399,0
test,14759,0.38454482,0
test,14760,0.28344682,0
test,14761,0.0010892318,0
test,14762,0.29079825,0
test,14763,0.02376813,0
test,14764,0.000714285,0
test,14765,0.0011659563,0
test,14766,0.014762552,0
test,14767,0.00039601474,0
test,14768,0.008742631,0
test,14769,0.0033789333,0
test,14770,0.0029456348,0
test,14771,0.0148999235,0
test,14772,0.38595676,0
test,14773,0.046545815,0
test,14774,0.3302571,0
test,14775,0.0016931097,0
test,14776,0.0010573509,0
test,14777,0.13610542,0
test,14778,0.13748305,0
test,14779,0.0019959917,0
test,14780,0.0033760604,0
test,14781,0.44617093,0
test,14782,0.32930833,0
test,14783,0.4601891,0
test,14784,0.029772256,0
test,14785,0.6743287,0
test,14786,0.49067777,0
test,14787,0.004753447,0
test,14788,0.04764078,0
test,14789,0.5073572,0
test,14790,0.84477776,0
test,14791,0.038527902,0
test,14792,0.0022111286,0
test,14793,0.43428028,0
test,14794,0.29346445,0
test,14795,0.0007550512,0
test,14796,0.28362086,0
test,14797,0.6607394,0
test,14798,0.25612587,0
test,14799,0.01661585,0
test,14800,0.007832492,0
test,14801,0.0035708635,0
test,14802,0.00033016503,0
test,14803,0.098098844,0
test,14804,0.20516536,0
test,14805,0.07738928,0
test,14806,0.01036242,0
test,14807,0.4011457,0
test,14808,0.014314939,0
test,14809,0.0026170316,0
test,14810,0.0013767277,0
test,14811,0.74877274,0
test,14812,0.54361784,0
test,14813,0.028803201,0
test,14814,0.5424329,0
test,14815,0.092388935,0
test,14816,0.33913103,0
test,14817,0.081414774,0
test,14818,0.06626182,0
test,14819,0.002784249,0
test,14820,0.37520748,0
test,14821,0.19864619,0
test,14822,0.22634335,0
test,14823,0.43775326,0
test,14824,0.11868652,0
test,14825,0.0207159,0
test,14826,0.088027544,0
test,14827,0.34845182,0
test,14828,0.0020293496,0
test,14829,0.5820467,0
test,14830,0.19471951,0
test,14831,0.30230588,0
test,14832,0.75462556,0
test,14833,0.70015526,0
test,14834,0.78331167,0
test,14835,0.43272936,0
test,14836,0.36872584,0
test,14837,0.17579064,0
test,14838,0.010180647,0
test,14839,0.008445599,0
test,14840,0.018374022,0
test,14841,0.002187767,0
test,14842,0.4814064,0
test,14843,0.0024387725,0
test,14844,0.012386023,0
test,14845,0.29552907,0
test,14846,0.030210488,0
test,14847,0.0028665713,0
test,14848,0.00239087,0
test,14849,0.0011784866,0
test,14850,0.4894882,0
test,14851,0.001828244,0
test,14852,0.0047040773,0
test,14853,0.0028870956,0
test,14854,0.006982018,0
test,14855,0.02090483,0
test,14856,0.0015143257,0
test,14857,0.1946598,0
test,14858,0.31728017,0
test,14859,0.00063441263,0
test,14860,0.008523959,0
test,14861,0.019175922,0
test,14862,0.51504374,0
test,14863,0.2365468,0
test,14864,0.79234946,0
test,14865,0.7467817,0
test,14866,0.27614152,0
test,14867,0.29495144,0
test,14868,0.001122655,0
test,14869,0.66003203,0
test,14870,0.004357296,0
test,14871,0.36401746,0
test,14872,0.018646948,0
test,14873,0.0015667806,0
test,14874,0.102132335,0
test,14875,0.45994166,0
test,14876,0.0032890018,0
test,14877,0.0017815975,0
test,14878,0.011050549,0
test,14879,0.003979765,0
test,14880,0.010786689,0
test,14881,0.009918848,0
test,14882,0.004096491,0
test,14883,0.119323485,0
test,14884,0.4794195,0
test,14885,0.0009168884,0
test,14886,0.6308204,0
test,14887,0.020824064,0
test,14888,0.0015140092,0
test,14889,0.46521947,0
test,14890,0.013485398,0
test,14891,0.51187384,0
test,14892,0.102299094,0
test,14893,0.0011258525,0
test,14894,0.029083163,0
test,14895,0.087333284,0
test,14896,0.3915554,0
test,14897,0.48449925,0
test,14898,0.0010389027,0
test,14899,0.6132561,0
test,14900,0.1684562,0
test,14901,0.35062987,0
test,14902,0.10134846,0
test,14903,0.4029833,0
test,14904,0.36465678,0
test,14905,0.5300031,0
test,14906,0.17081618,0
test,14907,0.19674064,0
test,14908,0.43565884,0
test,14909,0.002318404,0
test,14910,0.0041855834,0
test,14911,0.75937855,0
test,14912,0.009063363,0
test,14913,0.16124658,0
test,14914,0.58670145,0
test,14915,0.0007967538,0
test,14916,0.4625944,0
test,14917,0.2080081,0
test,14918,0.008768849,0
test,14919,0.00075009954,0
test,14920,0.004530474,0
test,14921,0.19643001,0
test,14922,0.48959988,0
test,14923,0.2795875,0
test,14924,0.0148088485,0
test,14925,0.010965925,0
test,14926,0.42246798,0
test,14927,0.58696926,0
test,14928,0.0056627993,0
test,14929,0.0030707417,0
test,14930,0.0014995951,0
test,14931,0.3670193,0
test,14932,0.5209031,0
test,14933,0.002845562,0
test,14934,0.54788804,0
test,14935,0.0044896714,0
test,14936,0.001483406,0
test,14937,0.009703807,0
test,14938,0.008515404,0
test,14939,0.0033759766,0
test,14940,0.0025376992,0
test,14941,0.0033420394,0
test,14942,0.004583618,0
test,14943,0.003777886,0
test,14944,0.010471636,0
test,14945,0.007818725,0
test,14946,0.0077407556,0
test,14947,0.0036250525,0
test,14948,0.0050271377,0
test,14949,0.0035400803,0
test,14950,0.08986162,0
test,14951,0.004965571,0
test,14952,0.0076501626,0
test,14953,0.32506332,0
test,14954,0.002461186,0
test,14955,0.0033973206,0
test,14956,0.0008625111,0
test,14957,0.22837377,0
test,14958,0.020632995,0
test,14959,0.0011794819,0
test,14960,0.0022509883,0
test,14961,0.06893028,0
test,14962,0.49982497,0
test,14963,0.05526622,0
test,14964,0.003966036,0
test,14965,0.0046177157,0
test,14966,0.0008031945,0
test,14967,0.052166123,0
test,14968,0.52962196,0
test,14969,0.0028740705,0
test,14970,0.0721452,0
test,14971,0.45351753,0
test,14972,0.0161511,0
test,14973,0.06424326,0
test,14974,0.5403169,0
test,14975,0.14372021,0
test,14976,0.0004310094,0
test,14977,0.45962974,0
test,14978,0.02528869,0
test,14979,0.0024394293,0
test,14980,0.1522128,0
test,14981,0.00134101,0
test,14982,0.00086963753,0
test,14983,0.00085291354,0
test,14984,0.5071768,0
test,14985,0.0010830422,0
test,14986,0.011544876,0
test,14987,0.003969145,0
test,14988,0.0766231,0
test,14989,0.013030064,0
test,14990,0.20069006,0
test,14991,0.35058263,0
test,14992,0.0027068856,0
test,14993,0.014767297,0
test,14994,0.02248313,0
test,14995,0.1517809,0
test,14996,0.39281124,0
test,14997,0.012461407,0
test,14998,0.9169339,0
test,14999,0.0035144726,0
test,15000,0.3969233,0
test,15001,0.33066595,0
test,15002,0.004152456,0
test,15003,0.030171892,0
test,15004,0.6088559,0
test,15005,0.5231259,0
test,15006,0.002623906,0
test,15007,0.3417509,0
test,15008,0.6496155,0
test,15009,0.017288724,0
test,15010,0.55708516,0
test,15011,0.09564424,0
test,15012,0.4546819,0
test,15013,0.017582763,0
test,15014,0.1080432,0
test,15015,0.03252662,0
test,15016,0.49821827,0
test,15017,0.40327337,0
test,15018,0.0064000865,0
test,15019,0.27623045,0
test,15020,0.00032662696,0
test,15021,0.0013552681,0
test,15022,0.34329867,0
test,15023,0.31387392,0
test,15024,0.005677169,0
test,15025,0.016892312,0
test,15026,0.02145046,0
test,15027,0.2412952,0
test,15028,0.07500826,0
test,15029,0.0046299594,0
test,15030,0.11887406,0
test,15031,0.8463896,0
test,15032,0.0003224402,0
test,15033,0.56152177,0
test,15034,0.09254113,0
test,15035,0.5419091,1
test,15036,0.005197375,0
test,15037,0.38713712,0
test,15038,0.2684794,0
test,15039,0.46485406,0
test,15040,0.35803503,0
test,15041,0.74220484,0
test,15042,0.50213253,0
test,15043,0.036562365,0
test,15044,0.27960104,0
test,15045,0.008017426,0
test,15046,0.50418246,0
test,15047,0.5059886,0
test,15048,0.55535007,0
test,15049,0.6731663,0
test,15050,0.35017955,0
test,15051,0.09531672,0
test,15052,0.0136252055,0
test,15053,0.0011831529,0
test,15054,0.15785904,0
test,15055,0.079875715,0
test,15056,0.4562922,0
test,15057,0.0028289445,0
test,15058,0.40024498,0
test,15059,0.00064255384,0
test,15060,0.32839176,0
test,15061,0.006906091,0
test,15062,0.0070395316,0
test,15063,0.0016172389,0
test,15064,0.0036487526,0
test,15065,0.0042781923,0
test,15066,0.53053427,0
test,15067,0.008566235,0
test,15068,0.40449148,0
test,15069,0.55207896,0
test,15070,0.6141069,0
test,15071,0.009174671,0
test,15072,0.33748248,0
test,15073,0.34368387,0
test,15074,0.37471995,0
test,15075,0.8056642,0
test,15076,0.03184037,0
test,15077,0.058682457,0
test,15078,0.20152034,0
test,15079,0.39595595,0
test,15080,0.37914526,0
test,15081,0.0057074446,0
test,15082,8.653182e-05,0
test,15083,0.40225297,0
test,15084,0.10191609,0
test,15085,0.0053583696,0
test,15086,0.37695172,0
test,15087,0.013932212,0
test,15088,0.013094555,0
test,15089,0.015901899,0
test,15090,0.00089957844,0
test,15091,0.01302617,0
test,15092,0.15277329,0
test,15093,0.8394051,0
test,15094,0.42276636,0
test,15095,0.3465645,0
test,15096,0.66975474,0
test,15097,0.0010401931,0
test,15098,0.60832286,0
test,15099,0.54124284,0
test,15100,0.6379748,0
test,15101,0.00067233207,0
test,15102,0.054739114,0
test,15103,0.001891999,0
test,15104,0.59103477,0
test,15105,0.59315693,0
test,15106,0.0007782647,0
test,15107,0.5263238,0
test,15108,0.008644957,0
test,15109,0.002137137,0
test,15110,0.67006314,0
test,15111,0.12855066,0
test,15112,0.4583656,0
test,15113,0.0007986169,0
test,15114,0.0054207314,0
test,15115,0.0011730727,0
test,15116,0.40673587,0
test,15117,0.0011181574,0
test,15118,0.009645261,0
test,15119,0.33010158,0
test,15120,0.4636261,0
test,15121,0.30548018,0
test,15122,0.0011930355,0
test,15123,0.47958946,0
test,15124,0.059989672,0
test,15125,0.50936496,0
test,15126,0.41577798,0
test,15127,0.0072940486,0
test,15128,0.4090718,0
test,15129,0.0057503534,0
test,15130,0.32002032,0
test,15131,0.38350812,0
test,15132,0.002966323,0
test,15133,0.0018110144,0
test,15134,0.008678635,0
test,15135,0.0037837713,0
test,15136,0.16888377,0
test,15137,0.002277638,0
test,15138,0.5156317,0
test,15139,0.90398264,0
test,15140,0.0151631925,0
test,15141,0.4228854,0
test,15142,0.50232303,0
test,15143,0.0002707428,0
test,15144,0.0026148816,0
test,15145,0.0047486243,0
test,15146,0.12677142,0
test,15147,0.4128538,0
test,15148,0.48753017,0
test,15149,0.30321485,0
test,15150,0.5343322,0
test,15151,0.00012625697,0
test,15152,0.20134838,0
test,15153,0.010291206,0
test,15154,0.72515917,0
test,15155,0.3432133,0
test,15156,0.019930674,0
test,15157,0.014048917,0
test,15158,0.4292876,0
test,15159,0.45973116,0
test,15160,0.003673678,0
test,15161,0.66389495,0
test,15162,0.43604824,0
test,15163,0.2793867,0
test,15164,0.0019258566,0
test,15165,0.5752996,0
test,15166,0.0012355656,0
test,15167,0.7441524,0
test,15168,0.17657974,0
test,15169,0.74962807,0
test,15170,0.15476462,0
test,15171,0.0008534724,0
test,15172,0.09197663,0
test,15173,0.42072004,0
test,15174,0.00037576177,0
test,15175,0.1698825,0
test,15176,0.00010572998,0
test,15177,0.6840213,0
test,15178,0.03959852,0
test,15179,0.36475933,0
test,15180,0.116692215,0
test,15181,0.13367957,0
test,15182,0.5346261,0
test,15183,0.4712907,0
test,15184,0.0031697224,0
test,15185,0.4965603,0
test,15186,0.83817744,0
test,15187,0.32750535,0
test,15188,0.46087947,0
test,15189,0.0042714006,0
test,15190,0.530463,0
test,15191,0.0012407907,0
test,15192,0.47552323,0
test,15193,0.51978755,0
test,15194,0.0020373883,0
test,15195,0.3845346,0
test,15196,0.27917886,0
test,15197,0.036896065,0
test,15198,0.14204663,0
test,15199,0.007555243,0
test,15200,0.0005256239,0
test,15201,0.0005100695,0
test,15202,0.39680895,0
test,15203,0.0007164253,0
test,15204,0.4632363,0
test,15205,0.41025195,0
test,15206,0.47551757,0
test,15207,0.0023689845,0
test,15208,0.362883,0
test,15209,0.40563306,0
test,15210,0.29746437,0
test,15211,0.3691603,0
test,15212,0.18565375,0
test,15213,0.4891093,0
test,15214,0.004668868,0
test,15215,0.00437084,0
test,15216,0.4855245,0
test,15217,0.010414997,0
test,15218,0.09545242,0
test,15219,0.59206903,0
test,15220,0.0026661074,0
test,15221,0.0007640102,0
test,15222,0.0036473626,0
test,15223,0.5640155,0
test,15224,0.0017068944,0
test,15225,0.00097490405,0
test,15226,0.00324771,0
test,15227,0.001007081,0
test,15228,0.0021644381,0
test,15229,0.38168466,0
test,15230,0.01066801,0
test,15231,0.57101095,0
test,15232,0.6665875,0
test,15233,0.08059326,0
test,15234,0.0693529,0
test,15235,0.00028350574,0
test,15236,0.0044555776,0
test,15237,0.00046622325,0
test,15238,0.025453055,0
test,15239,0.0006476633,0
test,15240,0.39280275,0
test,15241,0.0018663806,0
test,15242,0.00982099,0
test,15243,0.0048755477,0
test,15244,0.017498428,0
test,15245,0.083317086,0
test,15246,0.007959164,0
test,15247,0.004495651,0
test,15248,0.54421884,0
test,15249,0.016979484,0
test,15250,0.022523493,0
test,15251,0.81719184,0
test,15252,0.39951494,0
test,15253,0.0033955276,0
test,15254,0.7919847,0
test,15255,0.2205674,0
test,15256,0.09377139,0
test,15257,0.44838917,0
test,15258,0.0006276925,0
test,15259,0.12558457,0
test,15260,0.25900176,0
test,15261,0.25915727,0
test,15262,0.010148387,0
test,15263,0.41759008,0
test,15264,0.12650399,0
test,15265,0.002276008,0
test,15266,0.8042953,0
test,15267,0.20492949,0
test,15268,0.3680014,0
test,15269,0.4005176,0
test,15270,0.0009271588,0
test,15271,0.02039793,0
test,15272,0.05684381,0
test,15273,0.33162335,0
test,15274,0.2702666,0
test,15275,0.5760466,0
test,15276,0.013428367,0
test,15277,0.004408392,0
test,15278,0.007916218,0
test,15279,0.0018058359,0
test,15280,0.32908544,0
test,15281,0.5044675,0
test,15282,0.025582036,0
test,15283,0.10906897,0
test,15284,0.023571348,0
test,15285,0.086703785,0
test,15286,0.33989507,0
test,15287,0.3866711,0
test,15288,0.007573782,0
test,15289,0.13591711,0
test,15290,0.010685272,0
test,15291,0.31646308,0
test,15292,0.28141242,0
test,15293,0.27758503,0
test,15294,0.010230655,0
test,15295,0.070434995,0
test,15296,0.111494154,0
test,15297,0.028020361,0
test,15298,0.48153305,0
test,15299,0.00873101,0
test,15300,0.087153785,0
test,15301,0.63308406,0
test,15302,0.4394213,0
test,15303,0.11517102,0
test,15304,0.051765602,0
test,15305,0.013453261,0
test,15306,0.08242866,0
test,15307,0.0010417724,0
test,15308,0.008314048,0
test,15309,0.33910015,0
test,15310,0.63998777,0
test,15311,0.40869677,0
test,15312,0.15178391,0
test,15313,0.0010839216,0
test,15314,0.025852205,0
test,15315,0.00042364234,0
test,15316,0.055009626,0
test,15317,0.71153456,0
test,15318,0.7512606,0
test,15319,0.7206458,0
test,15320,0.68182135,0
test,15321,0.38153285,0
test,15322,0.0029035555,0
test,15323,0.12522541,0
test,15324,0.67080426,0
test,15325,0.0037417393,0
test,15326,0.00050458405,0
test,15327,0.0028321287,0
test,15328,0.0058401856,0
test,15329,0.088821106,0
test,15330,0.000473797,0
test,15331,7.243971e-05,0
test,15332,0.4074743,0
test,15333,0.054227177,0
test,15334,0.09361984,0
test,15335,0.47753382,0
test,15336,0.67970175,0
test,15337,0.39045295,0
test,15338,0.5155108,0
test,15339,0.1497945,0
test,15340,0.0033493822,0
test,15341,0.0037663032,0
test,15342,0.4708277,0
test,15343,0.58571506,0
test,15344,0.00064920285,0
test,15345,0.5466539,0
test,15346,0.11768012,0
test,15347,0.5075774,0
test,15348,0.000796432,0
test,15349,0.49411833,0
test,15350,0.00035021582,0
test,15351,0.3716239,0
test,15352,0.38727883,0
test,15353,0.74256384,0
test,15354,0.25340915,0
test,15355,0.2230589,0
test,15356,0.028662411,0
test,15357,0.0004317253,0
test,15358,0.55674815,0
test,15359,0.039281387,0
test,15360,0.062840775,0
test,15361,0.54387474,0
test,15362,0.3083252,0
test,15363,0.4667178,0
test,15364,0.6933234,0
test,15365,0.6354326,0
test,15366,0.114191435,0
test,15367,0.0009700348,0
test,15368,0.4667463,0
test,15369,0.10447639,0
test,15370,0.27813312,0
test,15371,0.56572217,0
test,15372,0.14925338,0
test,15373,0.5614971,0
test,15374,0.009838683,0
test,15375,0.24955632,0
test,15376,0.60970414,0
test,15377,0.00063174305,0
test,15378,0.021429285,0
test,15379,0.405495,0
test,15380,0.20896998,0
test,15381,0.25203007,0
test,15382,0.6687945,0
test,15383,0.68543345,0
test,15384,0.066427276,0
test,15385,0.088048466,0
test,15386,0.25854543,0
test,15387,0.19508757,0
test,15388,0.30343068,0
test,15389,0.05935973,0
test,15390,0.007111045,0
test,15391,0.48520973,0
test,15392,0.0021566502,0
test,15393,0.31933972,0
test,15394,0.09343491,0
test,15395,0.010297745,0
test,15396,0.054620225,0
test,15397,0.22773297,0
test,15398,0.5082861,0
test,15399,0.00567606,0
test,15400,0.00240958,0
test,15401,0.65741247,0
test,15402,0.01821555,0
test,15403,0.236348,0
test,15404,0.31400275,0
test,15405,0.71130645,0
test,15406,0.0011296214,0
test,15407,0.0019673195,0
test,15408,0.58934325,0
test,15409,0.007109742,0
test,15410,0.1572915,0
test,15411,0.00039877946,0
test,15412,0.00186215,0
test,15413,0.000467005,0
test,15414,5.616025e-06,0
test,15415,0.0021717644,0
test,15416,0.4740068,0
test,15417,0.6680573,0
test,15418,0.4317039,0
test,15419,0.54027706,0
test,15420,0.6041338,0
test,15421,0.00040626412,0
test,15422,0.0016768512,0
test,15423,0.0019841886,0
test,15424,0.35897487,0
test,15425,0.08096069,0
test,15426,0.43881163,0
test,15427,0.66286767,0
test,15428,0.64985514,0
test,15429,0.4050821,0
test,15430,0.3084332,0
test,15431,0.279508,0
test,15432,0.23825891,0
test,15433,0.0012509181,0
test,15434,0.30131513,0
test,15435,0.832309,0
test,15436,0.018666262,0
test,15437,0.62648976,0
test,15438,0.0005003258,0
test,15439,0.024279479,0
test,15440,0.00015822035,0
test,15441,0.0051730517,0
test,15442,0.017543556,0
test,15443,0.048623614,0
test,15444,0.0386304,0
test,15445,0.20523277,0
test,15446,0.45522887,0
test,15447,0.78770196,0
test,15448,0.8730455,0
test,15449,0.13295957,0
test,15450,0.31813294,0
test,15451,0.63597226,0
test,15452,0.7758933,0
test,15453,0.4233265,0
test,15454,0.08508847,0
test,15455,0.03322059,0
test,15456,0.7976576,0
test,15457,0.04191882,0
test,15458,0.21728994,0
test,15459,0.4101248,0
test,15460,0.005235605,0
test,15461,0.18082945,0
test,15462,0.6670426,0
test,15463,0.5356076,0
test,15464,0.33008862,0
test,15465,0.0006215561,0
test,15466,0.8215558,0
test,15467,0.37601638,0
test,15468,0.46459714,0
test,15469,0.00073306524,0
test,15470,0.6139147,0
test,15471,0.0012686284,0
test,15472,0.0031867796,0
test,15473,0.020443782,0
test,15474,0.16399784,0
test,15475,0.00057952467,0
test,15476,0.0061165835,0
test,15477,0.009098306,0
test,15478,0.3771604,0
test,15479,0.8080473,0
test,15480,0.8284254,0
test,15481,0.039586525,0
test,15482,0.021101609,0
test,15483,0.00020861418,0
test,15484,0.05881545,0
test,15485,0.19108133,0
test,15486,0.066772036,0
test,15487,0.16661029,0
test,15488,0.73735493,0
test,15489,0.4614968,0
test,15490,0.007616837,0
test,15491,0.682469,0
test,15492,0.12714419,0
test,15493,0.34957838,0
test,15494,0.28389028,0
test,15495,0.49001062,0
test,15496,0.119654596,0
test,15497,0.0851662,0
test,15498,0.4799246,0
test,15499,0.0012569425,0
test,15500,0.0003907648,0
test,15501,0.0021053527,0
test,15502,0.44494563,0
test,15503,0.21801057,0
test,15504,0.5200505,0
test,15505,0.18155864,0
test,15506,0.08444222,0
test,15507,0.0077521172,0
test,15508,0.4242752,0
test,15509,0.10617461,0
test,15510,0.00068787084,0
test,15511,0.15024915,0
test,15512,0.37039816,0
test,15513,0.11584949,0
test,15514,0.73678184,0
test,15515,0.0019734737,0
test,15516,0.034735408,0
test,15517,0.13393517,0
test,15518,0.0016899365,0
test,15519,0.26001143,0
test,15520,0.49688685,0
test,15521,0.30397823,0
test,15522,0.0045139575,0
test,15523,0.0010584055,0
test,15524,0.25643894,0
test,15525,0.2860251,0
test,15526,0.4818121,0
test,15527,0.6083572,0
test,15528,0.13212052,0
test,15529,0.60846406,0
test,15530,0.28987652,0
test,15531,0.079055905,0
test,15532,0.28175753,0
test,15533,0.64563364,0
test,15534,0.002929026,0
test,15535,0.0008315321,0
test,15536,0.17566119,0
test,15537,0.19331166,0
test,15538,0.08899911,0
test,15539,0.00029530632,0
test,15540,0.19324985,0
test,15541,0.16975105,0
test,15542,0.07054984,0
test,15543,0.0028978887,0
test,15544,0.18697776,0
test,15545,0.6848804,0
test,15546,0.001515427,0
test,15547,0.04573795,0
test,15548,0.0015271491,0
test,15549,0.66024566,0
test,15550,0.0021681488,0
test,15551,0.5546354,0
test,15552,0.0045938743,0
test,15553,0.0031000238,0
test,15554,0.0013906367,0
test,15555,0.0023054662,0
test,15556,0.003536037,0
test,15557,0.0011198629,0
test,15558,0.35764995,0
test,15559,0.61073816,0
test,15560,0.57147205,0
test,15561,0.007823643,0
test,15562,0.5811871,0
test,15563,0.28452948,0
test,15564,0.18261674,0
test,15565,0.008591067,0
test,15566,0.68124104,0
test,15567,0.09616558,0
test,15568,0.19347258,0
test,15569,0.062467758,0
test,15570,0.0030842903,0
test,15571,0.206417,0
test,15572,0.32333684,0
test,15573,0.11541525,0
test,15574,0.15935792,0
test,15575,0.00079613033,0
test,15576,0.0011274966,0
test,15577,0.0015942301,0
test,15578,0.006926406,0
test,15579,0.0020491858,0
test,15580,0.67530715,0
test,15581,0.00036000856,0
test,15582,0.006053688,0
test,15583,0.0021823985,0
test,15584,0.011304201,0
test,15585,0.01110992,0
test,15586,0.005624825,0
test,15587,0.21732606,0
test,15588,0.009806006,0
test,15589,0.53605664,0
test,15590,0.0014496422,0
test,15591,0.0004370981,0
test,15592,0.00077662186,0
test,15593,0.004901825,0
test,15594,0.0011251656,0
test,15595,0.0035052514,0
test,15596,0.001810735,0
test,15597,0.006108753,0
test,15598,0.40284213,0
test,15599,0.00032214218,0
test,15600,0.6149254,0
test,15601,0.5472027,0
test,15602,0.17138082,0
test,15603,9.249538e-05,0
test,15604,0.00078362616,0
test,15605,0.00012539334,0
test,15606,0.42750502,0
test,15607,0.26635793,0
test,15608,0.5053102,0
test,15609,0.89776826,0
test,15610,0.47377518,0
test,15611,0.007981525,0
test,15612,0.007336778,0
test,15613,0.08556497,0
test,15614,0.109234236,0
test,15615,0.29050434,0
test,15616,0.18744098,0
test,15617,0.03577968,0
test,15618,0.327392,0
test,15619,0.04216361,0
test,15620,0.44058517,0
test,15621,0.020581597,0
test,15622,0.37453702,0
test,15623,0.0011854147,0
test,15624,0.49247408,0
test,15625,0.4875502,0
test,15626,0.0061837584,0
test,15627,0.27812976,0
test,15628,0.046267666,0
test,15629,0.40620345,0
test,15630,0.14266817,0
test,15631,0.0013257578,0
test,15632,0.45450962,0
test,15633,3.5198973e-05,0
test,15634,9.314559e-05,0
test,15635,0.5162335,0
test,15636,0.12780784,0
test,15637,0.00025816736,0
test,15638,0.7610122,0
test,15639,0.15205503,0
test,15640,0.44777992,0
test,15641,0.29921517,0
test,15642,0.43850657,0
test,15643,0.49975494,0
test,15644,0.45707884,0
test,15645,0.00046887438,0
test,15646,0.035618708,0
test,15647,0.10286672,0
test,15648,0.5259136,0
test,15649,0.07690497,0
test,15650,0.00059556286,0
test,15651,0.019633012,0
test,15652,0.29924163,0
test,15653,0.08117746,0
test,15654,0.019755801,0
test,15655,0.2602036,0
test,15656,0.00040655542,0
test,15657,0.0006611443,0
test,15658,0.23549436,0
test,15659,0.0063604563,0
test,15660,0.001598324,0
test,15661,0.38139415,0
test,15662,0.42225695,0
test,15663,0.8833119,0
test,15664,0.0026237548,0
test,15665,0.2913096,0
test,15666,0.093822144,0
test,15667,0.14738046,0
test,15668,0.18075399,0
test,15669,0.17287017,0
test,15670,0.23174313,0
test,15671,0.51907533,0
test,15672,0.5425809,0
test,15673,0.095369756,0
test,15674,0.0009512769,0
test,15675,0.2159003,0
test,15676,0.16568635,0
test,15677,0.4575787,0
test,15678,0.15301567,0
test,15679,0.45695752,0
test,15680,0.015315442,0
test,15681,0.00817955,0
test,15682,0.51933193,0
test,15683,0.58118427,0
test,15684,0.6062322,0
test,15685,0.0609506,0
test,15686,0.34729928,0
test,15687,0.45060617,0
test,15688,0.01847242,0
test,15689,0.14581521,0
test,15690,0.060634226,0
test,15691,0.3471472,0
test,15692,0.028050382,0
test,15693,0.014598127,0
test,15694,0.6368503,0
test,15695,0.119539805,0
test,15696,0.08023137,0
test,15697,0.4193467,0
test,15698,0.00028252546,0
test,15699,0.29152274,0
test,15700,0.3156544,0
test,15701,0.037803765,0
test,15702,0.0032514837,0
test,15703,0.06201301,0
test,15704,0.066851355,0
test,15705,0.000905576,0
test,15706,0.0042378204,0
test,15707,0.0012830477,0
test,15708,0.7160039,0
test,15709,0.42381883,0
test,15710,0.5215932,0
test,15711,0.0028507323,0
test,15712,0.45380425,0
test,15713,0.3524082,0
test,15714,0.2856005,0
test,15715,0.17472388,0
test,15716,0.051028315,0
test,15717,0.30958903,0
test,15718,0.6219876,0
test,15719,0.00092741946,0
test,15720,0.1775665,0
test,15721,0.0017014616,0
test,15722,0.001897153,0
test,15723,0.002585819,0
test,15724,0.1799532,0
test,15725,0.013921144,0
test,15726,0.23922788,0
test,15727,0.43986437,0
test,15728,0.59588486,0
test,15729,0.36252037,0
test,15730,0.0022730464,0
test,15731,0.7304933,0
test,15732,0.5461552,0
test,15733,0.003848053,0
test,15734,0.27481046,0
test,15735,0.010961013,0
test,15736,0.20184475,0
test,15737,0.27449736,0
test,15738,0.045483302,0
test,15739,0.005584899,0
test,15740,0.0048057577,0
test,15741,0.65030193,0
test,15742,0.013365393,0
test,15743,0.44122717,0
test,15744,0.08373649,0
test,15745,0.12016956,0
test,15746,0.40458113,0
test,15747,0.119033955,0
test,15748,0.0046083205,0
test,15749,0.5327898,0
test,15750,0.20158592,0
test,15751,0.15158921,0
test,15752,0.0028807032,0
test,15753,0.0053830277,0
test,15754,0.18301404,0
test,15755,0.49004638,0
test,15756,0.002270259,0
test,15757,0.025354568,0
test,15758,0.046722807,0
test,15759,0.47988582,0
test,15760,0.0002604828,0
test,15761,0.0054975976,0
test,15762,0.78779817,0
test,15763,0.2787084,0
test,15764,0.005842647,0
test,15765,0.33706656,0
test,15766,0.72802776,0
test,15767,0.023950767,0
test,15768,0.019459015,0
test,15769,0.06989873,0
test,15770,0.13862048,1
test,15771,0.375101,0
test,15772,0.33416873,0
test,15773,0.0075082574,0
test,15774,0.27558264,0
test,15775,0.023693718,0
test,15776,0.0076732314,0
test,15777,0.0030309805,0
test,15778,0.0050636563,0
test,15779,0.0046565114,0
test,15780,0.021802075,0
test,15781,0.001419235,0
test,15782,0.002337383,0
test,15783,0.07031526,0
test,15784,0.51527286,0
test,15785,0.15970042,0
test,15786,0.65584546,0
test,15787,0.0055320365,0
test,15788,0.0053466074,0
test,15789,0.3248379,0
test,15790,0.20169212,0
test,15791,0.30643255,0
test,15792,0.0045744223,0
test,15793,0.0037625728,0
test,15794,0.2188472,0
test,15795,0.49728066,0
test,15796,0.024772225,0
test,15797,0.47393999,0
test,15798,0.14526252,0
test,15799,0.08074473,0
test,15800,0.51140815,0
test,15801,0.00012228018,0
test,15802,0.006959125,0
test,15803,0.6028318,0
test,15804,0.0071457657,0
test,15805,0.47088498,0
test,15806,0.5751233,0
test,15807,0.67874646,0
test,15808,0.18105358,0
test,15809,0.0038913242,0
test,15810,0.5216361,0
test,15811,0.009154069,0
test,15812,0.00052523724,0
test,15813,0.008563823,0
test,15814,0.18432726,0
test,15815,0.114884585,0
test,15816,0.39412236,0
test,15817,0.004990371,0
test,15818,0.0020420894,0
test,15819,0.41267508,0
test,15820,0.0022585571,0
test,15821,0.42492548,0
test,15822,0.038247988,0
test,15823,0.6262149,0
test,15824,0.37931976,0
test,15825,0.25414336,0
test,15826,0.0025481721,0
test,15827,0.0053523867,0
test,15828,0.005214246,0
test,15829,0.0057777786,0
test,15830,0.0070029665,0
test,15831,0.010665896,0
test,15832,0.0054975087,0
test,15833,0.0047660717,0
test,15834,0.0052305963,0
test,15835,0.48395503,0
test,15836,0.59534,0
test,15837,0.00019041896,0
test,15838,0.2302239,0
test,15839,0.005786089,0
test,15840,0.0036923357,0
test,15841,0.0057593896,0
test,15842,0.011487946,0
test,15843,0.00017412411,0
test,15844,0.41225806,0
test,15845,0.0068170032,0
test,15846,0.6666245,0
test,15847,0.0014503582,0
test,15848,0.11838106,0
test,15849,0.1882998,0
test,15850,0.18225151,0
test,15851,0.14407265,0
test,15852,0.0013546584,0
test,15853,0.021529887,0
test,15854,0.29604656,0
test,15855,0.5684743,0
test,15856,0.41877663,0
test,15857,0.82677174,0
test,15858,0.46870458,0
test,15859,0.847324,0
test,15860,0.8413864,0
test,15861,0.7951022,0
test,15862,0.7877381,0
test,15863,0.8229639,0
test,15864,0.8459912,0
test,15865,0.41932926,0
test,15866,0.8199331,0
test,15867,0.3539183,0
test,15868,0.23677306,0
test,15869,0.001226581,0
test,15870,0.35106134,0
test,15871,0.116315305,0
test,15872,0.02119189,0
test,15873,0.20847887,0
test,15874,0.08069189,0
test,15875,0.7178966,0
test,15876,0.75129735,0
test,15877,0.05359103,0
test,15878,0.07227592,0
test,15879,0.23850787,0
test,15880,0.154927,0
test,15881,0.0009857012,0
test,15882,0.7415017,0
test,15883,0.6954736,0
test,15884,0.0036973434,0
test,15885,0.6447964,0
test,15886,0.4540143,0
test,15887,0.45656866,0
test,15888,0.011989574,0
test,15889,0.040767293,0
test,15890,0.10544582,0
test,15891,0.15797718,0
test,15892,0.06583059,0
test,15893,0.21385325,0
test,15894,0.44920948,0
test,15895,0.004714631,0
test,15896,0.008090372,0
test,15897,0.0029227731,0
test,15898,0.6171643,0
test,15899,0.74027026,0
test,15900,0.0002697817,0
test,15901,0.40417752,0
test,15902,0.28776443,0
test,15903,0.6625667,0
test,15904,0.42043176,0
test,15905,0.47365263,0
test,15906,0.0017102853,0
test,15907,0.3131019,0
test,15908,0.18239458,0
test,15909,0.020856729,0
test,15910,0.10577547,0
test,15911,0.0030139936,0
test,15912,0.0035394898,0
test,15913,0.4227357,0
test,15914,0.00088553905,0
test,15915,0.0020270941,0
test,15916,0.6957452,0
test,15917,0.19752191,0
test,15918,0.25255635,0
test,15919,0.79881406,0
test,15920,0.002348462,0
test,15921,0.27979884,0
test,15922,0.22351518,0
test,15923,0.4116447,0
test,15924,0.0038606783,0
test,15925,0.34186307,0
test,15926,0.0015003606,0
test,15927,0.021757642,0
test,15928,0.79316485,0
test,15929,0.008298628,0
test,15930,0.23038262,0
test,15931,0.6163796,0
test,15932,0.005891658,0
test,15933,0.00069312804,0
test,15934,0.46103105,0
test,15935,0.31015706,0
test,15936,0.5179891,0
test,15937,0.0024612818,0
test,15938,0.0026109053,0
test,15939,0.017469987,0
test,15940,0.006481842,0
test,15941,0.14203238,0
test,15942,0.004550155,0
test,15943,0.009096932,0
test,15944,0.4841012,0
test,15945,0.0145676015,0
test,15946,0.0028888613,0
test,15947,0.0007214601,0
test,15948,0.11923397,0
test,15949,0.33281237,0
test,15950,0.46104684,0
test,15951,0.49510017,0
test,15952,0.01491416,0
test,15953,0.6939378,0
test,15954,0.67701256,0
test,15955,0.000372836,0
test,15956,0.44766015,0
test,15957,0.62381005,0
test,15958,0.011618414,0
test,15959,0.39884046,0
test,15960,0.81850415,0
test,15961,0.0009978875,0
test,15962,0.25115114,0
test,15963,0.018895425,0
test,15964,0.25363603,0
test,15965,0.0009498739,0
test,15966,0.14011954,0
test,15967,0.0002370415,0
test,15968,0.0009613054,0
test,15969,0.00068923173,0
test,15970,0.0024414558,0
test,15971,0.0019116283,0
test,15972,0.0018572835,0
test,15973,0.00070727157,0
test,15974,0.00059378624,0
test,15975,0.000247116,0
test,15976,0.0005704358,0
test,15977,0.000570045,0
test,15978,0.00027214707,0
test,15979,0.42255762,0
test,15980,0.00253427,0
test,15981,0.0043312386,0
test,15982,0.4981626,0
test,15983,0.15266283,0
test,15984,0.3242578,0
test,15985,0.17977883,0
test,15986,0.423041,0
test,15987,0.1683036,0
test,15988,0.017511178,0
test,15989,0.011325255,0
test,15990,0.7622372,0
test,15991,0.012903284,0
test,15992,0.33191186,0
test,15993,0.27918297,0
test,15994,0.10197146,0
test,15995,0.6610599,0
test,15996,0.2712,0
test,15997,0.3337173,0
test,15998,0.0010223341,0
test,15999,0.00077034713,0
test,16000,0.3752927,0
test,16001,0.01732576,0
test,16002,0.32674608,0
test,16003,0.0026498872,0
test,16004,0.86795366,0
test,16005,0.07104333,0
test,16006,0.30256245,0
test,16007,0.7432116,0
test,16008,0.6579374,0
test,16009,0.6905675,0
test,16010,0.23293605,0
test,16011,0.3171449,0
test,16012,0.27386618,0
test,16013,0.18646929,0
test,16014,0.50161314,0
test,16015,0.611604,0
test,16016,0.43706778,0
test,16017,0.003584435,0
test,16018,0.23364046,0
test,16019,0.35850456,0
test,16020,0.33707777,0
test,16021,0.42756766,0
test,16022,0.5265815,0
test,16023,0.37676445,0
test,16024,0.067992255,0
test,16025,0.00795407,0
test,16026,0.3771599,0
test,16027,0.018056221,0
test,16028,0.26798823,0
test,16029,0.48841652,0
test,16030,0.312893,0
test,16031,0.79070246,0
test,16032,0.017299235,0
test,16033,0.0025467656,0
test,16034,0.40980682,0
test,16035,0.07469328,0
test,16036,0.0005197694,0
test,16037,0.00474068,0
test,16038,0.00068199995,0
test,16039,0.0011953379,0
test,16040,7.615998e-05,0
test,16041,0.0018075446,0
test,16042,0.008291252,0
test,16043,0.012594718,0
test,16044,0.0022933837,0
test,16045,0.11842098,0
test,16046,0.73713696,0
test,16047,0.000650895,0
test,16048,0.27895528,0
test,16049,0.09032475,0
test,16050,0.054899376,0
test,16051,0.054666266,0
test,16052,0.25772077,0
test,16053,0.36675742,0
test,16054,0.45393604,0
test,16055,0.51834995,0
test,16056,0.35601574,0
test,16057,0.1634094,0
test,16058,0.2534807,0
test,16059,0.34957707,0
test,16060,0.0008536099,0
test,16061,0.0046022744,0
test,16062,0.0023580359,0
test,16063,0.3177097,0
test,16064,0.0034462297,0
test,16065,0.003336675,0
test,16066,0.22816499,0
test,16067,0.3167075,0
test,16068,0.0020583537,0
test,16069,0.5325365,0
test,16070,0.00213918,0
test,16071,0.030475888,0
test,16072,0.7096514,0
test,16073,0.007892522,0
test,16074,0.24985838,0
test,16075,0.7675064,0
test,16076,0.5855328,0
test,16077,0.6744544,0
test,16078,0.014860766,0
test,16079,0.0019620743,0
test,16080,0.53800166,0
test,16081,0.00025107688,0
test,16082,0.6206355,0
test,16083,0.0026394164,0
test,16084,0.71614623,0
test,16085,0.305451,0
test,16086,0.03917149,0
test,16087,0.0025856174,0
test,16088,0.5532578,0
test,16089,0.0015896669,0
test,16090,0.332314,0
test,16091,0.67925495,0
test,16092,0.49679515,0
test,16093,0.03584332,0
test,16094,0.4437275,0
test,16095,0.0006689711,0
test,16096,0.0046398677,0
test,16097,0.425893,0
test,16098,0.19875719,0
test,16099,0.005327337,0
test,16100,0.33836266,0
test,16101,0.45842925,0
test,16102,0.2883174,0
test,16103,0.38897988,0
test,16104,0.31016326,0
test,16105,0.0038770516,0
test,16106,0.32156146,0
test,16107,0.7341496,0
test,16108,0.4823753,0
test,16109,0.0049022925,0
test,16110,0.5701957,0
test,16111,0.0027183213,0
test,16112,0.085800506,0
test,16113,0.5843487,1
test,16114,0.3636936,0
test,16115,0.41339335,0
test,16116,0.010319034,0
test,16117,0.7930589,0
test,16118,0.56261295,0
test,16119,0.0016379132,0
test,16120,0.78248215,0
test,16121,0.58506036,0
test,16122,0.5204499,0
test,16123,0.018265784,0
test,16124,0.46630016,0
test,16125,0.40502483,0
test,16126,0.0064668064,0
test,16127,0.777248,0
test,16128,0.7664691,0
test,16129,0.0016033103,0
test,16130,0.13633966,0
test,16131,0.4071511,0
test,16132,0.36650485,0
test,16133,0.0069807153,0
test,16134,0.0702639,0
test,16135,0.5964838,0
test,16136,0.7714628,0
test,16137,0.6516713,0
test,16138,0.6008072,0
test,16139,0.7717099,0
test,16140,0.8809229,0
test,16141,0.021641368,0
test,16142,0.11323586,0
test,16143,0.6953134,0
test,16144,0.8496369,0
test,16145,0.0046747304,0
test,16146,0.6989767,0
test,16147,0.7390479,0
test,16148,0.34298047,0
test,16149,0.005409208,0
test,16150,0.098161235,0
test,16151,0.10346977,0
test,16152,0.07966999,0
test,16153,0.044949327,0
test,16154,0.26742074,0
test,16155,0.3813446,0
test,16156,0.0035527518,0
test,16157,0.39306688,0
test,16158,0.00063544436,0
test,16159,0.5003531,0
test,16160,0.013348651,0
test,16161,0.0029098603,0
test,16162,0.00065816316,0
test,16163,0.067879505,0
test,16164,0.0020589132,0
test,16165,0.03462116,0
test,16166,0.11253917,0
test,16167,0.5154153,0
test,16168,0.0075725815,0
test,16169,0.00087030476,0
test,16170,0.0069025564,0
test,16171,0.7697381,0
test,16172,0.000254743,0
test,16173,0.0016777446,0
test,16174,0.090832606,0
test,16175,0.10065124,0
test,16176,0.0051679276,0
test,16177,0.014816224,0
test,16178,0.013756202,0
test,16179,0.018682536,0
test,16180,0.5179423,0
test,16181,0.1020075,0
test,16182,0.10059987,0
test,16183,0.57792544,0
test,16184,0.49832347,0
test,16185,0.49466085,0
test,16186,0.1677343,0
test,16187,0.041817613,0
test,16188,0.5105072,0
test,16189,0.5418181,0
test,16190,0.35610273,0
test,16191,0.005648269,0
test,16192,0.3304488,0
test,16193,0.4917088,0
test,16194,0.26479596,0
test,16195,0.0050597275,0
test,16196,0.017508835,0
test,16197,0.39887643,0
test,16198,0.4764587,0
test,16199,0.26916638,0
test,16200,0.70761406,0
test,16201,0.004959891,0
test,16202,0.0037110907,0
test,16203,0.00019970664,0
test,16204,0.00023469079,0
test,16205,0.0005223181,0
test,16206,0.00024723032,0
test,16207,0.013236603,0
test,16208,2.4254563e-05,0
test,16209,0.008740461,0
test,16210,0.0004621456,0
test,16211,0.15008262,0
test,16212,0.0013647375,0
test,16213,0.008375961,0
test,16214,0.44294515,0
test,16215,0.00028009425,0
test,16216,0.72858226,0
test,16217,0.0017606046,0
test,16218,0.11330636,0
test,16219,0.6523442,0
test,16220,0.17001744,0
test,16221,0.51609993,0
test,16222,0.31660047,0
test,16223,0.23179477,0
test,16224,0.22935785,0
test,16225,0.39514825,0
test,16226,0.0013474997,0
test,16227,0.4660664,0
test,16228,0.8479582,0
test,16229,0.3979592,0
test,16230,0.002531315,0
test,16231,0.001809062,0
test,16232,0.0018355577,0
test,16233,0.6199769,0
test,16234,0.029720658,0
test,16235,0.146122,0
test,16236,0.542727,0
test,16237,0.49164465,0
test,16238,0.7318026,0
test,16239,0.8152225,0
test,16240,0.23665774,0
test,16241,0.10504292,0
test,16242,0.5030389,0
test,16243,0.7196436,0
test,16244,0.0061663706,0
test,16245,0.10270419,0
test,16246,0.47310045,0
test,16247,0.36385062,0
test,16248,0.3821149,0
test,16249,0.335466,0
test,16250,0.493731,0
test,16251,0.61406934,0
test,16252,0.0018001427,0
test,16253,0.62061757,0
test,16254,0.0026277774,0
test,16255,0.44301462,0
test,16256,0.001713292,0
test,16257,0.0025383933,0
test,16258,0.45170438,0
test,16259,0.53780055,0
test,16260,0.0011792143,0
test,16261,0.742393,0
test,16262,0.0015316944,0
test,16263,0.791259,0
test,16264,0.4695165,0
test,16265,0.3909741,0
test,16266,0.5764252,0
test,16267,0.47365263,0
test,16268,0.13036503,0
test,16269,0.49264085,0
test,16270,0.16876704,0
test,16271,0.5327601,0
test,16272,0.007585159,0
test,16273,0.001068266,0
test,16274,0.0006735178,0
test,16275,0.009815043,0
test,16276,0.00016064613,0
test,16277,0.00013126252,0
test,16278,0.00024639774,0
test,16279,0.00020159148,0
test,16280,0.0021891638,0
test,16281,0.0004301548,0
test,16282,0.32200053,0
test,16283,0.49087134,0
test,16284,0.32745552,0
test,16285,0.116657905,0
test,16286,0.31966153,0
test,16287,0.32283518,0
test,16288,0.7008399,0
test,16289,0.0054479907,0
test,16290,0.0065753213,0
test,16291,0.010114021,0
test,16292,0.48572895,0
test,16293,0.008922526,0
test,16294,0.0117031215,0
test,16295,0.43814343,0
test,16296,0.004291039,0
test,16297,0.4716749,0
test,16298,0.52726877,0
test,16299,0.0011558242,0
test,16300,0.42954916,0
test,16301,0.19601732,0
test,16302,0.41708127,0
test,16303,0.40010437,0
test,16304,0.4860926,0
test,16305,0.23876014,0
test,16306,0.017904637,0
test,16307,0.00078679464,0
test,16308,0.0007394402,0
test,16309,0.7044288,0
test,16310,0.0014920877,0
test,16311,0.023026718,0
test,16312,0.5063046,0
test,16313,0.3357097,0
test,16314,0.7829391,0
test,16315,0.40163445,0
test,16316,0.73969376,0
test,16317,0.3797917,0
test,16318,0.00045999882,0
test,16319,0.0037574621,0
test,16320,0.5127548,0
test,16321,0.61887455,0
test,16322,0.00028160063,0
test,16323,0.0024685853,0
test,16324,0.0002705503,0
test,16325,0.5381961,0
test,16326,0.0010716985,0
test,16327,0.1495434,0
test,16328,0.68906367,0
test,16329,0.0010151747,0
test,16330,0.002392391,0
test,16331,0.76184475,0
test,16332,0.3910914,0
test,16333,0.1306543,0
test,16334,0.0018785695,0
test,16335,0.7491479,0
test,16336,0.016048856,0
test,16337,0.5827404,0
test,16338,0.37342474,0
test,16339,0.10977642,0
test,16340,0.48755,0
test,16341,0.44017363,0
test,16342,0.00027001355,0
test,16343,0.00029951925,0
test,16344,0.00077257206,0
test,16345,0.0004976296,0
test,16346,0.00053038483,0
test,16347,0.059287634,0
test,16348,0.0052010403,0
test,16349,0.2795213,0
test,16350,0.005279787,0
test,16351,0.6578826,0
test,16352,0.9368936,0
test,16353,0.26287568,0
test,16354,0.55292654,0
test,16355,0.6994393,0
test,16356,0.5054898,0
test,16357,0.0031234112,0
test,16358,0.7752389,0
test,16359,0.50117934,0
test,16360,0.8618078,0
test,16361,0.41446835,0
test,16362,0.3177082,0
test,16363,0.29405063,0
test,16364,0.27465034,0
test,16365,0.40001637,0
test,16366,9.933377e-05,0
test,16367,0.001941425,0
test,16368,0.5006051,0
test,16369,0.6994213,0
test,16370,0.4960595,0
test,16371,0.5965558,0
test,16372,0.34321862,0
test,16373,0.0009418247,0
test,16374,0.4779673,0
test,16375,0.49442238,0
test,16376,0.5817535,0
test,16377,0.3703547,0
test,16378,0.008111945,0
test,16379,0.3188744,0
test,16380,0.20050637,0
test,16381,0.004099787,0
test,16382,0.8728777,0
test,16383,0.0018977454,0
test,16384,0.73784786,0
test,16385,0.0054810545,0
test,16386,0.10142979,0
test,16387,0.5589345,0
test,16388,0.0010920151,0
test,16389,0.0009655645,0
test,16390,0.00137648,0
test,16391,0.05868643,0
test,16392,0.008485227,0
test,16393,0.35609236,0
test,16394,0.09075217,0
test,16395,0.12599961,0
test,16396,0.6710758,0
test,16397,0.44532776,0
test,16398,0.17037645,0
test,16399,0.49635017,0
test,16400,0.48493865,0
test,16401,0.017934872,0
test,16402,0.0057613016,0
test,16403,0.005580963,0
test,16404,0.5217508,0
test,16405,0.65472764,0
test,16406,0.009054399,0
test,16407,0.0038871306,0
test,16408,0.010945444,0
test,16409,0.41174084,0
test,16410,0.75762737,0
test,16411,0.5102781,0
test,16412,0.044742573,0
test,16413,0.473141,0
test,16414,0.3680986,0
test,16415,0.4262543,0
test,16416,0.0037690022,0
test,16417,2.2504568e-05,0
test,16418,0.4800196,0
test,16419,0.8023394,0
test,16420,0.80677474,0
test,16421,0.6064274,0
test,16422,0.025177002,0
test,16423,0.45752946,0
test,16424,0.7348231,0
test,16425,0.00013200523,0
test,16426,0.7391615,0
test,16427,0.6360199,0
test,16428,0.66289353,0
test,16429,0.75070214,0
test,16430,0.2370451,0
test,16431,0.29092425,0
test,16432,0.40170446,0
test,16433,0.10102563,0
test,16434,0.25703943,0
test,16435,0.012021814,0
test,16436,0.0037718837,0
test,16437,0.003589869,0
test,16438,0.4558709,0
test,16439,0.3539339,0
test,16440,0.011595903,0
test,16441,0.013405014,0
test,16442,0.47033972,0
test,16443,0.6744162,0
test,16444,0.391847,0
test,16445,0.276809,0
test,16446,0.019776784,0
test,16447,0.44180816,0
test,16448,0.5996269,0
test,16449,0.0011997513,0
test,16450,0.0034375463,0
test,16451,0.22761779,0
test,16452,0.08412469,0
test,16453,0.006659685,0
test,16454,0.0013440639,0
test,16455,0.45378277,0
test,16456,0.28207463,0
test,16457,0.03256876,0
test,16458,0.048294168,0
test,16459,0.7267244,0
test,16460,0.14125088,0
test,16461,0.40487134,0
test,16462,0.110931054,0
test,16463,0.05036964,0
test,16464,0.29347306,0
test,16465,0.086229265,0
test,16466,0.25914088,0
test,16467,0.00097362173,0
test,16468,0.0015144425,0
test,16469,0.0047783093,0
test,16470,0.0044105696,0
test,16471,0.0008808747,0
test,16472,0.016478103,0
test,16473,0.001107122,0
test,16474,0.0023831541,0
test,16475,0.00030821317,0
test,16476,0.7656327,0
test,16477,0.77957547,0
test,16478,0.0003277327,0
test,16479,0.23869424,0
test,16480,0.00036198413,0
test,16481,0.00033655507,0
test,16482,0.008616549,0
test,16483,0.07865424,0
test,16484,0.013054628,0
test,16485,0.0043823114,0
test,16486,0.45518678,0
test,16487,0.78186727,0
test,16488,0.33015338,0
test,16489,0.006259219,0
test,16490,0.4168949,0
test,16491,0.0009928017,0
test,16492,0.7803294,0
test,16493,0.3271937,0
test,16494,0.00058415637,0
test,16495,0.4562605,0
test,16496,0.030781735,0
test,16497,0.3096252,0
test,16498,0.75824404,0
test,16499,0.0037752667,0
test,16500,0.80827916,0
test,16501,0.08682242,0
test,16502,0.09128258,0
test,16503,0.0008746427,0
test,16504,0.00074788084,0
test,16505,0.30708915,0
test,16506,0.29660526,0
test,16507,0.44677812,0
test,16508,0.0017012785,0
test,16509,0.75811183,0
test,16510,0.0014165357,0
test,16511,0.20538132,0
test,16512,0.32144138,0
test,16513,0.4048371,0
test,16514,0.8281549,0
test,16515,0.6342883,0
test,16516,0.0698713,0
test,16517,0.29100153,0
test,16518,0.41152138,0
test,16519,0.0002948871,0
test,16520,0.044033684,0
test,16521,0.00018388573,0
test,16522,0.13534965,0
test,16523,0.0003834301,0
test,16524,0.52306056,0
test,16525,0.0006213715,0
test,16526,0.74618936,0
test,16527,0.57105887,0
test,16528,0.010082279,0
test,16529,0.38899696,0
test,16530,0.3801609,0
test,16531,0.00065540744,0
test,16532,0.40509716,0
test,16533,0.00056968135,0
test,16534,0.005402161,0
test,16535,0.0036480627,0
test,16536,0.70984876,0
test,16537,0.8131155,0
test,16538,0.20155182,0
test,16539,0.39937887,0
test,16540,0.46776107,0
test,16541,0.12646826,0
test,16542,0.0031767376,0
test,16543,0.29933187,0
test,16544,0.36157,0
test,16545,0.5111321,0
test,16546,0.79858446,0
test,16547,0.51589996,0
test,16548,0.26205736,0
test,16549,0.45891377,0
test,16550,0.12108092,0
test,16551,0.5361458,0
test,16552,0.43633392,0
test,16553,0.0028652726,0
test,16554,0.39404598,0
test,16555,0.005045553,0
test,16556,0.16386998,0
test,16557,0.42641568,0
test,16558,0.021560576,0
test,16559,0.44329542,0
test,16560,0.29324818,0
test,16561,0.25097707,0
test,16562,0.73101324,0
test,16563,0.46521193,0
test,16564,0.82034934,0
test,16565,0.3180862,0
test,16566,0.40515733,0
test,16567,0.054409474,0
test,16568,0.5128971,0
test,16569,0.11529909,0
test,16570,0.00465816,0
test,16571,0.6148702,0
test,16572,0.43634436,0
test,16573,0.0023152162,0
test,16574,0.0031290534,0
test,16575,0.012516434,0
test,16576,0.5675111,0
test,16577,0.22814606,0
test,16578,0.11964896,0
test,16579,0.8097419,0
test,16580,0.41261473,0
test,16581,0.8646338,0
test,16582,0.6300701,0
test,16583,0.3790862,0
test,16584,0.010633654,0
test,16585,0.46119645,0
test,16586,0.38680226,0
test,16587,0.5133477,0
test,16588,0.02626372,0
test,16589,0.4423603,0
test,16590,0.35072157,0
test,16591,0.017815491,0
test,16592,0.46944427,0
test,16593,0.0007651458,0
test,16594,0.4933879,0
test,16595,0.24998315,0
test,16596,0.57531226,0
test,16597,0.7830359,0
test,16598,0.06294064,0
test,16599,0.2260106,0
test,16600,0.19065216,0
test,16601,0.12816907,0
test,16602,0.48462588,0
test,16603,0.001491192,0
test,16604,0.00041608114,0
test,16605,0.5236653,0
test,16606,0.0009777155,0
test,16607,0.8658031,0
test,16608,0.41451716,0
test,16609,0.47495994,0
test,16610,0.27842456,0
test,16611,0.3408839,0
test,16612,0.5781278,0
test,16613,0.00042946628,0
test,16614,0.5928962,0
test,16615,0.0026659607,0
test,16616,0.26680797,0
test,16617,0.3520973,0
test,16618,0.054526538,0
test,16619,0.36403427,0
test,16620,0.008368495,0
test,16621,0.39407992,0
test,16622,0.485837,0
test,16623,0.034497242,0
test,16624,0.16709562,0
test,16625,0.39288405,0
test,16626,0.5517018,0
test,16627,0.49034923,0
test,16628,0.11286213,0
test,16629,0.042022824,0
test,16630,0.46747047,0
test,16631,5.292305e-05,0
test,16632,0.18426572,0
test,16633,0.014765958,0
test,16634,0.32163027,0
test,16635,0.4255956,0
test,16636,0.0013574809,0
test,16637,0.090666465,0
test,16638,0.43229088,0
test,16639,0.021189233,0
test,16640,0.76423365,0
test,16641,0.0072331196,0
test,16642,0.67612207,0
test,16643,0.039346438,0
test,16644,0.9451909,0
test,16645,0.03033379,0
test,16646,0.20399082,0
test,16647,0.76261675,0
test,16648,0.028196424,0
test,16649,0.42794767,0
test,16650,0.017537575,0
test,16651,0.026042324,0
test,16652,0.74734294,0
test,16653,0.2711457,0
test,16654,0.10708777,0
test,16655,0.04992716,0
test,16656,0.011404317,0
test,16657,0.15136185,0
test,16658,0.062530816,0
test,16659,0.106680185,0
test,16660,0.021206664,0
test,16661,0.24105051,0
test,16662,0.50164306,0
test,16663,0.3925509,0
test,16664,0.002136399,0
test,16665,0.5151293,0
test,16666,0.0026928934,0
test,16667,0.8366351,0
test,16668,0.28106454,0
test,16669,0.42564356,0
test,16670,0.0028098822,0
test,16671,0.8017123,0
test,16672,0.71042985,0
test,16673,0.00034295145,0
test,16674,0.0040560598,0
test,16675,0.002860465,0
test,16676,0.72950983,0
test,16677,0.0024478098,0
test,16678,0.68665993,0
test,16679,0.16448458,0
test,16680,0.43005008,0
test,16681,0.008134956,0
test,16682,0.51492876,0
test,16683,0.45067346,0
test,16684,0.38097534,0
test,16685,0.30248874,0
test,16686,0.043677308,0
test,16687,0.0014463789,0
test,16688,0.7942771,0
test,16689,0.40326285,0
test,16690,0.41953748,0
test,16691,0.17217597,0
test,16692,0.65066016,0
test,16693,0.42394754,0
test,16694,0.012751093,0
test,16695,0.008129653,0
test,16696,0.3123709,0
test,16697,0.48496893,0
test,16698,0.502277,0
test,16699,0.14107645,0
test,16700,0.47974962,0
test,16701,0.48180982,0
test,16702,0.0018958958,0
test,16703,0.38571885,0
test,16704,0.8473365,0
test,16705,0.8422632,0
test,16706,0.52096355,0
test,16707,0.038639493,0
test,16708,0.054341804,0
test,16709,0.26154414,0
test,16710,0.46559,0
test,16711,0.5393164,0
test,16712,0.7079709,0
test,16713,0.28934714,0
test,16714,0.5162014,0
test,16715,0.27728122,0
test,16716,0.5468844,0
test,16717,0.00027067805,0
test,16718,0.011218698,0
test,16719,0.0014627152,0
test,16720,0.0021653879,0
test,16721,0.022424847,0
test,16722,0.6153676,0
test,16723,0.7278048,0
test,16724,0.0039476263,0
test,16725,0.31615746,0
test,16726,0.40069026,0
test,16727,0.004684663,0
test,16728,0.0024886492,0
test,16729,0.22248372,0
test,16730,0.06499197,0
test,16731,4.821962e-05,0
test,16732,0.048852004,0
test,16733,0.0031597367,0
test,16734,3.5140878e-05,0
test,16735,0.7498634,0
test,16736,0.40584725,0
test,16737,0.33090702,0
test,16738,0.004711189,0
test,16739,0.88848865,0
test,16740,0.006263284,0
test,16741,0.4954397,0
test,16742,0.775431,0
test,16743,0.32430613,0
test,16744,0.24904653,0
test,16745,0.79673195,0
test,16746,0.66559124,0
test,16747,0.0016446766,0
test,16748,0.011761149,0
test,16749,0.000683577,0
test,16750,0.34291404,0
test,16751,0.0016888025,0
test,16752,0.013700169,0
test,16753,0.005122366,0
test,16754,0.791052,0
test,16755,0.74819064,0
test,16756,0.3655868,0
test,16757,0.01813009,0
test,16758,0.0004764998,0
test,16759,0.4130389,0
test,16760,0.47234514,0
test,16761,0.22531179,0
test,16762,0.005238288,0
test,16763,0.46929783,0
test,16764,0.40979666,0
test,16765,0.48665628,0
test,16766,0.2843379,0
test,16767,0.5518695,0
test,16768,0.09682949,0
test,16769,0.5459132,0
test,16770,0.48736525,0
test,16771,0.3152602,0
test,16772,0.80054986,0
test,16773,0.37137443,0
test,16774,0.7504827,0
test,16775,0.00022570774,0
test,16776,0.36707187,0
test,16777,0.365388,0
test,16778,0.5011078,0
test,16779,0.052655715,0
test,16780,0.43577173,0
test,16781,0.011799803,0
test,16782,0.24294919,0
test,16783,0.61172605,0
test,16784,0.07259255,0
test,16785,0.68973345,0
test,16786,0.5396435,0
test,16787,0.7333213,0
test,16788,0.23626065,0
test,16789,0.38083637,0
test,16790,0.19164015,0
test,16791,0.32267338,0
test,16792,0.6608614,0
test,16793,0.6105873,0
test,16794,0.5086236,0
test,16795,0.19767645,0
test,16796,0.16228846,0
test,16797,0.0049743312,0
test,16798,0.7114793,0
test,16799,0.67852175,0
test,16800,0.42657924,0
test,16801,0.5007831,0
test,16802,0.32165036,0
test,16803,0.0038565723,0
test,16804,0.5365099,0
test,16805,0.3257851,0
test,16806,0.0018917676,0
test,16807,0.48466393,0
test,16808,0.0063468255,0
test,16809,0.0014890041,0
test,16810,0.11041049,0
test,16811,0.014893975,0
test,16812,0.38937524,0
test,16813,0.51836205,0
test,16814,0.50872326,0
test,16815,0.42951936,0
test,16816,0.52528906,0
test,16817,0.31964344,0
test,16818,0.43180743,0
test,16819,0.12592612,0
test,16820,0.33008403,0
test,16821,0.42897546,0
test,16822,0.0015531421,0
test,16823,0.07044753,0
test,16824,0.00568525,0
test,16825,0.012201486,0
test,16826,0.0053745946,0
test,16827,0.012521125,0
test,16828,0.007859007,0
test,16829,0.5870476,0
test,16830,0.0021884325,0
test,16831,0.45746088,0
test,16832,0.038225982,0
test,16833,0.010230693,0
test,16834,0.6163207,0
test,16835,0.5502504,0
test,16836,0.5853646,0
test,16837,0.0057359827,0
test,16838,0.46160683,0
test,16839,0.78997445,0
test,16840,0.35409036,0
test,16841,0.7528807,0
test,16842,0.5062516,0
test,16843,0.56555724,0
test,16844,0.42437732,0
test,16845,0.6702304,0
test,16846,0.0004975456,0
test,16847,0.61357117,0
test,16848,0.9098847,0
test,16849,0.47322547,0
test,16850,0.48213813,0
test,16851,0.63497376,0
test,16852,0.00044471025,0
test,16853,0.020959139,0
test,16854,0.25759754,0
test,16855,0.51057243,0
test,16856,0.51303434,0
test,16857,0.78773427,0
test,16858,0.60862076,0
test,16859,0.59239876,0
test,16860,0.57967234,0
test,16861,0.40496948,0
test,16862,0.32096052,0
test,16863,0.6420258,0
test,16864,0.5458853,0
test,16865,0.7875775,0
test,16866,0.0059371227,0
test,16867,0.36832258,0
test,16868,0.63339794,0
test,16869,0.49872625,0
test,16870,0.6000507,0
test,16871,0.100575194,0
test,16872,0.007199832,0
test,16873,0.008288728,0
test,16874,0.21160522,0
test,16875,0.39837334,0
test,16876,0.016837278,0
test,16877,0.7003429,0
test,16878,0.69697046,0
test,16879,0.100282684,0
test,16880,0.71107215,0
test,16881,0.31450206,0
test,16882,0.2551793,0
test,16883,0.21358924,0
test,16884,0.12885469,0
test,16885,0.00062533334,0
test,16886,0.005295519,0
test,16887,0.8174896,0
test,16888,0.0010768931,0
test,16889,0.4421453,0
test,16890,0.0020065277,0
test,16891,0.38180345,0
test,16892,0.7243551,0
test,16893,0.7552555,0
test,16894,0.09414521,0
test,16895,0.011361571,0
test,16896,0.0025291184,0
test,16897,0.013022609,0
test,16898,0.3836771,0
test,16899,0.119125634,0
test,16900,0.006868287,0
test,16901,0.79459506,0
test,16902,0.6520121,0
test,16903,0.0049367417,0
test,16904,0.005409496,0
test,16905,0.0034068027,0
test,16906,0.47953615,0
test,16907,0.20131345,0
test,16908,0.4915849,0
test,16909,0.13685365,0
test,16910,0.1574623,0
test,16911,0.56590986,0
test,16912,0.0012217574,0
test,16913,0.21325459,0
test,16914,0.00046273018,0
test,16915,0.0030482886,0
test,16916,0.118771814,0
test,16917,0.45589843,0
test,16918,0.65883905,0
test,16919,1.9052288e-05,0
test,16920,0.0004798108,0
test,16921,0.0005263905,0
test,16922,0.0012641692,0
test,16923,0.00016783878,0
test,16924,0.40166962,0
test,16925,0.001182018,0
test,16926,0.049876925,0
test,16927,0.0446667,0
test,16928,0.4422252,0
test,16929,0.18821566,0
test,16930,0.0074768397,0
test,16931,0.76354104,0
test,16932,0.055168778,0
test,16933,0.47185996,0
test,16934,0.57672304,0
test,16935,0.0012876164,0
test,16936,0.44705105,0
test,16937,0.1659784,0
test,16938,0.46222553,0
test,16939,0.44397703,0
test,16940,0.33092728,0
test,16941,0.5072024,0
test,16942,0.3979754,0
test,16943,0.22183442,0
test,16944,0.5381944,0
test,16945,0.00062304595,0
test,16946,0.060363576,0
test,16947,0.03382734,0
test,16948,0.0009582986,0
test,16949,0.003443095,0
test,16950,0.42967802,0
test,16951,0.00072920107,0
test,16952,0.00056625385,0
test,16953,0.6006791,0
test,16954,0.49996927,0
test,16955,0.005210478,0
test,16956,0.0010659294,0
test,16957,0.017220402,0
test,16958,0.7196728,0
test,16959,0.08102188,0
test,16960,0.43813986,0
test,16961,0.02129515,0
test,16962,0.06660686,0
test,16963,8.967285e-05,0
test,16964,0.000434995,0
test,16965,0.41631484,0
test,16966,0.42425355,0
test,16967,0.356054,0
test,16968,0.16004074,0
test,16969,0.0051705022,0
test,16970,0.030397346,0
test,16971,0.0024962197,0
test,16972,0.0016819462,0
test,16973,0.008500955,0
test,16974,0.073702455,0
test,16975,0.46272066,0
test,16976,0.5233281,0
test,16977,0.06950574,0
test,16978,0.7396283,0
test,16979,0.357221,0
test,16980,0.8212457,0
test,16981,0.0034785096,0
test,16982,0.16207035,0
test,16983,0.15788105,0
test,16984,0.7125733,0
test,16985,0.4609348,0
test,16986,0.37915882,0
test,16987,0.5779282,0
test,16988,0.7542235,0
test,16989,0.011373049,0
test,16990,0.016712356,0
test,16991,0.18696444,0
test,16992,0.7730417,0
test,16993,0.3776232,0
test,16994,0.0009318925,0
test,16995,0.00411352,0
test,16996,0.0061403792,0
test,16997,0.43019155,0
test,16998,0.17421566,0
test,16999,0.0038339677,0
test,17000,0.8612172,0
test,17001,0.0091652,0
test,17002,0.47251648,0
test,17003,0.48413342,0
test,17004,0.50145555,0
test,17005,0.7888448,0
test,17006,0.76917434,0
test,17007,0.33469832,0
test,17008,0.27795488,0
test,17009,0.20277017,0
test,17010,0.5385927,0
test,17011,0.26611328,0
test,17012,0.4529252,0
test,17013,0.005187232,0
test,17014,0.7662133,0
test,17015,0.6598285,0
test,17016,0.33693388,0
test,17017,0.14657375,0
test,17018,0.7676799,0
test,17019,0.76099336,0
test,17020,0.0011428102,0
test,17021,0.75131696,0
test,17022,0.73554206,0
test,17023,0.6228608,0
test,17024,0.05194008,0
test,17025,0.7141298,0
test,17026,0.40073282,0
test,17027,0.00013143435,0
test,17028,0.0063634105,0
test,17029,0.625227,0
test,17030,0.3991006,0
test,17031,0.0008398551,0
test,17032,0.001198247,0
test,17033,0.011598094,0
test,17034,0.00092174276,0
test,17035,0.14499223,0
test,17036,0.6441364,0
test,17037,0.3461975,0
test,17038,0.029513685,0
test,17039,0.28234592,0
test,17040,0.5339217,0
test,17041,0.6776798,0
test,17042,0.0093386695,0
test,17043,0.012686898,0
test,17044,0.17338572,0
test,17045,0.41489154,0
test,17046,0.8697934,0
test,17047,0.032555994,0
test,17048,0.36094,0
test,17049,0.0071639246,0
test,17050,0.5729592,0
test,17051,0.37751046,0
test,17052,0.033146985,0
test,17053,0.21602933,0
test,17054,0.5687835,0
test,17055,0.005005115,0
test,17056,0.0010455287,0
test,17057,0.66730464,0
test,17058,0.030587012,0
test,17059,0.665742,0
test,17060,0.22171108,0
test,17061,0.51214254,0
test,17062,0.41729036,0
test,17063,0.0010251466,0
test,17064,0.0072542354,0
test,17065,0.77219176,0
test,17066,0.523189,0
test,17067,0.34028158,0
test,17068,0.47645238,0
test,17069,0.3159285,0
test,17070,0.07011173,0
test,17071,0.367196,0
test,17072,0.0031582685,0
test,17073,0.024786342,0
test,17074,0.002244296,0
test,17075,0.020197708,0
test,17076,0.36744314,0
test,17077,0.016601846,0
test,17078,0.0025699954,0
test,17079,0.8237356,0
test,17080,0.028089922,0
test,17081,0.6172143,0
test,17082,0.00028554353,0
test,17083,0.0018929701,0
test,17084,0.38371184,0
test,17085,0.0012168967,0
test,17086,0.0151623385,0
test,17087,0.3956189,0
test,17088,0.24642079,0
test,17089,0.48044083,0
test,17090,0.5154148,0
test,17091,0.65504426,0
test,17092,0.33729932,0
test,17093,0.33909246,0
test,17094,0.39457303,0
test,17095,0.002378178,0
test,17096,0.5472839,0
test,17097,0.33669946,0
test,17098,0.030575017,0
test,17099,0.38895994,0
test,17100,0.0029871787,0
test,17101,0.03529139,0
test,17102,0.0459834,0
test,17103,0.74226755,0
test,17104,0.9248995,0
test,17105,0.055241108,0
test,17106,0.4773648,0
test,17107,0.5973635,0
test,17108,0.55722564,0
test,17109,0.00025141294,0
test,17110,0.025980536,0
test,17111,0.3755321,0
test,17112,0.42656618,0
test,17113,0.8524911,0
test,17114,0.1259005,0
test,17115,0.5703993,0
test,17116,0.0015679484,0
test,17117,0.534035,0
test,17118,0.014055047,0
test,17119,0.43616408,0
test,17120,0.31790015,0
test,17121,0.00042242164,0
test,17122,0.5904404,0
test,17123,0.8099212,0
test,17124,0.81947565,0
test,17125,0.0016543301,0
test,17126,0.017134128,0
test,17127,0.40154448,0
test,17128,0.09170831,0
test,17129,0.04473313,0
test,17130,0.43275446,0
test,17131,0.00639899,0
test,17132,0.0051537137,0
test,17133,0.58700085,0
test,17134,0.5481031,0
test,17135,0.020239668,0
test,17136,0.004750168,0
test,17137,0.7303939,0
test,17138,0.44555998,0
test,17139,0.48184717,0
test,17140,0.13605267,0
test,17141,0.430181,0
test,17142,0.016089749,0
test,17143,0.45123917,0
test,17144,0.011853316,0
test,17145,0.23918873,0
test,17146,0.84319055,0
test,17147,0.60085857,0
test,17148,0.018036297,0
test,17149,0.002910504,0
test,17150,0.39290172,0
test,17151,0.0002222514,0
test,17152,0.5245211,0
test,17153,0.00086684694,0
test,17154,0.0643154,0
test,17155,0.34985977,0
test,17156,0.3721961,0
test,17157,0.012833604,0
test,17158,0.71004575,0
test,17159,0.0044640973,0
test,17160,0.5316678,0
test,17161,0.46355793,0
test,17162,0.8000874,0
test,17163,0.44393513,0
test,17164,0.78882897,0
test,17165,0.002313819,0
test,17166,0.0004602471,0
test,17167,0.35279104,0
test,17168,0.21570213,0
test,17169,0.59530663,0
test,17170,0.7827258,0
test,17171,0.0066672717,0
test,17172,0.0365208,0
test,17173,0.5865639,0
test,17174,0.50919414,0
test,17175,0.4139762,0
test,17176,0.24988514,0
test,17177,0.42043492,0
test,17178,0.20463023,0
test,17179,0.25962844,0
test,17180,0.67757726,0
test,17181,0.015995668,0
test,17182,0.0016134835,0
test,17183,0.75895685,0
test,17184,0.19265717,0
test,17185,0.2971314,0
test,17186,0.8173941,0
test,17187,0.38644028,0
test,17188,0.0016604417,0
test,17189,0.18634379,0
test,17190,0.0024977066,0
test,17191,0.37903935,0
test,17192,0.004629599,0
test,17193,0.3397891,0
test,17194,0.0016658737,0
test,17195,0.06697081,0
test,17196,0.52535266,0
test,17197,0.0022668096,0
test,17198,0.76507187,0
test,17199,0.26538125,0
test,17200,0.017100105,0
test,17201,0.5908108,0
test,17202,0.41584098,0
test,17203,0.0115564065,0
test,17204,0.0060839774,0
test,17205,0.38934052,0
test,17206,0.0037173403,0
test,17207,0.6951637,0
test,17208,0.0015428537,0
test,17209,0.024802903,0
test,17210,0.009305137,0
test,17211,0.47088528,0
test,17212,0.22644794,0
test,17213,0.7689028,0
test,17214,0.70852554,0
test,17215,0.48791546,0
test,17216,0.6358999,0
test,17217,0.59858185,0
test,17218,0.53041434,0
test,17219,0.0045137755,0
test,17220,0.0032242122,0
test,17221,0.730373,0
test,17222,0.002087237,0
test,17223,0.57283264,0
test,17224,0.5280684,0
test,17225,0.16003537,0
test,17226,0.0022356745,0
test,17227,0.00075593207,0
test,17228,0.15607828,0
test,17229,0.19146638,0
test,17230,0.6042149,0
test,17231,0.037487444,0
test,17232,0.050529607,0
test,17233,0.41789553,0
test,17234,0.6315334,0
test,17235,0.79737157,0
test,17236,0.0024388605,0
test,17237,0.0026061523,0
test,17238,0.633044,0
test,17239,0.0025481263,0
test,17240,0.0033508705,0
test,17241,0.0019512028,0
test,17242,0.6374122,0
test,17243,0.31970486,0
test,17244,0.7942806,0
test,17245,0.8020244,0
test,17246,0.012934576,0
test,17247,0.7494545,0
test,17248,0.8854923,0
test,17249,0.49820012,0
test,17250,0.013826948,0
test,17251,0.80171704,0
test,17252,0.36095253,0
test,17253,0.7569988,0
test,17254,0.07067075,0
test,17255,0.8336805,0
test,17256,0.8338972,0
test,17257,0.0030840484,0
test,17258,0.8082305,0
test,17259,0.79147387,0
test,17260,0.024751604,0
test,17261,0.55050004,0
test,17262,0.0008794268,0
test,17263,0.4316509,0
test,17264,0.47022143,0
test,17265,0.16486849,0
test,17266,0.16822621,0
test,17267,0.083245285,0
test,17268,0.5377473,0
test,17269,0.0006399665,0
test,17270,0.08401396,0
test,17271,0.030140491,0
test,17272,0.3131517,0
test,17273,0.5219196,0
test,17274,0.0018673544,0
test,17275,0.4786024,0
test,17276,0.0009876902,0
test,17277,0.0011981095,0
test,17278,0.0033229233,0
test,17279,0.0031989673,0
test,17280,0.0011592446,0
test,17281,0.0029628288,0
test,17282,0.42941308,0
test,17283,0.116553284,0
test,17284,0.46788177,0
test,17285,0.8300107,0
test,17286,0.004509317,0
test,17287,0.0017569795,0
test,17288,0.5965729,0
test,17289,0.006457359,0
test,17290,0.04239242,0
test,17291,4.3414697e-05,0
test,17292,0.55766875,0
test,17293,0.0017911462,0
test,17294,0.9210776,0
test,17295,0.0005787342,0
test,17296,0.0023926173,0
test,17297,0.4243312,0
test,17298,0.5171082,0
test,17299,0.62903345,0
test,17300,0.5174435,0
test,17301,0.6249392,0
test,17302,0.36254594,0
test,17303,0.85105443,0
test,17304,0.5357062,0
test,17305,0.023315715,0
test,17306,0.00076320325,0
test,17307,0.7667855,0
test,17308,0.4743979,0
test,17309,0.0056372564,0
test,17310,0.73780584,0
test,17311,0.6060174,0
test,17312,0.040724266,0
test,17313,0.78126174,0
test,17314,0.5378488,0
test,17315,0.83013207,0
test,17316,0.0015919154,0
test,17317,0.4184079,0
test,17318,0.04065524,0
test,17319,0.029558131,0
test,17320,0.8557823,0
test,17321,0.7295053,0
test,17322,0.36626926,0
test,17323,0.0053072646,0
test,17324,0.55601645,0
test,17325,0.49014166,0
test,17326,0.36941978,0
test,17327,0.00022843588,0
test,17328,0.84073156,0
test,17329,0.0026516926,0
test,17330,0.43176872,0
test,17331,0.15966655,0
test,17332,0.30050093,0
test,17333,0.78485,0
test,17334,0.4945552,0
test,17335,0.3633166,0
test,17336,0.13923651,0
test,17337,0.39741883,0
test,17338,0.009255049,0
test,17339,0.4338949,0
test,17340,0.41623303,0
test,17341,0.8055775,0
test,17342,0.08878061,0
test,17343,0.0363115,0
test,17344,0.48348218,0
test,17345,0.42495,0
test,17346,0.0011498064,0
test,17347,0.39879,0
test,17348,0.00020691588,0
test,17349,0.066280134,0
test,17350,0.034385446,0
test,17351,0.457087,0
test,17352,0.0068247174,0
test,17353,0.011272573,0
test,17354,0.30651492,0
test,17355,0.0025858018,0
test,17356,0.4853391,0
test,17357,0.71522194,0
test,17358,0.7841758,0
test,17359,0.004384411,0
test,17360,0.4832943,0
test,17361,0.05983535,0
test,17362,0.003232652,0
test,17363,0.14183526,0
test,17364,0.34115896,0
test,17365,0.62842226,0
test,17366,0.31918302,0
test,17367,0.51066583,0
test,17368,0.31519467,0
test,17369,0.04399716,0
test,17370,0.7574824,0
test,17371,0.64665157,0
test,17372,0.4885035,0
test,17373,0.0025304134,0
test,17374,0.4037895,0
test,17375,0.38386178,0
test,17376,0.44606304,0
test,17377,0.40142447,0
test,17378,0.013205001,0
test,17379,0.55510104,0
test,17380,0.14851896,0
test,17381,0.3616449,0
test,17382,0.001953534,0
test,17383,0.3225543,0
test,17384,0.00069398293,0
test,17385,0.0022652335,0
test,17386,0.00032800593,0
test,17387,0.00094340986,0
test,17388,0.00048378707,0
test,17389,0.0006178776,0
test,17390,0.00062606233,0
test,17391,0.00045279082,0
test,17392,0.30297142,0
test,17393,0.3361371,0
test,17394,0.84539104,0
test,17395,0.4014696,0
test,17396,0.0016517885,0
test,17397,0.001131834,0
test,17398,0.4097189,0
test,17399,0.4249427,0
test,17400,0.1985842,0
test,17401,0.009681379,0
test,17402,0.4400901,0
test,17403,0.00089910923,0
test,17404,0.6822492,0
test,17405,0.6121452,0
test,17406,0.19549458,0
test,17407,0.0031952292,0
test,17408,0.45921826,0
test,17409,0.52382636,0
test,17410,0.8716011,0
test,17411,0.5387412,0
test,17412,0.38941047,0
test,17413,0.79613364,0
test,17414,0.5174578,0
test,17415,0.47919026,0
test,17416,0.29197288,0
test,17417,0.09955812,0
test,17418,0.16392523,0
test,17419,0.33587363,0
test,17420,0.1468522,0
test,17421,0.76343644,0
test,17422,0.087625094,0
test,17423,0.45615047,0
test,17424,0.38002548,0
test,17425,0.033178184,0
test,17426,0.0001891923,0
test,17427,0.017306395,0
test,17428,0.0010134841,0
test,17429,0.27874845,0
test,17430,0.0036387774,0
test,17431,0.692327,0
test,17432,0.013996807,0
test,17433,0.07677096,0
test,17434,0.54931307,0
test,17435,0.6074755,0
test,17436,0.18211672,0
test,17437,0.47118077,0
test,17438,0.007961144,0
test,17439,0.00979533,0
test,17440,0.6863812,0
test,17441,0.0074000643,0
test,17442,0.8388195,0
test,17443,0.34853464,0
test,17444,0.59028125,0
test,17445,0.47249252,0
test,17446,0.70929444,0
test,17447,0.76561195,0
test,17448,0.023529982,0
test,17449,0.3628246,0
test,17450,0.18638138,0
test,17451,0.34500122,0
test,17452,0.7921679,0
test,17453,0.82320035,0
test,17454,0.34271577,0
test,17455,0.0071956883,0
test,17456,0.2898091,0
test,17457,0.49219242,0
test,17458,0.34973094,0
test,17459,0.30871096,0
test,17460,0.0379722,0
test,17461,0.0012807731,0
test,17462,0.02234045,0
test,17463,0.41349623,0
test,17464,0.00013355176,0
test,17465,0.011524869,0
test,17466,0.28006366,0
test,17467,0.6724709,0
test,17468,0.52511203,0
test,17469,0.0014795561,0
test,17470,0.5396503,0
test,17471,0.50666875,0
test,17472,0.24704213,0
test,17473,0.48999318,0
test,17474,0.3077382,0
test,17475,0.34355804,0
test,17476,0.5731282,0
test,17477,0.28490075,0
test,17478,0.47555548,0
test,17479,0.2297266,0
test,17480,0.59325683,0
test,17481,0.0083182715,0
test,17482,0.46581274,0
test,17483,0.44470248,0
test,17484,0.44428736,0
test,17485,0.010612304,0
test,17486,0.49219167,0
test,17487,0.0011598836,0
test,17488,0.45409587,0
test,17489,0.3747334,0
test,17490,0.4858842,0
test,17491,0.8708571,0
test,17492,0.020350628,0
test,17493,0.0011807778,0
test,17494,0.0017305746,0
test,17495,0.004944351,0
test,17496,0.0013231158,0
test,17497,0.000484695,0
test,17498,0.0038004846,0
test,17499,0.005986382,0
test,17500,0.00281224,0
test,17501,0.002739886,0
test,17502,0.0026244451,0
test,17503,0.07558235,0
test,17504,0.030056518,0
test,17505,0.7694159,0
test,17506,0.3208865,0
test,17507,0.5955318,0
test,17508,0.012388252,0
test,17509,0.54598165,0
test,17510,0.297273,0
test,17511,0.420785,0
test,17512,0.064543545,0
test,17513,0.0014919356,0
test,17514,0.124977455,0
test,17515,0.3246511,0
test,17516,0.3979604,0
test,17517,0.044874582,0
test,17518,0.46091497,0
test,17519,0.035450332,0
test,17520,0.36494452,0
test,17521,0.7593061,0
test,17522,0.19234899,0
test,17523,0.47743312,0
test,17524,0.30545843,0
test,17525,0.1743893,0
test,17526,0.49239552,0
test,17527,0.84915155,0
test,17528,0.59401834,0
test,17529,0.68760026,0
test,17530,0.0002745258,0
test,17531,0.009279027,0
test,17532,0.47531044,0
test,17533,0.005832759,0
test,17534,0.08964412,0
test,17535,0.46882516,0
test,17536,0.021930845,0
test,17537,0.00480345,0
test,17538,0.66761315,0
test,17539,0.39522716,0
test,17540,0.518101,0
test,17541,0.035156235,0
test,17542,0.32178986,0
test,17543,0.86342466,0
test,17544,0.5902981,0
test,17545,0.0042214165,0
test,17546,0.39368063,0
test,17547,0.5183235,0
test,17548,0.4246901,0
test,17549,0.7087115,0
test,17550,0.2666027,0
test,17551,0.8242881,0
test,17552,0.04089749,0
test,17553,0.034171455,0
test,17554,0.39131516,0
test,17555,0.23961641,0
test,17556,0.014701348,0
test,17557,0.2565424,0
test,17558,0.45541078,0
test,17559,0.06999072,0
test,17560,0.5804075,0
test,17561,0.00658695,0
test,17562,0.48387656,0
test,17563,0.0038805925,0
test,17564,0.5035112,0
test,17565,0.29823115,0
test,17566,0.034749463,0
test,17567,0.49205658,0
test,17568,0.0110565545,0
test,17569,0.0159476,0
test,17570,0.0037814393,0
test,17571,0.0037112213,0
test,17572,0.80207795,0
test,17573,0.7417481,0
test,17574,0.0037597711,0
test,17575,0.0028040614,0
test,17576,0.7440119,0
test,17577,0.00620019,0
test,17578,0.12127902,0
test,17579,0.5368288,0
test,17580,0.89926535,0
test,17581,0.4743389,0
test,17582,0.0023308161,0
test,17583,0.2518904,0
test,17584,0.43089026,0
test,17585,0.42882362,0
test,17586,0.0015362955,0
test,17587,0.00019927183,0
test,17588,0.5144434,0
test,17589,0.6249931,0
test,17590,0.0038290718,0
test,17591,0.00035143946,0
test,17592,0.4120616,0
test,17593,0.5977057,0
test,17594,0.000105023886,0
test,17595,0.43011245,0
test,17596,0.17032614,0
test,17597,0.30888373,0
test,17598,0.0006066056,0
test,17599,0.00212006,0
test,17600,0.547311,0
test,17601,0.0010149562,0
test,17602,0.41960543,0
test,17603,0.48252484,0
test,17604,0.8089465,0
test,17605,0.7568143,0
test,17606,0.0077116564,0
test,17607,0.012619932,0
test,17608,0.76683754,0
test,17609,0.0076964376,0
test,17610,0.0064185555,0
test,17611,0.6369815,0
test,17612,0.47894388,0
test,17613,0.7630216,0
test,17614,0.5211332,0
test,17615,0.8005308,0
test,17616,0.39302102,0
test,17617,0.46461716,0
test,17618,0.45910817,0
test,17619,0.5248363,0
test,17620,0.81764716,0
test,17621,0.46961075,0
test,17622,0.28850096,0
test,17623,0.4317705,0
test,17624,0.018369688,0
test,17625,0.209063,0
test,17626,0.0055028847,0
test,17627,0.0007933015,0
test,17628,0.19910747,0
test,17629,0.028593779,0
test,17630,0.11140056,0
test,17631,0.45813534,0
test,17632,0.013407115,0
test,17633,0.008384434,0
test,17634,0.5641356,0
test,17635,0.52045095,0
test,17636,0.28099206,0
test,17637,0.0042791143,0
test,17638,0.7672903,0
test,17639,0.090841085,0
test,17640,0.15452556,0
test,17641,0.5354142,0
test,17642,0.05848398,0
test,17643,0.049920104,0
test,17644,0.8191544,0
test,17645,0.06433471,0
test,17646,0.4251623,0
test,17647,0.007847676,0
test,17648,0.007538218,0
test,17649,0.011155286,0
test,17650,0.51401556,0
test,17651,0.7063345,0
test,17652,0.56750476,0
test,17653,0.006321495,0
test,17654,0.00021843439,0
test,17655,0.14364971,0
test,17656,0.4823816,0
test,17657,0.4452058,0
test,17658,0.54687643,0
test,17659,0.0028244187,0
test,17660,0.5106034,0
test,17661,0.00913064,0
test,17662,0.8931006,0
test,17663,0.11884957,0
test,17664,0.20129637,0
test,17665,0.0024328656,0
test,17666,0.51475,0
test,17667,0.26377437,0
test,17668,0.26925525,0
test,17669,0.033105813,0
test,17670,0.8482708,0
test,17671,0.50882953,0
test,17672,0.0001254894,0
test,17673,0.22665964,0
test,17674,0.7662527,0
test,17675,0.0055371784,0
test,17676,0.33037806,0
test,17677,0.004329039,0
test,17678,0.9003698,0
test,17679,0.0001950488,0
test,17680,0.0084557105,0
test,17681,0.37376598,0
test,17682,0.09278634,0
test,17683,0.67598855,0
test,17684,0.00025581344,0
test,17685,0.8866564,0
test,17686,0.012083633,0
test,17687,0.0010553508,0
test,17688,0.03944475,0
test,17689,0.5320591,0
test,17690,0.39407396,0
test,17691,0.001955436,0
test,17692,0.6669585,0
test,17693,0.6949918,0
test,17694,0.2864666,0
test,17695,0.0030369633,0
test,17696,0.2827017,0
test,17697,0.44135627,0
test,17698,0.31166846,0
test,17699,0.4158606,0
test,17700,0.41586283,0
test,17701,0.45833808,0
test,17702,0.25953728,0
test,17703,0.36657602,0
test,17704,0.24034889,0
test,17705,0.42469156,0
test,17706,0.60780275,0
test,17707,0.36313996,0
test,17708,0.000113305985,0
test,17709,0.0031443676,0
test,17710,0.06897387,0
test,17711,0.18494442,0
test,17712,0.6122449,0
test,17713,0.5433476,0
test,17714,0.28881067,0
test,17715,0.38729995,0
test,17716,0.000531502,0
test,17717,0.49147472,0
test,17718,0.39964217,0
test,17719,0.8466318,0
test,17720,0.38985854,0
test,17721,0.37958768,0
test,17722,0.12618002,0
test,17723,0.5101514,0
test,17724,0.015456999,0
test,17725,0.37503177,0
test,17726,0.003690796,0
test,17727,0.00016508262,0
test,17728,0.55422777,0
test,17729,0.43812537,0
test,17730,0.0012216136,0
test,17731,0.46268064,0
test,17732,0.4835751,0
test,17733,0.16964068,0
test,17734,0.0005994973,0
test,17735,0.3094482,0
test,17736,0.5253848,0
test,17737,0.008243337,0
test,17738,0.2866041,0
test,17739,0.114025064,0
test,17740,0.8566237,0
test,17741,0.09731024,0
test,17742,0.3900684,0
test,17743,0.84945136,0
test,17744,0.012945765,0
test,17745,0.059994396,0
test,17746,0.041321915,0
test,17747,0.031810474,0
test,17748,0.6927955,0
test,17749,0.5899452,0
test,17750,0.0015288194,0
test,17751,0.00099195,0
test,17752,0.0037481189,0
test,17753,0.008092627,0
test,17754,0.421376,0
test,17755,0.8398732,0
test,17756,0.8051413,0
test,17757,0.7284596,0
test,17758,0.67570454,0
test,17759,0.00846799,0
test,17760,0.025234295,0
test,17761,0.09447676,0
test,17762,0.8391869,0
test,17763,0.82544893,0
test,17764,0.079233736,0
test,17765,0.028274208,0
test,17766,0.017527513,0
test,17767,0.001986371,0
test,17768,0.03180075,0
test,17769,0.00038712498,0
test,17770,0.80676454,0
test,17771,0.9032369,0
test,17772,0.51637006,0
test,17773,0.52491295,0
test,17774,0.30529505,0
test,17775,0.33857197,0
test,17776,0.5653518,0
test,17777,0.26169595,0
test,17778,0.0031038977,0
test,17779,0.60851455,0
test,17780,0.20908594,0
test,17781,0.009060631,0
test,17782,0.7271132,0
test,17783,0.79220736,0
test,17784,0.759,0
test,17785,0.0175582,0
test,17786,0.0016306898,0
test,17787,0.40285513,0
test,17788,0.022626828,0
test,17789,0.0022688184,0
test,17790,0.0023683244,0
test,17791,0.0011542569,0
test,17792,0.0008870794,0
test,17793,0.43970683,0
test,17794,0.00031791197,0
test,17795,0.0008664679,0
test,17796,0.001910316,0
test,17797,0.14606994,0
test,17798,0.00080170564,0
test,17799,0.40680495,0
test,17800,0.00044030248,0
test,17801,0.5000768,0
test,17802,0.10280735,0
test,17803,0.017195651,0
test,17804,0.090310976,0
test,17805,0.0013286247,0
test,17806,0.0022197254,0
test,17807,0.53634286,0
test,17808,0.40226004,0
test,17809,0.43336982,0
test,17810,0.040011335,0
test,17811,0.5496825,0
test,17812,0.34199393,0
test,17813,0.573503,0
test,17814,0.0015465316,0
test,17815,0.6843469,0
test,17816,0.6208943,0
test,17817,0.0006155458,0
test,17818,0.15122241,0
test,17819,0.063252605,0
test,17820,0.5770364,0
test,17821,0.3008126,0
test,17822,0.23140141,0
test,17823,0.0033230057,0
test,17824,0.3533841,0
test,17825,0.02598413,0
test,17826,0.8253918,0
test,17827,0.7196933,0
test,17828,0.3301895,0
test,17829,0.39246857,0
test,17830,0.2087401,0
test,17831,0.35909653,0
test,17832,0.2865839,0
test,17833,0.28187364,0
test,17834,0.14343078,0
test,17835,0.23252787,0
test,17836,0.22040842,0
test,17837,0.13356027,0
test,17838,0.24423936,0
test,17839,0.00200361,0
test,17840,0.20542957,0
test,17841,0.21094859,0
test,17842,0.5151211,0
test,17843,0.27164719,0
test,17844,0.21302961,0
test,17845,0.58813065,0
test,17846,0.39963686,0
test,17847,0.33007193,0
test,17848,0.29126644,0
test,17849,0.49553174,0
test,17850,0.21605702,0
test,17851,0.0045261336,0
test,17852,0.552345,0
test,17853,0.6747799,0
test,17854,0.14995843,0
test,17855,0.011316208,0
test,17856,0.8381362,0
test,17857,0.42970762,0
test,17858,0.36674705,0
test,17859,0.48659417,0
test,17860,0.019154953,0
test,17861,0.30441964,0
test,17862,0.5328727,0
test,17863,0.020335024,0
test,17864,0.022639636,0
test,17865,0.06252059,0
test,17866,0.39667538,0
test,17867,0.00042226302,0
